ISO-10303-21;
HEADER;
FILE_DESCRIPTION(('STEP AP214'),'2;1');
FILE_NAME('Open CASCADE Shape Model','2026-10-08T07:52:31',(''),(''),
  'Open CASCADE STEP processor 7.6','SolidWorks 2024','Unknown');
FILE_SCHEMA(('AUTOMOTIVE_DESIGN_CC2 { 1 2 10303 214 -1 1 5 4 }'));
ENDSEC;
DATA;
#1 = APPLICATION_PROTOCOL_DEFINITION('committee draft',
  'automotive_design',1997,#2);
#2 = APPLICATION_CONTEXT(
  'core data for automotive mechanical design processes');
#3 = SHAPE_DEFINITION_REPRESENTATION(#4,#10);
#4 = PRODUCT_DEFINITION_SHAPE('','',#5);
#5 = PRODUCT_DEFINITION('design','',#6,#9);
#6 = PRODUCT_DEFINITION_FORMATION('','',#7);
#7 = PRODUCT('Gaer Assembly with arm','Gaer Assembly with arm','',(#8));
#8 = MECHANICAL_CONTEXT('',#2,'mechanical');
#9 = PRODUCT_DEFINITION_CONTEXT('part definition',#2,'design');
#10 = SHAPE_REPRESENTATION('',(#11,#15,#19,#23,#27,#31,#35,#39,#43),#47
  );
#11 = AXIS2_PLACEMENT_3D('',#12,#13,#14);
#12 = CARTESIAN_POINT('',(0.,0.,0.));
#13 = DIRECTION('',(0.,0.,1.));
#14 = DIRECTION('',(1.,0.,-0.));
#15 = AXIS2_PLACEMENT_3D('',#16,#17,#18);
#16 = CARTESIAN_POINT('',(28.925442435894,-34.47199994035,10.));
#17 = DIRECTION('',(-0.730840321226,-0.682548478037,-1.846061373151E-16)
  );
#18 = DIRECTION('',(3.064469261169E-16,-5.766276517092E-17,-1.));
#19 = AXIS2_PLACEMENT_3D('',#20,#21,#22);
#20 = CARTESIAN_POINT('',(-4.644490776392E-14,5.582991729832E-14,10.));
#21 = DIRECTION('',(0.907517808576,0.42001360349,1.285328950515E-16));
#22 = DIRECTION('',(3.281345726623E-16,-4.029752175711E-16,-1.));
#23 = AXIS2_PLACEMENT_3D('',#24,#25,#26);
#24 = CARTESIAN_POINT('',(-25.,19.38949519736,10.));
#25 = DIRECTION('',(2.242248573984E-16,1.061925697011E-17,1.));
#26 = DIRECTION('',(1.387778780781E-16,-1.,1.061925697011E-17));
#27 = AXIS2_PLACEMENT_3D('',#28,#29,#30);
#28 = CARTESIAN_POINT('',(16.069690242164,-19.15111107797,-3.));
#29 = DIRECTION('',(-0.,0.,1.));
#30 = DIRECTION('',(0.642787609687,-0.766044443119,0.));
#31 = AXIS2_PLACEMENT_3D('',#32,#33,#34);
#32 = CARTESIAN_POINT('',(-3.930309757836,55.848888922026,-15.));
#33 = DIRECTION('',(0.,0.,1.));
#34 = DIRECTION('',(1.,0.,0.));
#35 = AXIS2_PLACEMENT_3D('',#36,#37,#38);
#36 = CARTESIAN_POINT('',(-27.5,3.72281323269,5.));
#37 = DIRECTION('',(1.,-1.110223024625E-16,-2.036917690747E-32));
#38 = DIRECTION('',(-2.036917690747E-32,5.349641056055E-48,-1.));
#39 = AXIS2_PLACEMENT_3D('',#40,#41,#42);
#40 = CARTESIAN_POINT('',(-6.848850538733E-13,7.145599760853E-14,4.5));
#41 = DIRECTION('',(1.,-0.,0.));
#42 = DIRECTION('',(0.,0.,-1.));
#43 = AXIS2_PLACEMENT_3D('',#44,#45,#46);
#44 = CARTESIAN_POINT('',(28.925442435894,-34.47199994035,5.));
#45 = DIRECTION('',(1.,5.551115123126E-17,-4.009248492577E-16));
#46 = DIRECTION('',(-4.009248492577E-16,4.856212612892E-16,-1.));
#47 = ( GEOMETRIC_REPRESENTATION_CONTEXT(3) 
GLOBAL_UNCERTAINTY_ASSIGNED_CONTEXT((#51)) GLOBAL_UNIT_ASSIGNED_CONTEXT(
(#48,#49,#50)) REPRESENTATION_CONTEXT('Context #1',
  '3D Context with UNIT and UNCERTAINTY') );
#48 = ( LENGTH_UNIT() NAMED_UNIT(*) SI_UNIT(.MILLI.,.METRE.) );
#49 = ( NAMED_UNIT(*) PLANE_ANGLE_UNIT() SI_UNIT($,.RADIAN.) );
#50 = ( NAMED_UNIT(*) SI_UNIT($,.STERADIAN.) SOLID_ANGLE_UNIT() );
#51 = UNCERTAINTY_MEASURE_WITH_UNIT(LENGTH_MEASURE(1.E-07),#48,
  'distance_accuracy_value','confusion accuracy');
#52 = PRODUCT_TYPE('part',$,(#7));
#53 = ADVANCED_BREP_SHAPE_REPRESENTATION('',(#11,#54),#3636);
#54 = MANIFOLD_SOLID_BREP('',#55);
#55 = CLOSED_SHELL('',(#56,#98,#140,#182,#224,#264,#1138,#1170,#1202,
    #1234,#1266,#1291,#1316,#1348,#1380,#1412,#1444,#1476,#1508,#1540,
    #1572,#1604,#1636,#1668,#1700,#1732,#1764,#1796,#1828,#1860,#2508,
    #2525,#2542,#2554,#2571,#2588,#2600,#2617,#2634,#2646,#2663,#2680,
    #2692,#2709,#2726,#2738,#2755,#2772,#2784,#2801,#2818,#2830,#2847,
    #2864,#2876,#2893,#2910,#2922,#2939,#2956,#2968,#2985,#3002,#3014,
    #3031,#3048,#3060,#3077,#3094,#3106,#3123,#3140,#3152,#3169,#3186,
    #3198,#3215,#3232,#3244,#3261,#3278,#3290,#3307,#3324,#3336,#3353,
    #3370,#3382,#3399,#3416,#3428,#3445,#3462,#3474,#3496,#3513,#3525,
    #3542,#3554,#3566,#3578,#3595,#3607,#3624));
#56 = ADVANCED_FACE('',(#57),#93,.F.);
#57 = FACE_BOUND('',#58,.F.);
#58 = EDGE_LOOP('',(#59,#69,#78,#86));
#59 = ORIENTED_EDGE('',*,*,#60,.T.);
#60 = EDGE_CURVE('',#61,#63,#65,.T.);
#61 = VERTEX_POINT('',#62);
#62 = CARTESIAN_POINT('',(10.,0.,10.));
#63 = VERTEX_POINT('',#64);
#64 = CARTESIAN_POINT('',(0.,0.,10.));
#65 = LINE('',#66,#67);
#66 = CARTESIAN_POINT('',(50.0000508,0.,10.));
#67 = VECTOR('',#68,1.);
#68 = DIRECTION('',(-1.,0.,0.));
#69 = ORIENTED_EDGE('',*,*,#70,.F.);
#70 = EDGE_CURVE('',#71,#63,#73,.T.);
#71 = VERTEX_POINT('',#72);
#72 = CARTESIAN_POINT('',(0.,1.224646799147E-15,-10.));
#73 = CIRCLE('',#74,10.);
#74 = AXIS2_PLACEMENT_3D('',#75,#76,#77);
#75 = CARTESIAN_POINT('',(0.,0.,0.));
#76 = DIRECTION('',(-1.,-0.,-0.));
#77 = DIRECTION('',(0.,0.,-1.));
#78 = ORIENTED_EDGE('',*,*,#79,.F.);
#79 = EDGE_CURVE('',#80,#71,#82,.T.);
#80 = VERTEX_POINT('',#81);
#81 = CARTESIAN_POINT('',(10.,1.224646799147E-15,-10.));
#82 = LINE('',#83,#84);
#83 = CARTESIAN_POINT('',(50.0000508,1.224646799147E-15,-10.));
#84 = VECTOR('',#85,1.);
#85 = DIRECTION('',(-1.,0.,0.));
#86 = ORIENTED_EDGE('',*,*,#87,.F.);
#87 = EDGE_CURVE('',#61,#80,#88,.T.);
#88 = CIRCLE('',#89,10.);
#89 = AXIS2_PLACEMENT_3D('',#90,#91,#92);
#90 = CARTESIAN_POINT('',(10.,0.,0.));
#91 = DIRECTION('',(1.,0.,-0.));
#92 = DIRECTION('',(0.,0.,1.));
#93 = CYLINDRICAL_SURFACE('',#94,10.);
#94 = AXIS2_PLACEMENT_3D('',#95,#96,#97);
#95 = CARTESIAN_POINT('',(50.0000508,0.,0.));
#96 = DIRECTION('',(-1.,0.,0.));
#97 = DIRECTION('',(0.,0.,1.));
#98 = ADVANCED_FACE('',(#99),#135,.T.);
#99 = FACE_BOUND('',#100,.T.);
#100 = EDGE_LOOP('',(#101,#112,#120,#129));
#101 = ORIENTED_EDGE('',*,*,#102,.T.);
#102 = EDGE_CURVE('',#103,#105,#107,.T.);
#103 = VERTEX_POINT('',#104);
#104 = CARTESIAN_POINT('',(10.,-0.666563357043,28.116099823593));
#105 = VERTEX_POINT('',#106);
#106 = CARTESIAN_POINT('',(10.,0.,28.123999999986));
#107 = CIRCLE('',#108,28.123999999986);
#108 = AXIS2_PLACEMENT_3D('',#109,#110,#111);
#109 = CARTESIAN_POINT('',(10.,0.,0.));
#110 = DIRECTION('',(-1.,0.,0.));
#111 = DIRECTION('',(0.,1.,3.491481338843E-15));
#112 = ORIENTED_EDGE('',*,*,#113,.T.);
#113 = EDGE_CURVE('',#105,#114,#116,.T.);
#114 = VERTEX_POINT('',#115);
#115 = CARTESIAN_POINT('',(0.,0.,28.123999999986));
#116 = LINE('',#117,#118);
#117 = CARTESIAN_POINT('',(10.,0.,28.123999999986));
#118 = VECTOR('',#119,1.);
#119 = DIRECTION('',(-1.,0.,0.));
#120 = ORIENTED_EDGE('',*,*,#121,.F.);
#121 = EDGE_CURVE('',#122,#114,#124,.T.);
#122 = VERTEX_POINT('',#123);
#123 = CARTESIAN_POINT('',(0.,-0.666563357043,28.116099823593));
#124 = CIRCLE('',#125,28.123999999986);
#125 = AXIS2_PLACEMENT_3D('',#126,#127,#128);
#126 = CARTESIAN_POINT('',(0.,0.,0.));
#127 = DIRECTION('',(-1.,0.,0.));
#128 = DIRECTION('',(0.,1.,3.491481338843E-15));
#129 = ORIENTED_EDGE('',*,*,#130,.F.);
#130 = EDGE_CURVE('',#103,#122,#131,.T.);
#131 = LINE('',#132,#133);
#132 = CARTESIAN_POINT('',(10.,-0.666563357043,28.116099823593));
#133 = VECTOR('',#134,1.);
#134 = DIRECTION('',(-1.,0.,0.));
#135 = CYLINDRICAL_SURFACE('',#136,28.123999999986);
#136 = AXIS2_PLACEMENT_3D('',#137,#138,#139);
#137 = CARTESIAN_POINT('',(10.,0.,0.));
#138 = DIRECTION('',(-1.,0.,0.));
#139 = DIRECTION('',(0.,0.,1.));
#140 = ADVANCED_FACE('',(#141),#177,.T.);
#141 = FACE_BOUND('',#142,.T.);
#142 = EDGE_LOOP('',(#143,#154,#162,#171));
#143 = ORIENTED_EDGE('',*,*,#144,.T.);
#144 = EDGE_CURVE('',#145,#147,#149,.T.);
#145 = VERTEX_POINT('',#146);
#146 = CARTESIAN_POINT('',(10.,-30.51661681628,7.809359646398));
#147 = VERTEX_POINT('',#148);
#148 = CARTESIAN_POINT('',(10.,-27.91885566588,8.093915267056));
#149 = CIRCLE('',#150,11.999999999994);
#150 = AXIS2_PLACEMENT_3D('',#151,#152,#153);
#151 = CARTESIAN_POINT('',(10.,-27.91885566588,-3.906084732938));
#152 = DIRECTION('',(-1.,0.,0.));
#153 = DIRECTION('',(0.,0.309016994375,0.951056516295));
#154 = ORIENTED_EDGE('',*,*,#155,.T.);
#155 = EDGE_CURVE('',#147,#156,#158,.T.);
#156 = VERTEX_POINT('',#157);
#157 = CARTESIAN_POINT('',(0.,-27.91885566588,8.093915267056));
#158 = LINE('',#159,#160);
#159 = CARTESIAN_POINT('',(10.,-27.91885566588,8.093915267056));
#160 = VECTOR('',#161,1.);
#161 = DIRECTION('',(-1.,0.,0.));
#162 = ORIENTED_EDGE('',*,*,#163,.T.);
#163 = EDGE_CURVE('',#156,#164,#166,.T.);
#164 = VERTEX_POINT('',#165);
#165 = CARTESIAN_POINT('',(0.,-30.51661681628,7.809359646398));
#166 = CIRCLE('',#167,11.999999999994);
#167 = AXIS2_PLACEMENT_3D('',#168,#169,#170);
#168 = CARTESIAN_POINT('',(0.,-27.91885566588,-3.906084732938));
#169 = DIRECTION('',(1.,0.,0.));
#170 = DIRECTION('',(0.,0.,-1.));
#171 = ORIENTED_EDGE('',*,*,#172,.T.);
#172 = EDGE_CURVE('',#164,#145,#173,.T.);
#173 = LINE('',#174,#175);
#174 = CARTESIAN_POINT('',(5.,-30.51661681628,7.809359646398));
#175 = VECTOR('',#176,1.);
#176 = DIRECTION('',(1.,-0.,-0.));
#177 = CYLINDRICAL_SURFACE('',#178,11.999999999994);
#178 = AXIS2_PLACEMENT_3D('',#179,#180,#181);
#179 = CARTESIAN_POINT('',(10.,-27.91885566588,-3.906084732938));
#180 = DIRECTION('',(-1.,0.,0.));
#181 = DIRECTION('',(0.,0.,1.));
#182 = ADVANCED_FACE('',(#183),#219,.T.);
#183 = FACE_BOUND('',#184,.T.);
#184 = EDGE_LOOP('',(#185,#196,#204,#213));
#185 = ORIENTED_EDGE('',*,*,#186,.T.);
#186 = EDGE_CURVE('',#187,#189,#191,.T.);
#187 = VERTEX_POINT('',#188);
#188 = CARTESIAN_POINT('',(10.,-28.91925362526,12.487064096755));
#189 = VERTEX_POINT('',#190);
#190 = CARTESIAN_POINT('',(10.,-28.18617449955,12.509476902523));
#191 = CIRCLE('',#192,11.999999999994);
#192 = AXIS2_PLACEMENT_3D('',#193,#194,#195);
#193 = CARTESIAN_POINT('',(10.,-28.18617449955,0.509476902529));
#194 = DIRECTION('',(-1.,0.,0.));
#195 = DIRECTION('',(0.,0.45399049974,0.891006524188));
#196 = ORIENTED_EDGE('',*,*,#197,.T.);
#197 = EDGE_CURVE('',#189,#198,#200,.T.);
#198 = VERTEX_POINT('',#199);
#199 = CARTESIAN_POINT('',(0.,-28.18617449955,12.509476902523));
#200 = LINE('',#201,#202);
#201 = CARTESIAN_POINT('',(10.,-28.18617449955,12.509476902523));
#202 = VECTOR('',#203,1.);
#203 = DIRECTION('',(-1.,0.,0.));
#204 = ORIENTED_EDGE('',*,*,#205,.T.);
#205 = EDGE_CURVE('',#198,#206,#208,.T.);
#206 = VERTEX_POINT('',#207);
#207 = CARTESIAN_POINT('',(0.,-28.91925362526,12.487064096755));
#208 = CIRCLE('',#209,11.999999999994);
#209 = AXIS2_PLACEMENT_3D('',#210,#211,#212);
#210 = CARTESIAN_POINT('',(0.,-28.18617449955,0.509476902529));
#211 = DIRECTION('',(1.,0.,0.));
#212 = DIRECTION('',(0.,0.,-1.));
#213 = ORIENTED_EDGE('',*,*,#214,.T.);
#214 = EDGE_CURVE('',#206,#187,#215,.T.);
#215 = LINE('',#216,#217);
#216 = CARTESIAN_POINT('',(5.,-28.91925362526,12.487064096755));
#217 = VECTOR('',#218,1.);
#218 = DIRECTION('',(1.,-0.,-0.));
#219 = CYLINDRICAL_SURFACE('',#220,11.999999999994);
#220 = AXIS2_PLACEMENT_3D('',#221,#222,#223);
#221 = CARTESIAN_POINT('',(10.,-28.18617449955,0.509476902529));
#222 = DIRECTION('',(-1.,0.,0.));
#223 = DIRECTION('',(0.,0.,1.));
#224 = ADVANCED_FACE('',(#225),#259,.F.);
#225 = FACE_BOUND('',#226,.T.);
#226 = EDGE_LOOP('',(#227,#237,#245,#253));
#227 = ORIENTED_EDGE('',*,*,#228,.F.);
#228 = EDGE_CURVE('',#229,#231,#233,.T.);
#229 = VERTEX_POINT('',#230);
#230 = CARTESIAN_POINT('',(10.,200.,2.849599308756));
#231 = VERTEX_POINT('',#232);
#232 = CARTESIAN_POINT('',(0.,200.,2.849599308756));
#233 = LINE('',#234,#235);
#234 = CARTESIAN_POINT('',(0.,200.,2.849599308756));
#235 = VECTOR('',#236,1.);
#236 = DIRECTION('',(-1.,-0.,-0.));
#237 = ORIENTED_EDGE('',*,*,#238,.T.);
#238 = EDGE_CURVE('',#229,#239,#241,.T.);
#239 = VERTEX_POINT('',#240);
#240 = CARTESIAN_POINT('',(10.,200.,-30.51661681628));
#241 = LINE('',#242,#243);
#242 = CARTESIAN_POINT('',(10.,200.,0.));
#243 = VECTOR('',#244,1.);
#244 = DIRECTION('',(0.,0.,-1.));
#245 = ORIENTED_EDGE('',*,*,#246,.F.);
#246 = EDGE_CURVE('',#247,#239,#249,.T.);
#247 = VERTEX_POINT('',#248);
#248 = CARTESIAN_POINT('',(0.,200.,-30.51661681628));
#249 = LINE('',#250,#251);
#250 = CARTESIAN_POINT('',(0.,200.,-30.51661681628));
#251 = VECTOR('',#252,1.);
#252 = DIRECTION('',(1.,0.,0.));
#253 = ORIENTED_EDGE('',*,*,#254,.F.);
#254 = EDGE_CURVE('',#231,#247,#255,.T.);
#255 = LINE('',#256,#257);
#256 = CARTESIAN_POINT('',(0.,200.,0.));
#257 = VECTOR('',#258,1.);
#258 = DIRECTION('',(0.,0.,-1.));
#259 = PLANE('',#260);
#260 = AXIS2_PLACEMENT_3D('',#261,#262,#263);
#261 = CARTESIAN_POINT('',(0.,200.,0.));
#262 = DIRECTION('',(0.,-1.,0.));
#263 = DIRECTION('',(0.,-0.,-1.));
#264 = ADVANCED_FACE('',(#265,#1123),#1133,.F.);
#265 = FACE_BOUND('',#266,.T.);
#266 = EDGE_LOOP('',(#267,#277,#286,#295,#304,#313,#322,#329,#330,#339,
    #348,#357,#366,#375,#384,#393,#402,#411,#420,#429,#438,#447,#456,
    #465,#474,#483,#492,#501,#510,#519,#528,#537,#546,#555,#564,#573,
    #582,#589,#590,#599,#608,#617,#624,#625,#634,#643,#652,#661,#670,
    #679,#688,#697,#706,#715,#724,#733,#742,#751,#760,#769,#778,#787,
    #796,#805,#814,#823,#832,#841,#850,#859,#868,#877,#886,#895,#904,
    #913,#922,#931,#940,#949,#958,#967,#976,#985,#994,#1003,#1012,#1021,
    #1030,#1039,#1048,#1057,#1066,#1075,#1084,#1093,#1102,#1108,#1109,
    #1117));
#267 = ORIENTED_EDGE('',*,*,#268,.F.);
#268 = EDGE_CURVE('',#269,#271,#273,.T.);
#269 = VERTEX_POINT('',#270);
#270 = CARTESIAN_POINT('',(10.,6.896063724113,30.735879767984));
#271 = VERTEX_POINT('',#272);
#272 = CARTESIAN_POINT('',(10.,250.,30.735879767984));
#273 = LINE('',#274,#275);
#274 = CARTESIAN_POINT('',(10.,-5.522233592602E-16,30.735879767984));
#275 = VECTOR('',#276,1.);
#276 = DIRECTION('',(0.,1.,1.796673345383E-17));
#277 = ORIENTED_EDGE('',*,*,#278,.F.);
#278 = EDGE_CURVE('',#279,#269,#281,.T.);
#279 = VERTEX_POINT('',#280);
#280 = CARTESIAN_POINT('',(10.,5.056683890941,27.665670496598));
#281 = CIRCLE('',#282,11.999999999994);
#282 = AXIS2_PLACEMENT_3D('',#283,#284,#285);
#283 = CARTESIAN_POINT('',(10.,16.155242216992,23.102557186247));
#284 = DIRECTION('',(-1.,0.,-0.));
#285 = DIRECTION('',(0.,0.987688340595,-0.15643446504));
#286 = ORIENTED_EDGE('',*,*,#287,.F.);
#287 = EDGE_CURVE('',#288,#279,#290,.T.);
#288 = VERTEX_POINT('',#289);
#289 = CARTESIAN_POINT('',(10.,3.739970178902,27.874217460947));
#290 = CIRCLE('',#291,28.123999999986);
#291 = AXIS2_PLACEMENT_3D('',#292,#293,#294);
#292 = CARTESIAN_POINT('',(10.,0.,0.));
#293 = DIRECTION('',(-1.,0.,-0.));
#294 = DIRECTION('',(0.,0.987688340595,-0.15643446504));
#295 = ORIENTED_EDGE('',*,*,#296,.F.);
#296 = EDGE_CURVE('',#297,#288,#299,.T.);
#297 = VERTEX_POINT('',#298);
#298 = CARTESIAN_POINT('',(10.,2.939362843768,31.362559622449));
#299 = CIRCLE('',#300,11.999999999994);
#300 = AXIS2_PLACEMENT_3D('',#301,#302,#303);
#301 = CARTESIAN_POINT('',(10.,-8.225465598728,26.964081948356));
#302 = DIRECTION('',(-1.,0.,-0.));
#303 = DIRECTION('',(0.,0.987688340595,-0.15643446504));
#304 = ORIENTED_EDGE('',*,*,#305,.F.);
#305 = EDGE_CURVE('',#306,#297,#308,.T.);
#306 = VERTEX_POINT('',#307);
#307 = CARTESIAN_POINT('',(10.,2.003010827262,31.436252124337));
#308 = CIRCLE('',#309,31.499999999984);
#309 = AXIS2_PLACEMENT_3D('',#310,#311,#312);
#310 = CARTESIAN_POINT('',(10.,0.,0.));
#311 = DIRECTION('',(-1.,0.,-0.));
#312 = DIRECTION('',(-0.,0.,1.));
#313 = ORIENTED_EDGE('',*,*,#314,.F.);
#314 = EDGE_CURVE('',#315,#306,#317,.T.);
#315 = VERTEX_POINT('',#316);
#316 = CARTESIAN_POINT('',(10.,0.666563357043,28.116099823593));
#317 = CIRCLE('',#318,11.999999999994);
#318 = AXIS2_PLACEMENT_3D('',#319,#320,#321);
#319 = CARTESIAN_POINT('',(10.,12.342308202722,25.345363044599));
#320 = DIRECTION('',(-1.,0.,0.));
#321 = DIRECTION('',(0.,1.,3.469446951955E-15));
#322 = ORIENTED_EDGE('',*,*,#323,.F.);
#323 = EDGE_CURVE('',#105,#315,#324,.T.);
#324 = CIRCLE('',#325,28.123999999986);
#325 = AXIS2_PLACEMENT_3D('',#326,#327,#328);
#326 = CARTESIAN_POINT('',(10.,0.,0.));
#327 = DIRECTION('',(-1.,0.,0.));
#328 = DIRECTION('',(0.,1.,3.491481338843E-15));
#329 = ORIENTED_EDGE('',*,*,#102,.F.);
#330 = ORIENTED_EDGE('',*,*,#331,.F.);
#331 = EDGE_CURVE('',#332,#103,#334,.T.);
#332 = VERTEX_POINT('',#333);
#333 = CARTESIAN_POINT('',(10.,-2.003010827262,31.436252124337));
#334 = CIRCLE('',#335,11.999999999994);
#335 = AXIS2_PLACEMENT_3D('',#336,#337,#338);
#336 = CARTESIAN_POINT('',(10.,-12.34230820272,25.345363044599));
#337 = DIRECTION('',(-1.,0.,0.));
#338 = DIRECTION('',(0.,1.,3.469446951955E-15));
#339 = ORIENTED_EDGE('',*,*,#340,.F.);
#340 = EDGE_CURVE('',#341,#332,#343,.T.);
#341 = VERTEX_POINT('',#342);
#342 = CARTESIAN_POINT('',(10.,-2.939362843768,31.362559622449));
#343 = CIRCLE('',#344,31.499999999984);
#344 = AXIS2_PLACEMENT_3D('',#345,#346,#347);
#345 = CARTESIAN_POINT('',(10.,0.,0.));
#346 = DIRECTION('',(-1.,0.,-0.));
#347 = DIRECTION('',(-0.,0.,1.));
#348 = ORIENTED_EDGE('',*,*,#349,.F.);
#349 = EDGE_CURVE('',#350,#341,#352,.T.);
#350 = VERTEX_POINT('',#351);
#351 = CARTESIAN_POINT('',(10.,-3.739970178902,27.874217460946));
#352 = CIRCLE('',#353,11.999999999994);
#353 = AXIS2_PLACEMENT_3D('',#354,#355,#356);
#354 = CARTESIAN_POINT('',(10.,8.225465598728,26.964081948356));
#355 = DIRECTION('',(-1.,0.,0.));
#356 = DIRECTION('',(0.,0.987688340595,0.15643446504));
#357 = ORIENTED_EDGE('',*,*,#358,.F.);
#358 = EDGE_CURVE('',#359,#350,#361,.T.);
#359 = VERTEX_POINT('',#360);
#360 = CARTESIAN_POINT('',(10.,-5.056683890941,27.665670496597));
#361 = CIRCLE('',#362,28.123999999986);
#362 = AXIS2_PLACEMENT_3D('',#363,#364,#365);
#363 = CARTESIAN_POINT('',(10.,0.,0.));
#364 = DIRECTION('',(-1.,0.,0.));
#365 = DIRECTION('',(0.,0.987688340595,0.15643446504));
#366 = ORIENTED_EDGE('',*,*,#367,.F.);
#367 = EDGE_CURVE('',#368,#359,#370,.T.);
#368 = VERTEX_POINT('',#369);
#369 = CARTESIAN_POINT('',(10.,-6.896063724113,30.735879767984));
#370 = CIRCLE('',#371,11.999999999994);
#371 = AXIS2_PLACEMENT_3D('',#372,#373,#374);
#372 = CARTESIAN_POINT('',(10.,-16.15524221699,23.102557186247));
#373 = DIRECTION('',(-1.,0.,0.));
#374 = DIRECTION('',(0.,0.987688340595,0.15643446504));
#375 = ORIENTED_EDGE('',*,*,#376,.F.);
#376 = EDGE_CURVE('',#377,#368,#379,.T.);
#377 = VERTEX_POINT('',#378);
#378 = CARTESIAN_POINT('',(10.,-7.809359646398,30.516616816289));
#379 = CIRCLE('',#380,31.499999999984);
#380 = AXIS2_PLACEMENT_3D('',#381,#382,#383);
#381 = CARTESIAN_POINT('',(10.,0.,0.));
#382 = DIRECTION('',(-1.,0.,-0.));
#383 = DIRECTION('',(-0.,0.,1.));
#384 = ORIENTED_EDGE('',*,*,#385,.F.);
#385 = EDGE_CURVE('',#386,#377,#388,.T.);
#386 = VERTEX_POINT('',#387);
#387 = CARTESIAN_POINT('',(10.,-8.054413236793,26.945979355187));
#388 = CIRCLE('',#389,11.999999999994);
#389 = AXIS2_PLACEMENT_3D('',#390,#391,#392);
#390 = CARTESIAN_POINT('',(10.,3.906084732938,27.918855665887));
#391 = DIRECTION('',(-1.,0.,0.));
#392 = DIRECTION('',(0.,0.951056516295,0.309016994375));
#393 = ORIENTED_EDGE('',*,*,#394,.F.);
#394 = EDGE_CURVE('',#395,#386,#397,.T.);
#395 = VERTEX_POINT('',#396);
#396 = CARTESIAN_POINT('',(10.,-9.322292085273,26.534020544879));
#397 = CIRCLE('',#398,28.123999999986);
#398 = AXIS2_PLACEMENT_3D('',#399,#400,#401);
#399 = CARTESIAN_POINT('',(10.,0.,0.));
#400 = DIRECTION('',(-1.,0.,0.));
#401 = DIRECTION('',(0.,0.951056516295,0.309016994375));
#402 = ORIENTED_EDGE('',*,*,#403,.F.);
#403 = EDGE_CURVE('',#404,#395,#406,.T.);
#404 = VERTEX_POINT('',#405);
#405 = CARTESIAN_POINT('',(10.,-11.61931264535,29.278688045207));
#406 = CIRCLE('',#407,11.999999999994);
#407 = AXIS2_PLACEMENT_3D('',#408,#409,#410);
#408 = CARTESIAN_POINT('',(10.,-19.5703805517,20.290889696978));
#409 = DIRECTION('',(-1.,0.,0.));
#410 = DIRECTION('',(0.,0.951056516295,0.309016994375));
#411 = ORIENTED_EDGE('',*,*,#412,.F.);
#412 = EDGE_CURVE('',#413,#404,#415,.T.);
#413 = VERTEX_POINT('',#414);
#414 = CARTESIAN_POINT('',(10.,-12.48706409675,28.919253625267));
#415 = CIRCLE('',#416,31.499999999984);
#416 = AXIS2_PLACEMENT_3D('',#417,#418,#419);
#417 = CARTESIAN_POINT('',(10.,0.,0.));
#418 = DIRECTION('',(-1.,0.,-0.));
#419 = DIRECTION('',(-0.,0.,1.));
#420 = ORIENTED_EDGE('',*,*,#421,.F.);
#421 = EDGE_CURVE('',#422,#413,#424,.T.);
#422 = VERTEX_POINT('',#423);
#423 = CARTESIAN_POINT('',(10.,-12.17052990973,25.354241809125));
#424 = CIRCLE('',#425,11.999999999994);
#425 = AXIS2_PLACEMENT_3D('',#426,#427,#428);
#426 = CARTESIAN_POINT('',(10.,-0.509476902529,28.186174499554));
#427 = DIRECTION('',(-1.,0.,0.));
#428 = DIRECTION('',(0.,0.891006524188,0.45399049974));
#429 = ORIENTED_EDGE('',*,*,#430,.F.);
#430 = EDGE_CURVE('',#431,#422,#433,.T.);
#431 = VERTEX_POINT('',#432);
#432 = CARTESIAN_POINT('',(10.,-13.35835450955,24.749014945981));
#433 = CIRCLE('',#434,28.123999999986);
#434 = AXIS2_PLACEMENT_3D('',#435,#436,#437);
#435 = CARTESIAN_POINT('',(10.,0.,0.));
#436 = DIRECTION('',(-1.,0.,0.));
#437 = DIRECTION('',(0.,0.891006524188,0.45399049974));
#438 = ORIENTED_EDGE('',*,*,#439,.F.);
#439 = EDGE_CURVE('',#440,#431,#442,.T.);
#440 = VERTEX_POINT('',#441);
#441 = CARTESIAN_POINT('',(10.,-16.05645552697,27.100557852362));
#442 = CIRCLE('',#443,11.999999999994);
#443 = AXIS2_PLACEMENT_3D('',#444,#445,#446);
#444 = CARTESIAN_POINT('',(10.,-22.50363116686,16.979593161767));
#445 = DIRECTION('',(-1.,0.,0.));
#446 = DIRECTION('',(0.,0.891006524188,0.45399049974));
#447 = ORIENTED_EDGE('',*,*,#448,.F.);
#448 = EDGE_CURVE('',#449,#440,#451,.T.);
#449 = VERTEX_POINT('',#450);
#450 = CARTESIAN_POINT('',(10.,-16.85729558686,26.609802432491));
#451 = CIRCLE('',#452,31.499999999984);
#452 = AXIS2_PLACEMENT_3D('',#453,#454,#455);
#453 = CARTESIAN_POINT('',(10.,0.,0.));
#454 = DIRECTION('',(-1.,0.,-0.));
#455 = DIRECTION('',(-0.,0.,1.));
#456 = ORIENTED_EDGE('',*,*,#457,.F.);
#457 = EDGE_CURVE('',#458,#449,#460,.T.);
#458 = VERTEX_POINT('',#459);
#459 = CARTESIAN_POINT('',(10.,-15.98696774461,23.138198683818));
#460 = CIRCLE('',#461,11.999999999994);
#461 = AXIS2_PLACEMENT_3D('',#462,#463,#464);
#462 = CARTESIAN_POINT('',(10.,-4.912493525799,27.759456172492));
#463 = DIRECTION('',(-1.,0.,0.));
#464 = DIRECTION('',(0.,0.809016994375,0.587785252292));
#465 = ORIENTED_EDGE('',*,*,#466,.F.);
#466 = EDGE_CURVE('',#467,#458,#469,.T.);
#467 = VERTEX_POINT('',#468);
#468 = CARTESIAN_POINT('',(10.,-17.06548991196,22.354606461841));
#469 = CIRCLE('',#470,28.123999999986);
#470 = AXIS2_PLACEMENT_3D('',#471,#472,#473);
#471 = CARTESIAN_POINT('',(10.,0.,0.));
#472 = DIRECTION('',(-1.,0.,0.));
#473 = DIRECTION('',(0.,0.809016994375,0.587785252292));
#474 = ORIENTED_EDGE('',*,*,#475,.F.);
#475 = EDGE_CURVE('',#476,#467,#478,.T.);
#476 = VERTEX_POINT('',#477);
#477 = CARTESIAN_POINT('',(10.,-20.0982351852,24.255121983597));
#478 = CIRCLE('',#479,11.999999999994);
#479 = AXIS2_PLACEMENT_3D('',#480,#481,#482);
#480 = CARTESIAN_POINT('',(10.,-24.88276769742,13.250202690875));
#481 = DIRECTION('',(-1.,0.,0.));
#482 = DIRECTION('',(0.,0.809016994375,0.587785252292));
#483 = ORIENTED_EDGE('',*,*,#484,.F.);
#484 = EDGE_CURVE('',#485,#476,#487,.T.);
#485 = VERTEX_POINT('',#486);
#486 = CARTESIAN_POINT('',(10.,-20.81244451346,23.645129590956));
#487 = CIRCLE('',#488,31.499999999984);
#488 = AXIS2_PLACEMENT_3D('',#489,#490,#491);
#489 = CARTESIAN_POINT('',(10.,0.,0.));
#490 = DIRECTION('',(-1.,0.,-0.));
#491 = DIRECTION('',(-0.,0.,1.));
#492 = ORIENTED_EDGE('',*,*,#493,.F.);
#493 = EDGE_CURVE('',#494,#485,#496,.T.);
#494 = VERTEX_POINT('',#495);
#495 = CARTESIAN_POINT('',(10.,-19.40975337592,20.352416315636));
#496 = CIRCLE('',#497,11.999999999994);
#497 = AXIS2_PLACEMENT_3D('',#498,#499,#500);
#498 = CARTESIAN_POINT('',(10.,-9.194548254832,26.64920790611));
#499 = DIRECTION('',(-1.,0.,0.));
#500 = DIRECTION('',(0.,0.707106781187,0.707106781187));
#501 = ORIENTED_EDGE('',*,*,#502,.F.);
#502 = EDGE_CURVE('',#503,#494,#505,.T.);
#503 = VERTEX_POINT('',#504);
#504 = CARTESIAN_POINT('',(10.,-20.35241631563,19.409753375925));
#505 = CIRCLE('',#506,28.123999999986);
#506 = AXIS2_PLACEMENT_3D('',#507,#508,#509);
#507 = CARTESIAN_POINT('',(10.,0.,0.));
#508 = DIRECTION('',(-1.,0.,0.));
#509 = DIRECTION('',(0.,0.707106781187,0.707106781187));
#510 = ORIENTED_EDGE('',*,*,#511,.F.);
#511 = EDGE_CURVE('',#512,#503,#514,.T.);
#512 = VERTEX_POINT('',#513);
#513 = CARTESIAN_POINT('',(10.,-23.64512959095,20.812444513461));
#514 = CIRCLE('',#515,11.999999999994);
#515 = AXIS2_PLACEMENT_3D('',#516,#517,#518);
#516 = CARTESIAN_POINT('',(10.,-26.64920790611,9.194548254832));
#517 = DIRECTION('',(-1.,0.,0.));
#518 = DIRECTION('',(0.,0.707106781187,0.707106781187));
#519 = ORIENTED_EDGE('',*,*,#520,.F.);
#520 = EDGE_CURVE('',#521,#512,#523,.T.);
#521 = VERTEX_POINT('',#522);
#522 = CARTESIAN_POINT('',(10.,-24.25512198359,20.098235185205));
#523 = CIRCLE('',#524,31.499999999984);
#524 = AXIS2_PLACEMENT_3D('',#525,#526,#527);
#525 = CARTESIAN_POINT('',(10.,0.,0.));
#526 = DIRECTION('',(-1.,0.,-0.));
#527 = DIRECTION('',(-0.,0.,1.));
#528 = ORIENTED_EDGE('',*,*,#529,.F.);
#529 = EDGE_CURVE('',#530,#521,#532,.T.);
#530 = VERTEX_POINT('',#531);
#531 = CARTESIAN_POINT('',(10.,-22.35460646184,17.065489911967));
#532 = CIRCLE('',#533,11.999999999994);
#533 = AXIS2_PLACEMENT_3D('',#534,#535,#536);
#534 = CARTESIAN_POINT('',(10.,-13.25020269087,24.882767697429));
#535 = DIRECTION('',(-1.,0.,0.));
#536 = DIRECTION('',(0.,0.587785252292,0.809016994375));
#537 = ORIENTED_EDGE('',*,*,#538,.F.);
#538 = EDGE_CURVE('',#539,#530,#541,.T.);
#539 = VERTEX_POINT('',#540);
#540 = CARTESIAN_POINT('',(10.,-23.13819868381,15.986967744615));
#541 = CIRCLE('',#542,28.123999999986);
#542 = AXIS2_PLACEMENT_3D('',#543,#544,#545);
#543 = CARTESIAN_POINT('',(10.,0.,0.));
#544 = DIRECTION('',(-1.,0.,0.));
#545 = DIRECTION('',(0.,0.587785252292,0.809016994375));
#546 = ORIENTED_EDGE('',*,*,#547,.F.);
#547 = EDGE_CURVE('',#548,#539,#550,.T.);
#548 = VERTEX_POINT('',#549);
#549 = CARTESIAN_POINT('',(10.,-26.60980243249,16.857295586861));
#550 = CIRCLE('',#551,11.999999999994);
#551 = AXIS2_PLACEMENT_3D('',#552,#553,#554);
#552 = CARTESIAN_POINT('',(10.,-27.75945617249,4.912493525799));
#553 = DIRECTION('',(-1.,0.,0.));
#554 = DIRECTION('',(0.,0.587785252292,0.809016994375));
#555 = ORIENTED_EDGE('',*,*,#556,.F.);
#556 = EDGE_CURVE('',#557,#548,#559,.T.);
#557 = VERTEX_POINT('',#558);
#558 = CARTESIAN_POINT('',(10.,-27.10055785236,16.056455526977));
#559 = CIRCLE('',#560,31.499999999984);
#560 = AXIS2_PLACEMENT_3D('',#561,#562,#563);
#561 = CARTESIAN_POINT('',(10.,0.,0.));
#562 = DIRECTION('',(-1.,0.,-0.));
#563 = DIRECTION('',(-0.,0.,1.));
#564 = ORIENTED_EDGE('',*,*,#565,.F.);
#565 = EDGE_CURVE('',#566,#557,#568,.T.);
#566 = VERTEX_POINT('',#567);
#567 = CARTESIAN_POINT('',(10.,-24.74901494598,13.35835450955));
#568 = CIRCLE('',#569,11.999999999994);
#569 = AXIS2_PLACEMENT_3D('',#570,#571,#572);
#570 = CARTESIAN_POINT('',(10.,-16.97959316176,22.503631166866));
#571 = DIRECTION('',(-1.,0.,0.));
#572 = DIRECTION('',(0.,0.45399049974,0.891006524188));
#573 = ORIENTED_EDGE('',*,*,#574,.F.);
#574 = EDGE_CURVE('',#575,#566,#577,.T.);
#575 = VERTEX_POINT('',#576);
#576 = CARTESIAN_POINT('',(10.,-25.35424180912,12.170529909729));
#577 = CIRCLE('',#578,28.123999999986);
#578 = AXIS2_PLACEMENT_3D('',#579,#580,#581);
#579 = CARTESIAN_POINT('',(10.,0.,0.));
#580 = DIRECTION('',(-1.,0.,0.));
#581 = DIRECTION('',(0.,0.45399049974,0.891006524188));
#582 = ORIENTED_EDGE('',*,*,#583,.F.);
#583 = EDGE_CURVE('',#189,#575,#584,.T.);
#584 = CIRCLE('',#585,11.999999999994);
#585 = AXIS2_PLACEMENT_3D('',#586,#587,#588);
#586 = CARTESIAN_POINT('',(10.,-28.18617449955,0.509476902529));
#587 = DIRECTION('',(-1.,0.,0.));
#588 = DIRECTION('',(0.,0.45399049974,0.891006524188));
#589 = ORIENTED_EDGE('',*,*,#186,.F.);
#590 = ORIENTED_EDGE('',*,*,#591,.F.);
#591 = EDGE_CURVE('',#592,#187,#594,.T.);
#592 = VERTEX_POINT('',#593);
#593 = CARTESIAN_POINT('',(10.,-29.2786880452,11.619312645353));
#594 = CIRCLE('',#595,31.499999999984);
#595 = AXIS2_PLACEMENT_3D('',#596,#597,#598);
#596 = CARTESIAN_POINT('',(10.,0.,0.));
#597 = DIRECTION('',(-1.,0.,-0.));
#598 = DIRECTION('',(-0.,0.,1.));
#599 = ORIENTED_EDGE('',*,*,#600,.F.);
#600 = EDGE_CURVE('',#601,#592,#603,.T.);
#601 = VERTEX_POINT('',#602);
#602 = CARTESIAN_POINT('',(10.,-26.53402054487,9.322292085272));
#603 = CIRCLE('',#604,11.999999999994);
#604 = AXIS2_PLACEMENT_3D('',#605,#606,#607);
#605 = CARTESIAN_POINT('',(10.,-20.29088969697,19.570380551705));
#606 = DIRECTION('',(-1.,0.,0.));
#607 = DIRECTION('',(0.,0.309016994375,0.951056516295));
#608 = ORIENTED_EDGE('',*,*,#609,.F.);
#609 = EDGE_CURVE('',#610,#601,#612,.T.);
#610 = VERTEX_POINT('',#611);
#611 = CARTESIAN_POINT('',(10.,-26.94597935518,8.054413236793));
#612 = CIRCLE('',#613,28.123999999986);
#613 = AXIS2_PLACEMENT_3D('',#614,#615,#616);
#614 = CARTESIAN_POINT('',(10.,0.,0.));
#615 = DIRECTION('',(-1.,0.,0.));
#616 = DIRECTION('',(0.,0.309016994375,0.951056516295));
#617 = ORIENTED_EDGE('',*,*,#618,.F.);
#618 = EDGE_CURVE('',#147,#610,#619,.T.);
#619 = CIRCLE('',#620,11.999999999994);
#620 = AXIS2_PLACEMENT_3D('',#621,#622,#623);
#621 = CARTESIAN_POINT('',(10.,-27.91885566588,-3.906084732938));
#622 = DIRECTION('',(-1.,0.,0.));
#623 = DIRECTION('',(0.,0.309016994375,0.951056516295));
#624 = ORIENTED_EDGE('',*,*,#144,.F.);
#625 = ORIENTED_EDGE('',*,*,#626,.F.);
#626 = EDGE_CURVE('',#627,#145,#629,.T.);
#627 = VERTEX_POINT('',#628);
#628 = CARTESIAN_POINT('',(10.,-30.73587976798,6.896063724113));
#629 = CIRCLE('',#630,31.499999999984);
#630 = AXIS2_PLACEMENT_3D('',#631,#632,#633);
#631 = CARTESIAN_POINT('',(10.,0.,0.));
#632 = DIRECTION('',(-1.,0.,-0.));
#633 = DIRECTION('',(-0.,0.,1.));
#634 = ORIENTED_EDGE('',*,*,#635,.F.);
#635 = EDGE_CURVE('',#636,#627,#638,.T.);
#636 = VERTEX_POINT('',#637);
#637 = CARTESIAN_POINT('',(10.,-27.66567049659,5.056683890941));
#638 = CIRCLE('',#639,11.999999999994);
#639 = AXIS2_PLACEMENT_3D('',#640,#641,#642);
#640 = CARTESIAN_POINT('',(10.,-23.10255718624,16.155242216992));
#641 = DIRECTION('',(-1.,0.,0.));
#642 = DIRECTION('',(0.,0.15643446504,0.987688340595));
#643 = ORIENTED_EDGE('',*,*,#644,.F.);
#644 = EDGE_CURVE('',#645,#636,#647,.T.);
#645 = VERTEX_POINT('',#646);
#646 = CARTESIAN_POINT('',(10.,-27.87421746094,3.739970178902));
#647 = CIRCLE('',#648,28.123999999986);
#648 = AXIS2_PLACEMENT_3D('',#649,#650,#651);
#649 = CARTESIAN_POINT('',(10.,0.,0.));
#650 = DIRECTION('',(-1.,0.,0.));
#651 = DIRECTION('',(0.,0.15643446504,0.987688340595));
#652 = ORIENTED_EDGE('',*,*,#653,.F.);
#653 = EDGE_CURVE('',#654,#645,#656,.T.);
#654 = VERTEX_POINT('',#655);
#655 = CARTESIAN_POINT('',(10.,-31.36255962244,2.939362843768));
#656 = CIRCLE('',#657,11.999999999994);
#657 = AXIS2_PLACEMENT_3D('',#658,#659,#660);
#658 = CARTESIAN_POINT('',(10.,-26.96408194835,-8.225465598728));
#659 = DIRECTION('',(-1.,0.,0.));
#660 = DIRECTION('',(0.,0.15643446504,0.987688340595));
#661 = ORIENTED_EDGE('',*,*,#662,.F.);
#662 = EDGE_CURVE('',#663,#654,#665,.T.);
#663 = VERTEX_POINT('',#664);
#664 = CARTESIAN_POINT('',(10.,-31.43625212433,2.003010827262));
#665 = CIRCLE('',#666,31.499999999984);
#666 = AXIS2_PLACEMENT_3D('',#667,#668,#669);
#667 = CARTESIAN_POINT('',(10.,0.,0.));
#668 = DIRECTION('',(-1.,0.,-0.));
#669 = DIRECTION('',(-0.,0.,1.));
#670 = ORIENTED_EDGE('',*,*,#671,.F.);
#671 = EDGE_CURVE('',#672,#663,#674,.T.);
#672 = VERTEX_POINT('',#673);
#673 = CARTESIAN_POINT('',(10.,-28.11609982359,0.666563357043));
#674 = CIRCLE('',#675,11.999999999994);
#675 = AXIS2_PLACEMENT_3D('',#676,#677,#678);
#676 = CARTESIAN_POINT('',(10.,-25.34536304459,12.342308202722));
#677 = DIRECTION('',(-1.,0.,0.));
#678 = DIRECTION('',(0.,-6.938893903911E-15,1.));
#679 = ORIENTED_EDGE('',*,*,#680,.F.);
#680 = EDGE_CURVE('',#681,#672,#683,.T.);
#681 = VERTEX_POINT('',#682);
#682 = CARTESIAN_POINT('',(10.,-28.11609982359,-0.666563357044));
#683 = CIRCLE('',#684,28.123999999986);
#684 = AXIS2_PLACEMENT_3D('',#685,#686,#687);
#685 = CARTESIAN_POINT('',(10.,0.,0.));
#686 = DIRECTION('',(-1.,0.,0.));
#687 = DIRECTION('',(0.,-6.982962677686E-15,1.));
#688 = ORIENTED_EDGE('',*,*,#689,.F.);
#689 = EDGE_CURVE('',#690,#681,#692,.T.);
#690 = VERTEX_POINT('',#691);
#691 = CARTESIAN_POINT('',(10.,-31.43625212433,-2.003010827262));
#692 = CIRCLE('',#693,11.999999999994);
#693 = AXIS2_PLACEMENT_3D('',#694,#695,#696);
#694 = CARTESIAN_POINT('',(10.,-25.34536304459,-12.34230820272));
#695 = DIRECTION('',(-1.,0.,0.));
#696 = DIRECTION('',(0.,-6.938893903911E-15,1.));
#697 = ORIENTED_EDGE('',*,*,#698,.F.);
#698 = EDGE_CURVE('',#699,#690,#701,.T.);
#699 = VERTEX_POINT('',#700);
#700 = CARTESIAN_POINT('',(10.,-31.36255962244,-2.939362843768));
#701 = CIRCLE('',#702,31.499999999984);
#702 = AXIS2_PLACEMENT_3D('',#703,#704,#705);
#703 = CARTESIAN_POINT('',(10.,0.,0.));
#704 = DIRECTION('',(-1.,0.,-0.));
#705 = DIRECTION('',(-0.,0.,1.));
#706 = ORIENTED_EDGE('',*,*,#707,.F.);
#707 = EDGE_CURVE('',#708,#699,#710,.T.);
#708 = VERTEX_POINT('',#709);
#709 = CARTESIAN_POINT('',(10.,-27.87421746094,-3.739970178902));
#710 = CIRCLE('',#711,11.999999999994);
#711 = AXIS2_PLACEMENT_3D('',#712,#713,#714);
#712 = CARTESIAN_POINT('',(10.,-26.96408194835,8.225465598728));
#713 = DIRECTION('',(-1.,0.,0.));
#714 = DIRECTION('',(0.,-0.15643446504,0.987688340595));
#715 = ORIENTED_EDGE('',*,*,#716,.F.);
#716 = EDGE_CURVE('',#717,#708,#719,.T.);
#717 = VERTEX_POINT('',#718);
#718 = CARTESIAN_POINT('',(10.,-27.66567049659,-5.056683890941));
#719 = CIRCLE('',#720,28.123999999986);
#720 = AXIS2_PLACEMENT_3D('',#721,#722,#723);
#721 = CARTESIAN_POINT('',(10.,0.,0.));
#722 = DIRECTION('',(-1.,0.,0.));
#723 = DIRECTION('',(0.,-0.15643446504,0.987688340595));
#724 = ORIENTED_EDGE('',*,*,#725,.F.);
#725 = EDGE_CURVE('',#726,#717,#728,.T.);
#726 = VERTEX_POINT('',#727);
#727 = CARTESIAN_POINT('',(10.,-30.73587976798,-6.896063724113));
#728 = CIRCLE('',#729,11.999999999994);
#729 = AXIS2_PLACEMENT_3D('',#730,#731,#732);
#730 = CARTESIAN_POINT('',(10.,-23.10255718624,-16.15524221699));
#731 = DIRECTION('',(-1.,0.,0.));
#732 = DIRECTION('',(0.,-0.15643446504,0.987688340595));
#733 = ORIENTED_EDGE('',*,*,#734,.F.);
#734 = EDGE_CURVE('',#735,#726,#737,.T.);
#735 = VERTEX_POINT('',#736);
#736 = CARTESIAN_POINT('',(10.,-30.51661681628,-7.809359646398));
#737 = CIRCLE('',#738,31.499999999984);
#738 = AXIS2_PLACEMENT_3D('',#739,#740,#741);
#739 = CARTESIAN_POINT('',(10.,0.,0.));
#740 = DIRECTION('',(-1.,0.,-0.));
#741 = DIRECTION('',(-0.,0.,1.));
#742 = ORIENTED_EDGE('',*,*,#743,.F.);
#743 = EDGE_CURVE('',#744,#735,#746,.T.);
#744 = VERTEX_POINT('',#745);
#745 = CARTESIAN_POINT('',(10.,-26.94597935518,-8.054413236793));
#746 = CIRCLE('',#747,11.999999999994);
#747 = AXIS2_PLACEMENT_3D('',#748,#749,#750);
#748 = CARTESIAN_POINT('',(10.,-27.91885566588,3.906084732938));
#749 = DIRECTION('',(-1.,0.,0.));
#750 = DIRECTION('',(0.,-0.309016994375,0.951056516295));
#751 = ORIENTED_EDGE('',*,*,#752,.F.);
#752 = EDGE_CURVE('',#753,#744,#755,.T.);
#753 = VERTEX_POINT('',#754);
#754 = CARTESIAN_POINT('',(10.,-26.53402054487,-9.322292085273));
#755 = CIRCLE('',#756,28.123999999986);
#756 = AXIS2_PLACEMENT_3D('',#757,#758,#759);
#757 = CARTESIAN_POINT('',(10.,0.,0.));
#758 = DIRECTION('',(-1.,0.,0.));
#759 = DIRECTION('',(0.,-0.309016994375,0.951056516295));
#760 = ORIENTED_EDGE('',*,*,#761,.F.);
#761 = EDGE_CURVE('',#762,#753,#764,.T.);
#762 = VERTEX_POINT('',#763);
#763 = CARTESIAN_POINT('',(10.,-29.2786880452,-11.61931264535));
#764 = CIRCLE('',#765,11.999999999994);
#765 = AXIS2_PLACEMENT_3D('',#766,#767,#768);
#766 = CARTESIAN_POINT('',(10.,-20.29088969697,-19.5703805517));
#767 = DIRECTION('',(-1.,0.,0.));
#768 = DIRECTION('',(0.,-0.309016994375,0.951056516295));
#769 = ORIENTED_EDGE('',*,*,#770,.F.);
#770 = EDGE_CURVE('',#771,#762,#773,.T.);
#771 = VERTEX_POINT('',#772);
#772 = CARTESIAN_POINT('',(10.,-28.91925362526,-12.48706409675));
#773 = CIRCLE('',#774,31.499999999984);
#774 = AXIS2_PLACEMENT_3D('',#775,#776,#777);
#775 = CARTESIAN_POINT('',(10.,0.,0.));
#776 = DIRECTION('',(-1.,0.,-0.));
#777 = DIRECTION('',(-0.,0.,1.));
#778 = ORIENTED_EDGE('',*,*,#779,.F.);
#779 = EDGE_CURVE('',#780,#771,#782,.T.);
#780 = VERTEX_POINT('',#781);
#781 = CARTESIAN_POINT('',(10.,-25.35424180912,-12.17052990973));
#782 = CIRCLE('',#783,11.999999999994);
#783 = AXIS2_PLACEMENT_3D('',#784,#785,#786);
#784 = CARTESIAN_POINT('',(10.,-28.18617449955,-0.509476902529));
#785 = DIRECTION('',(-1.,0.,0.));
#786 = DIRECTION('',(0.,-0.45399049974,0.891006524188));
#787 = ORIENTED_EDGE('',*,*,#788,.F.);
#788 = EDGE_CURVE('',#789,#780,#791,.T.);
#789 = VERTEX_POINT('',#790);
#790 = CARTESIAN_POINT('',(10.,-24.74901494598,-13.35835450955));
#791 = CIRCLE('',#792,28.123999999986);
#792 = AXIS2_PLACEMENT_3D('',#793,#794,#795);
#793 = CARTESIAN_POINT('',(10.,0.,0.));
#794 = DIRECTION('',(-1.,0.,0.));
#795 = DIRECTION('',(0.,-0.45399049974,0.891006524188));
#796 = ORIENTED_EDGE('',*,*,#797,.F.);
#797 = EDGE_CURVE('',#798,#789,#800,.T.);
#798 = VERTEX_POINT('',#799);
#799 = CARTESIAN_POINT('',(10.,-27.10055785236,-16.05645552697));
#800 = CIRCLE('',#801,11.999999999994);
#801 = AXIS2_PLACEMENT_3D('',#802,#803,#804);
#802 = CARTESIAN_POINT('',(10.,-16.97959316176,-22.50363116686));
#803 = DIRECTION('',(-1.,0.,0.));
#804 = DIRECTION('',(0.,-0.45399049974,0.891006524188));
#805 = ORIENTED_EDGE('',*,*,#806,.F.);
#806 = EDGE_CURVE('',#807,#798,#809,.T.);
#807 = VERTEX_POINT('',#808);
#808 = CARTESIAN_POINT('',(10.,-26.60980243249,-16.85729558686));
#809 = CIRCLE('',#810,31.499999999984);
#810 = AXIS2_PLACEMENT_3D('',#811,#812,#813);
#811 = CARTESIAN_POINT('',(10.,0.,0.));
#812 = DIRECTION('',(-1.,0.,-0.));
#813 = DIRECTION('',(-0.,0.,1.));
#814 = ORIENTED_EDGE('',*,*,#815,.F.);
#815 = EDGE_CURVE('',#816,#807,#818,.T.);
#816 = VERTEX_POINT('',#817);
#817 = CARTESIAN_POINT('',(10.,-23.13819868381,-15.98696774461));
#818 = CIRCLE('',#819,11.999999999994);
#819 = AXIS2_PLACEMENT_3D('',#820,#821,#822);
#820 = CARTESIAN_POINT('',(10.,-27.75945617249,-4.912493525799));
#821 = DIRECTION('',(-1.,0.,0.));
#822 = DIRECTION('',(0.,-0.587785252292,0.809016994375));
#823 = ORIENTED_EDGE('',*,*,#824,.F.);
#824 = EDGE_CURVE('',#825,#816,#827,.T.);
#825 = VERTEX_POINT('',#826);
#826 = CARTESIAN_POINT('',(10.,-22.35460646184,-17.06548991196));
#827 = CIRCLE('',#828,28.123999999986);
#828 = AXIS2_PLACEMENT_3D('',#829,#830,#831);
#829 = CARTESIAN_POINT('',(10.,0.,0.));
#830 = DIRECTION('',(-1.,0.,0.));
#831 = DIRECTION('',(0.,-0.587785252292,0.809016994375));
#832 = ORIENTED_EDGE('',*,*,#833,.F.);
#833 = EDGE_CURVE('',#834,#825,#836,.T.);
#834 = VERTEX_POINT('',#835);
#835 = CARTESIAN_POINT('',(10.,-24.25512198359,-20.0982351852));
#836 = CIRCLE('',#837,11.999999999994);
#837 = AXIS2_PLACEMENT_3D('',#838,#839,#840);
#838 = CARTESIAN_POINT('',(10.,-13.25020269087,-24.88276769742));
#839 = DIRECTION('',(-1.,0.,0.));
#840 = DIRECTION('',(0.,-0.587785252292,0.809016994375));
#841 = ORIENTED_EDGE('',*,*,#842,.F.);
#842 = EDGE_CURVE('',#843,#834,#845,.T.);
#843 = VERTEX_POINT('',#844);
#844 = CARTESIAN_POINT('',(10.,-23.64512959095,-20.81244451346));
#845 = CIRCLE('',#846,31.499999999984);
#846 = AXIS2_PLACEMENT_3D('',#847,#848,#849);
#847 = CARTESIAN_POINT('',(10.,0.,0.));
#848 = DIRECTION('',(-1.,0.,-0.));
#849 = DIRECTION('',(-0.,0.,1.));
#850 = ORIENTED_EDGE('',*,*,#851,.F.);
#851 = EDGE_CURVE('',#852,#843,#854,.T.);
#852 = VERTEX_POINT('',#853);
#853 = CARTESIAN_POINT('',(10.,-20.35241631563,-19.40975337592));
#854 = CIRCLE('',#855,11.999999999994);
#855 = AXIS2_PLACEMENT_3D('',#856,#857,#858);
#856 = CARTESIAN_POINT('',(10.,-26.64920790611,-9.194548254832));
#857 = DIRECTION('',(-1.,0.,0.));
#858 = DIRECTION('',(0.,-0.707106781187,0.707106781187));
#859 = ORIENTED_EDGE('',*,*,#860,.F.);
#860 = EDGE_CURVE('',#861,#852,#863,.T.);
#861 = VERTEX_POINT('',#862);
#862 = CARTESIAN_POINT('',(10.,-19.40975337592,-20.35241631563));
#863 = CIRCLE('',#864,28.123999999986);
#864 = AXIS2_PLACEMENT_3D('',#865,#866,#867);
#865 = CARTESIAN_POINT('',(10.,0.,0.));
#866 = DIRECTION('',(-1.,0.,0.));
#867 = DIRECTION('',(0.,-0.707106781187,0.707106781187));
#868 = ORIENTED_EDGE('',*,*,#869,.F.);
#869 = EDGE_CURVE('',#870,#861,#872,.T.);
#870 = VERTEX_POINT('',#871);
#871 = CARTESIAN_POINT('',(10.,-20.81244451346,-23.64512959095));
#872 = CIRCLE('',#873,11.999999999994);
#873 = AXIS2_PLACEMENT_3D('',#874,#875,#876);
#874 = CARTESIAN_POINT('',(10.,-9.194548254832,-26.64920790611));
#875 = DIRECTION('',(-1.,0.,0.));
#876 = DIRECTION('',(0.,-0.707106781187,0.707106781187));
#877 = ORIENTED_EDGE('',*,*,#878,.F.);
#878 = EDGE_CURVE('',#879,#870,#881,.T.);
#879 = VERTEX_POINT('',#880);
#880 = CARTESIAN_POINT('',(10.,-20.0982351852,-24.25512198359));
#881 = CIRCLE('',#882,31.499999999984);
#882 = AXIS2_PLACEMENT_3D('',#883,#884,#885);
#883 = CARTESIAN_POINT('',(10.,0.,0.));
#884 = DIRECTION('',(-1.,0.,-0.));
#885 = DIRECTION('',(-0.,0.,1.));
#886 = ORIENTED_EDGE('',*,*,#887,.F.);
#887 = EDGE_CURVE('',#888,#879,#890,.T.);
#888 = VERTEX_POINT('',#889);
#889 = CARTESIAN_POINT('',(10.,-17.06548991196,-22.35460646184));
#890 = CIRCLE('',#891,11.999999999994);
#891 = AXIS2_PLACEMENT_3D('',#892,#893,#894);
#892 = CARTESIAN_POINT('',(10.,-24.88276769742,-13.25020269087));
#893 = DIRECTION('',(-1.,0.,0.));
#894 = DIRECTION('',(0.,-0.809016994375,0.587785252292));
#895 = ORIENTED_EDGE('',*,*,#896,.F.);
#896 = EDGE_CURVE('',#897,#888,#899,.T.);
#897 = VERTEX_POINT('',#898);
#898 = CARTESIAN_POINT('',(10.,-15.98696774461,-23.13819868381));
#899 = CIRCLE('',#900,28.123999999986);
#900 = AXIS2_PLACEMENT_3D('',#901,#902,#903);
#901 = CARTESIAN_POINT('',(10.,0.,0.));
#902 = DIRECTION('',(-1.,0.,0.));
#903 = DIRECTION('',(0.,-0.809016994375,0.587785252292));
#904 = ORIENTED_EDGE('',*,*,#905,.F.);
#905 = EDGE_CURVE('',#906,#897,#908,.T.);
#906 = VERTEX_POINT('',#907);
#907 = CARTESIAN_POINT('',(10.,-16.85729558686,-26.60980243249));
#908 = CIRCLE('',#909,11.999999999994);
#909 = AXIS2_PLACEMENT_3D('',#910,#911,#912);
#910 = CARTESIAN_POINT('',(10.,-4.912493525798,-27.75945617249));
#911 = DIRECTION('',(-1.,0.,0.));
#912 = DIRECTION('',(0.,-0.809016994375,0.587785252292));
#913 = ORIENTED_EDGE('',*,*,#914,.F.);
#914 = EDGE_CURVE('',#915,#906,#917,.T.);
#915 = VERTEX_POINT('',#916);
#916 = CARTESIAN_POINT('',(10.,-16.05645552697,-27.10055785236));
#917 = CIRCLE('',#918,31.499999999984);
#918 = AXIS2_PLACEMENT_3D('',#919,#920,#921);
#919 = CARTESIAN_POINT('',(10.,0.,0.));
#920 = DIRECTION('',(-1.,0.,-0.));
#921 = DIRECTION('',(-0.,0.,1.));
#922 = ORIENTED_EDGE('',*,*,#923,.F.);
#923 = EDGE_CURVE('',#924,#915,#926,.T.);
#924 = VERTEX_POINT('',#925);
#925 = CARTESIAN_POINT('',(10.,-13.35835450955,-24.74901494598));
#926 = CIRCLE('',#927,11.999999999994);
#927 = AXIS2_PLACEMENT_3D('',#928,#929,#930);
#928 = CARTESIAN_POINT('',(10.,-22.50363116686,-16.97959316176));
#929 = DIRECTION('',(-1.,0.,0.));
#930 = DIRECTION('',(0.,-0.891006524188,0.45399049974));
#931 = ORIENTED_EDGE('',*,*,#932,.F.);
#932 = EDGE_CURVE('',#933,#924,#935,.T.);
#933 = VERTEX_POINT('',#934);
#934 = CARTESIAN_POINT('',(10.,-12.17052990972,-25.35424180912));
#935 = CIRCLE('',#936,28.123999999986);
#936 = AXIS2_PLACEMENT_3D('',#937,#938,#939);
#937 = CARTESIAN_POINT('',(10.,0.,0.));
#938 = DIRECTION('',(-1.,0.,0.));
#939 = DIRECTION('',(0.,-0.891006524188,0.45399049974));
#940 = ORIENTED_EDGE('',*,*,#941,.F.);
#941 = EDGE_CURVE('',#942,#933,#944,.T.);
#942 = VERTEX_POINT('',#943);
#943 = CARTESIAN_POINT('',(10.,-12.48706409675,-28.91925362526));
#944 = CIRCLE('',#945,11.999999999994);
#945 = AXIS2_PLACEMENT_3D('',#946,#947,#948);
#946 = CARTESIAN_POINT('',(10.,-0.509476902529,-28.18617449955));
#947 = DIRECTION('',(-1.,0.,0.));
#948 = DIRECTION('',(0.,-0.891006524188,0.45399049974));
#949 = ORIENTED_EDGE('',*,*,#950,.F.);
#950 = EDGE_CURVE('',#951,#942,#953,.T.);
#951 = VERTEX_POINT('',#952);
#952 = CARTESIAN_POINT('',(10.,-11.61931264535,-29.2786880452));
#953 = CIRCLE('',#954,31.499999999984);
#954 = AXIS2_PLACEMENT_3D('',#955,#956,#957);
#955 = CARTESIAN_POINT('',(10.,0.,0.));
#956 = DIRECTION('',(-1.,0.,-0.));
#957 = DIRECTION('',(-0.,0.,1.));
#958 = ORIENTED_EDGE('',*,*,#959,.F.);
#959 = EDGE_CURVE('',#960,#951,#962,.T.);
#960 = VERTEX_POINT('',#961);
#961 = CARTESIAN_POINT('',(10.,-9.322292085272,-26.53402054487));
#962 = CIRCLE('',#963,11.999999999994);
#963 = AXIS2_PLACEMENT_3D('',#964,#965,#966);
#964 = CARTESIAN_POINT('',(10.,-19.5703805517,-20.29088969697));
#965 = DIRECTION('',(-1.,0.,0.));
#966 = DIRECTION('',(0.,-0.951056516295,0.309016994375));
#967 = ORIENTED_EDGE('',*,*,#968,.F.);
#968 = EDGE_CURVE('',#969,#960,#971,.T.);
#969 = VERTEX_POINT('',#970);
#970 = CARTESIAN_POINT('',(10.,-8.054413236793,-26.94597935518));
#971 = CIRCLE('',#972,28.123999999986);
#972 = AXIS2_PLACEMENT_3D('',#973,#974,#975);
#973 = CARTESIAN_POINT('',(10.,0.,0.));
#974 = DIRECTION('',(-1.,0.,0.));
#975 = DIRECTION('',(0.,-0.951056516295,0.309016994375));
#976 = ORIENTED_EDGE('',*,*,#977,.F.);
#977 = EDGE_CURVE('',#978,#969,#980,.T.);
#978 = VERTEX_POINT('',#979);
#979 = CARTESIAN_POINT('',(10.,-7.809359646398,-30.51661681628));
#980 = CIRCLE('',#981,11.999999999994);
#981 = AXIS2_PLACEMENT_3D('',#982,#983,#984);
#982 = CARTESIAN_POINT('',(10.,3.906084732938,-27.91885566588));
#983 = DIRECTION('',(-1.,0.,0.));
#984 = DIRECTION('',(0.,-0.951056516295,0.309016994375));
#985 = ORIENTED_EDGE('',*,*,#986,.F.);
#986 = EDGE_CURVE('',#987,#978,#989,.T.);
#987 = VERTEX_POINT('',#988);
#988 = CARTESIAN_POINT('',(10.,-6.896063724113,-30.73587976798));
#989 = CIRCLE('',#990,31.499999999984);
#990 = AXIS2_PLACEMENT_3D('',#991,#992,#993);
#991 = CARTESIAN_POINT('',(10.,0.,0.));
#992 = DIRECTION('',(-1.,0.,-0.));
#993 = DIRECTION('',(-0.,0.,1.));
#994 = ORIENTED_EDGE('',*,*,#995,.F.);
#995 = EDGE_CURVE('',#996,#987,#998,.T.);
#996 = VERTEX_POINT('',#997);
#997 = CARTESIAN_POINT('',(10.,-5.056683890941,-27.66567049659));
#998 = CIRCLE('',#999,11.999999999994);
#999 = AXIS2_PLACEMENT_3D('',#1000,#1001,#1002);
#1000 = CARTESIAN_POINT('',(10.,-16.15524221699,-23.10255718624));
#1001 = DIRECTION('',(-1.,0.,0.));
#1002 = DIRECTION('',(0.,-0.987688340595,0.15643446504));
#1003 = ORIENTED_EDGE('',*,*,#1004,.F.);
#1004 = EDGE_CURVE('',#1005,#996,#1007,.T.);
#1005 = VERTEX_POINT('',#1006);
#1006 = CARTESIAN_POINT('',(10.,-3.739970178902,-27.87421746094));
#1007 = CIRCLE('',#1008,28.123999999986);
#1008 = AXIS2_PLACEMENT_3D('',#1009,#1010,#1011);
#1009 = CARTESIAN_POINT('',(10.,0.,0.));
#1010 = DIRECTION('',(-1.,0.,0.));
#1011 = DIRECTION('',(0.,-0.987688340595,0.15643446504));
#1012 = ORIENTED_EDGE('',*,*,#1013,.F.);
#1013 = EDGE_CURVE('',#1014,#1005,#1016,.T.);
#1014 = VERTEX_POINT('',#1015);
#1015 = CARTESIAN_POINT('',(10.,-2.939362843767,-31.36255962244));
#1016 = CIRCLE('',#1017,11.999999999994);
#1017 = AXIS2_PLACEMENT_3D('',#1018,#1019,#1020);
#1018 = CARTESIAN_POINT('',(10.,8.225465598728,-26.96408194835));
#1019 = DIRECTION('',(-1.,0.,0.));
#1020 = DIRECTION('',(0.,-0.987688340595,0.15643446504));
#1021 = ORIENTED_EDGE('',*,*,#1022,.F.);
#1022 = EDGE_CURVE('',#1023,#1014,#1025,.T.);
#1023 = VERTEX_POINT('',#1024);
#1024 = CARTESIAN_POINT('',(10.,-2.003010827262,-31.43625212433));
#1025 = CIRCLE('',#1026,31.499999999984);
#1026 = AXIS2_PLACEMENT_3D('',#1027,#1028,#1029);
#1027 = CARTESIAN_POINT('',(10.,0.,0.));
#1028 = DIRECTION('',(-1.,0.,-0.));
#1029 = DIRECTION('',(-0.,0.,1.));
#1030 = ORIENTED_EDGE('',*,*,#1031,.F.);
#1031 = EDGE_CURVE('',#1032,#1023,#1034,.T.);
#1032 = VERTEX_POINT('',#1033);
#1033 = CARTESIAN_POINT('',(10.,-0.666563357043,-28.11609982359));
#1034 = CIRCLE('',#1035,11.999999999994);
#1035 = AXIS2_PLACEMENT_3D('',#1036,#1037,#1038);
#1036 = CARTESIAN_POINT('',(10.,-12.34230820272,-25.34536304459));
#1037 = DIRECTION('',(-1.,-0.,0.));
#1038 = DIRECTION('',(0.,-1.,-1.040834085587E-14));
#1039 = ORIENTED_EDGE('',*,*,#1040,.F.);
#1040 = EDGE_CURVE('',#1041,#1032,#1043,.T.);
#1041 = VERTEX_POINT('',#1042);
#1042 = CARTESIAN_POINT('',(10.,0.666563357044,-28.11609982359));
#1043 = CIRCLE('',#1044,28.123999999986);
#1044 = AXIS2_PLACEMENT_3D('',#1045,#1046,#1047);
#1045 = CARTESIAN_POINT('',(10.,0.,0.));
#1046 = DIRECTION('',(-1.,-0.,0.));
#1047 = DIRECTION('',(0.,-1.,-1.047444401653E-14));
#1048 = ORIENTED_EDGE('',*,*,#1049,.F.);
#1049 = EDGE_CURVE('',#1050,#1041,#1052,.T.);
#1050 = VERTEX_POINT('',#1051);
#1051 = CARTESIAN_POINT('',(10.,2.003010827263,-31.43625212433));
#1052 = CIRCLE('',#1053,11.999999999994);
#1053 = AXIS2_PLACEMENT_3D('',#1054,#1055,#1056);
#1054 = CARTESIAN_POINT('',(10.,12.342308202722,-25.34536304459));
#1055 = DIRECTION('',(-1.,-0.,0.));
#1056 = DIRECTION('',(0.,-1.,-1.040834085587E-14));
#1057 = ORIENTED_EDGE('',*,*,#1058,.F.);
#1058 = EDGE_CURVE('',#1059,#1050,#1061,.T.);
#1059 = VERTEX_POINT('',#1060);
#1060 = CARTESIAN_POINT('',(10.,2.939362843768,-31.36255962244));
#1061 = CIRCLE('',#1062,31.499999999984);
#1062 = AXIS2_PLACEMENT_3D('',#1063,#1064,#1065);
#1063 = CARTESIAN_POINT('',(10.,0.,0.));
#1064 = DIRECTION('',(-1.,0.,-0.));
#1065 = DIRECTION('',(-0.,0.,1.));
#1066 = ORIENTED_EDGE('',*,*,#1067,.F.);
#1067 = EDGE_CURVE('',#1068,#1059,#1070,.T.);
#1068 = VERTEX_POINT('',#1069);
#1069 = CARTESIAN_POINT('',(10.,3.739970178902,-27.87421746094));
#1070 = CIRCLE('',#1071,11.999999999994);
#1071 = AXIS2_PLACEMENT_3D('',#1072,#1073,#1074);
#1072 = CARTESIAN_POINT('',(10.,-8.225465598727,-26.96408194835));
#1073 = DIRECTION('',(-1.,-0.,0.));
#1074 = DIRECTION('',(0.,-0.987688340595,-0.15643446504));
#1075 = ORIENTED_EDGE('',*,*,#1076,.F.);
#1076 = EDGE_CURVE('',#1077,#1068,#1079,.T.);
#1077 = VERTEX_POINT('',#1078);
#1078 = CARTESIAN_POINT('',(10.,5.056683890942,-27.66567049659));
#1079 = CIRCLE('',#1080,28.123999999986);
#1080 = AXIS2_PLACEMENT_3D('',#1081,#1082,#1083);
#1081 = CARTESIAN_POINT('',(10.,0.,0.));
#1082 = DIRECTION('',(-1.,-0.,0.));
#1083 = DIRECTION('',(0.,-0.987688340595,-0.15643446504));
#1084 = ORIENTED_EDGE('',*,*,#1085,.F.);
#1085 = EDGE_CURVE('',#1086,#1077,#1088,.T.);
#1086 = VERTEX_POINT('',#1087);
#1087 = CARTESIAN_POINT('',(10.,6.896063724114,-30.73587976798));
#1088 = CIRCLE('',#1089,11.999999999994);
#1089 = AXIS2_PLACEMENT_3D('',#1090,#1091,#1092);
#1090 = CARTESIAN_POINT('',(10.,16.155242216993,-23.10255718624));
#1091 = DIRECTION('',(-1.,-0.,0.));
#1092 = DIRECTION('',(0.,-0.987688340595,-0.15643446504));
#1093 = ORIENTED_EDGE('',*,*,#1094,.F.);
#1094 = EDGE_CURVE('',#1095,#1086,#1097,.T.);
#1095 = VERTEX_POINT('',#1096);
#1096 = CARTESIAN_POINT('',(10.,7.809359646399,-30.51661681628));
#1097 = CIRCLE('',#1098,31.499999999984);
#1098 = AXIS2_PLACEMENT_3D('',#1099,#1100,#1101);
#1099 = CARTESIAN_POINT('',(10.,0.,0.));
#1100 = DIRECTION('',(-1.,0.,-0.));
#1101 = DIRECTION('',(-0.,0.,1.));
#1102 = ORIENTED_EDGE('',*,*,#1103,.F.);
#1103 = EDGE_CURVE('',#239,#1095,#1104,.T.);
#1104 = LINE('',#1105,#1106);
#1105 = CARTESIAN_POINT('',(10.,3.856225677884E-15,-30.51661681628));
#1106 = VECTOR('',#1107,1.);
#1107 = DIRECTION('',(0.,-1.,-1.263647835243E-16));
#1108 = ORIENTED_EDGE('',*,*,#238,.F.);
#1109 = ORIENTED_EDGE('',*,*,#1110,.F.);
#1110 = EDGE_CURVE('',#1111,#229,#1113,.T.);
#1111 = VERTEX_POINT('',#1112);
#1112 = CARTESIAN_POINT('',(10.,250.,2.849599308756));
#1113 = LINE('',#1114,#1115);
#1114 = CARTESIAN_POINT('',(10.,250.,2.849599308756));
#1115 = VECTOR('',#1116,1.);
#1116 = DIRECTION('',(-0.,-1.,-0.));
#1117 = ORIENTED_EDGE('',*,*,#1118,.F.);
#1118 = EDGE_CURVE('',#271,#1111,#1119,.T.);
#1119 = LINE('',#1120,#1121);
#1120 = CARTESIAN_POINT('',(10.,250.,30.735879767984));
#1121 = VECTOR('',#1122,1.);
#1122 = DIRECTION('',(0.,0.,-1.));
#1123 = FACE_BOUND('',#1124,.T.);
#1124 = EDGE_LOOP('',(#1125,#1126));
#1125 = ORIENTED_EDGE('',*,*,#87,.F.);
#1126 = ORIENTED_EDGE('',*,*,#1127,.F.);
#1127 = EDGE_CURVE('',#80,#61,#1128,.T.);
#1128 = CIRCLE('',#1129,10.);
#1129 = AXIS2_PLACEMENT_3D('',#1130,#1131,#1132);
#1130 = CARTESIAN_POINT('',(10.,0.,0.));
#1131 = DIRECTION('',(1.,0.,-0.));
#1132 = DIRECTION('',(0.,0.,1.));
#1133 = PLANE('',#1134);
#1134 = AXIS2_PLACEMENT_3D('',#1135,#1136,#1137);
#1135 = CARTESIAN_POINT('',(10.,0.,0.));
#1136 = DIRECTION('',(-1.,0.,-0.));
#1137 = DIRECTION('',(0.,0.,1.));
#1138 = ADVANCED_FACE('',(#1139),#1165,.T.);
#1139 = FACE_BOUND('',#1140,.T.);
#1140 = EDGE_LOOP('',(#1141,#1149,#1150,#1158));
#1141 = ORIENTED_EDGE('',*,*,#1142,.F.);
#1142 = EDGE_CURVE('',#306,#1143,#1145,.T.);
#1143 = VERTEX_POINT('',#1144);
#1144 = CARTESIAN_POINT('',(0.,2.003010827262,31.436252124337));
#1145 = LINE('',#1146,#1147);
#1146 = CARTESIAN_POINT('',(5.,2.003010827262,31.436252124337));
#1147 = VECTOR('',#1148,1.);
#1148 = DIRECTION('',(-1.,0.,0.));
#1149 = ORIENTED_EDGE('',*,*,#305,.T.);
#1150 = ORIENTED_EDGE('',*,*,#1151,.F.);
#1151 = EDGE_CURVE('',#1152,#297,#1154,.T.);
#1152 = VERTEX_POINT('',#1153);
#1153 = CARTESIAN_POINT('',(0.,2.939362843768,31.362559622449));
#1154 = LINE('',#1155,#1156);
#1155 = CARTESIAN_POINT('',(5.,2.939362843768,31.362559622449));
#1156 = VECTOR('',#1157,1.);
#1157 = DIRECTION('',(1.,-0.,-0.));
#1158 = ORIENTED_EDGE('',*,*,#1159,.F.);
#1159 = EDGE_CURVE('',#1143,#1152,#1160,.T.);
#1160 = CIRCLE('',#1161,31.499999999984);
#1161 = AXIS2_PLACEMENT_3D('',#1162,#1163,#1164);
#1162 = CARTESIAN_POINT('',(0.,0.,0.));
#1163 = DIRECTION('',(-1.,0.,-0.));
#1164 = DIRECTION('',(-0.,0.,1.));
#1165 = CYLINDRICAL_SURFACE('',#1166,31.499999999984);
#1166 = AXIS2_PLACEMENT_3D('',#1167,#1168,#1169);
#1167 = CARTESIAN_POINT('',(-10.,0.,0.));
#1168 = DIRECTION('',(-1.,-0.,-0.));
#1169 = DIRECTION('',(-0.,0.,1.));
#1170 = ADVANCED_FACE('',(#1171),#1197,.T.);
#1171 = FACE_BOUND('',#1172,.T.);
#1172 = EDGE_LOOP('',(#1173,#1181,#1190,#1196));
#1173 = ORIENTED_EDGE('',*,*,#1174,.F.);
#1174 = EDGE_CURVE('',#1175,#332,#1177,.T.);
#1175 = VERTEX_POINT('',#1176);
#1176 = CARTESIAN_POINT('',(0.,-2.003010827262,31.436252124337));
#1177 = LINE('',#1178,#1179);
#1178 = CARTESIAN_POINT('',(5.,-2.003010827262,31.436252124337));
#1179 = VECTOR('',#1180,1.);
#1180 = DIRECTION('',(1.,-0.,-0.));
#1181 = ORIENTED_EDGE('',*,*,#1182,.F.);
#1182 = EDGE_CURVE('',#1183,#1175,#1185,.T.);
#1183 = VERTEX_POINT('',#1184);
#1184 = CARTESIAN_POINT('',(0.,-2.939362843768,31.362559622449));
#1185 = CIRCLE('',#1186,31.499999999984);
#1186 = AXIS2_PLACEMENT_3D('',#1187,#1188,#1189);
#1187 = CARTESIAN_POINT('',(0.,0.,0.));
#1188 = DIRECTION('',(-1.,0.,-0.));
#1189 = DIRECTION('',(-0.,0.,1.));
#1190 = ORIENTED_EDGE('',*,*,#1191,.F.);
#1191 = EDGE_CURVE('',#341,#1183,#1192,.T.);
#1192 = LINE('',#1193,#1194);
#1193 = CARTESIAN_POINT('',(5.,-2.939362843768,31.362559622449));
#1194 = VECTOR('',#1195,1.);
#1195 = DIRECTION('',(-1.,0.,0.));
#1196 = ORIENTED_EDGE('',*,*,#340,.T.);
#1197 = CYLINDRICAL_SURFACE('',#1198,31.499999999984);
#1198 = AXIS2_PLACEMENT_3D('',#1199,#1200,#1201);
#1199 = CARTESIAN_POINT('',(-10.,0.,0.));
#1200 = DIRECTION('',(-1.,-0.,-0.));
#1201 = DIRECTION('',(-0.,0.,1.));
#1202 = ADVANCED_FACE('',(#1203),#1229,.T.);
#1203 = FACE_BOUND('',#1204,.T.);
#1204 = EDGE_LOOP('',(#1205,#1213,#1214,#1222));
#1205 = ORIENTED_EDGE('',*,*,#1206,.F.);
#1206 = EDGE_CURVE('',#663,#1207,#1209,.T.);
#1207 = VERTEX_POINT('',#1208);
#1208 = CARTESIAN_POINT('',(0.,-31.43625212433,2.003010827262));
#1209 = LINE('',#1210,#1211);
#1210 = CARTESIAN_POINT('',(5.,-31.43625212433,2.003010827262));
#1211 = VECTOR('',#1212,1.);
#1212 = DIRECTION('',(-1.,-0.,0.));
#1213 = ORIENTED_EDGE('',*,*,#662,.T.);
#1214 = ORIENTED_EDGE('',*,*,#1215,.F.);
#1215 = EDGE_CURVE('',#1216,#654,#1218,.T.);
#1216 = VERTEX_POINT('',#1217);
#1217 = CARTESIAN_POINT('',(0.,-31.36255962244,2.939362843768));
#1218 = LINE('',#1219,#1220);
#1219 = CARTESIAN_POINT('',(5.,-31.36255962244,2.939362843768));
#1220 = VECTOR('',#1221,1.);
#1221 = DIRECTION('',(1.,-0.,-0.));
#1222 = ORIENTED_EDGE('',*,*,#1223,.F.);
#1223 = EDGE_CURVE('',#1207,#1216,#1224,.T.);
#1224 = CIRCLE('',#1225,31.499999999984);
#1225 = AXIS2_PLACEMENT_3D('',#1226,#1227,#1228);
#1226 = CARTESIAN_POINT('',(0.,0.,0.));
#1227 = DIRECTION('',(-1.,0.,-0.));
#1228 = DIRECTION('',(-0.,0.,1.));
#1229 = CYLINDRICAL_SURFACE('',#1230,31.499999999984);
#1230 = AXIS2_PLACEMENT_3D('',#1231,#1232,#1233);
#1231 = CARTESIAN_POINT('',(-10.,0.,0.));
#1232 = DIRECTION('',(-1.,-0.,-0.));
#1233 = DIRECTION('',(-0.,0.,1.));
#1234 = ADVANCED_FACE('',(#1235),#1261,.T.);
#1235 = FACE_BOUND('',#1236,.T.);
#1236 = EDGE_LOOP('',(#1237,#1245,#1254,#1260));
#1237 = ORIENTED_EDGE('',*,*,#1238,.F.);
#1238 = EDGE_CURVE('',#1239,#690,#1241,.T.);
#1239 = VERTEX_POINT('',#1240);
#1240 = CARTESIAN_POINT('',(0.,-31.43625212433,-2.003010827262));
#1241 = LINE('',#1242,#1243);
#1242 = CARTESIAN_POINT('',(5.,-31.43625212433,-2.003010827262));
#1243 = VECTOR('',#1244,1.);
#1244 = DIRECTION('',(1.,0.,-0.));
#1245 = ORIENTED_EDGE('',*,*,#1246,.F.);
#1246 = EDGE_CURVE('',#1247,#1239,#1249,.T.);
#1247 = VERTEX_POINT('',#1248);
#1248 = CARTESIAN_POINT('',(0.,-31.36255962244,-2.939362843768));
#1249 = CIRCLE('',#1250,31.499999999984);
#1250 = AXIS2_PLACEMENT_3D('',#1251,#1252,#1253);
#1251 = CARTESIAN_POINT('',(0.,0.,0.));
#1252 = DIRECTION('',(-1.,0.,-0.));
#1253 = DIRECTION('',(-0.,0.,1.));
#1254 = ORIENTED_EDGE('',*,*,#1255,.F.);
#1255 = EDGE_CURVE('',#699,#1247,#1256,.T.);
#1256 = LINE('',#1257,#1258);
#1257 = CARTESIAN_POINT('',(5.,-31.36255962244,-2.939362843768));
#1258 = VECTOR('',#1259,1.);
#1259 = DIRECTION('',(-1.,-0.,0.));
#1260 = ORIENTED_EDGE('',*,*,#698,.T.);
#1261 = CYLINDRICAL_SURFACE('',#1262,31.499999999984);
#1262 = AXIS2_PLACEMENT_3D('',#1263,#1264,#1265);
#1263 = CARTESIAN_POINT('',(-10.,0.,0.));
#1264 = DIRECTION('',(-1.,-0.,-0.));
#1265 = DIRECTION('',(-0.,0.,1.));
#1266 = ADVANCED_FACE('',(#1267),#1286,.T.);
#1267 = FACE_BOUND('',#1268,.T.);
#1268 = EDGE_LOOP('',(#1269,#1277,#1278,#1279));
#1269 = ORIENTED_EDGE('',*,*,#1270,.F.);
#1270 = EDGE_CURVE('',#627,#1271,#1273,.T.);
#1271 = VERTEX_POINT('',#1272);
#1272 = CARTESIAN_POINT('',(0.,-30.73587976798,6.896063724113));
#1273 = LINE('',#1274,#1275);
#1274 = CARTESIAN_POINT('',(5.,-30.73587976798,6.896063724113));
#1275 = VECTOR('',#1276,1.);
#1276 = DIRECTION('',(-1.,0.,0.));
#1277 = ORIENTED_EDGE('',*,*,#626,.T.);
#1278 = ORIENTED_EDGE('',*,*,#172,.F.);
#1279 = ORIENTED_EDGE('',*,*,#1280,.F.);
#1280 = EDGE_CURVE('',#1271,#164,#1281,.T.);
#1281 = CIRCLE('',#1282,31.499999999984);
#1282 = AXIS2_PLACEMENT_3D('',#1283,#1284,#1285);
#1283 = CARTESIAN_POINT('',(0.,0.,0.));
#1284 = DIRECTION('',(-1.,0.,-0.));
#1285 = DIRECTION('',(-0.,0.,1.));
#1286 = CYLINDRICAL_SURFACE('',#1287,31.499999999984);
#1287 = AXIS2_PLACEMENT_3D('',#1288,#1289,#1290);
#1288 = CARTESIAN_POINT('',(-10.,0.,0.));
#1289 = DIRECTION('',(-1.,-0.,-0.));
#1290 = DIRECTION('',(-0.,0.,1.));
#1291 = ADVANCED_FACE('',(#1292),#1311,.T.);
#1292 = FACE_BOUND('',#1293,.T.);
#1293 = EDGE_LOOP('',(#1294,#1302,#1303,#1304));
#1294 = ORIENTED_EDGE('',*,*,#1295,.F.);
#1295 = EDGE_CURVE('',#592,#1296,#1298,.T.);
#1296 = VERTEX_POINT('',#1297);
#1297 = CARTESIAN_POINT('',(0.,-29.2786880452,11.619312645353));
#1298 = LINE('',#1299,#1300);
#1299 = CARTESIAN_POINT('',(5.,-29.2786880452,11.619312645353));
#1300 = VECTOR('',#1301,1.);
#1301 = DIRECTION('',(-1.,0.,0.));
#1302 = ORIENTED_EDGE('',*,*,#591,.T.);
#1303 = ORIENTED_EDGE('',*,*,#214,.F.);
#1304 = ORIENTED_EDGE('',*,*,#1305,.F.);
#1305 = EDGE_CURVE('',#1296,#206,#1306,.T.);
#1306 = CIRCLE('',#1307,31.499999999984);
#1307 = AXIS2_PLACEMENT_3D('',#1308,#1309,#1310);
#1308 = CARTESIAN_POINT('',(0.,0.,0.));
#1309 = DIRECTION('',(-1.,0.,-0.));
#1310 = DIRECTION('',(-0.,0.,1.));
#1311 = CYLINDRICAL_SURFACE('',#1312,31.499999999984);
#1312 = AXIS2_PLACEMENT_3D('',#1313,#1314,#1315);
#1313 = CARTESIAN_POINT('',(-10.,0.,0.));
#1314 = DIRECTION('',(-1.,-0.,-0.));
#1315 = DIRECTION('',(-0.,0.,1.));
#1316 = ADVANCED_FACE('',(#1317),#1343,.T.);
#1317 = FACE_BOUND('',#1318,.T.);
#1318 = EDGE_LOOP('',(#1319,#1327,#1328,#1336));
#1319 = ORIENTED_EDGE('',*,*,#1320,.F.);
#1320 = EDGE_CURVE('',#521,#1321,#1323,.T.);
#1321 = VERTEX_POINT('',#1322);
#1322 = CARTESIAN_POINT('',(0.,-24.25512198359,20.098235185205));
#1323 = LINE('',#1324,#1325);
#1324 = CARTESIAN_POINT('',(5.,-24.25512198359,20.098235185205));
#1325 = VECTOR('',#1326,1.);
#1326 = DIRECTION('',(-1.,0.,0.));
#1327 = ORIENTED_EDGE('',*,*,#520,.T.);
#1328 = ORIENTED_EDGE('',*,*,#1329,.F.);
#1329 = EDGE_CURVE('',#1330,#512,#1332,.T.);
#1330 = VERTEX_POINT('',#1331);
#1331 = CARTESIAN_POINT('',(0.,-23.64512959095,20.812444513461));
#1332 = LINE('',#1333,#1334);
#1333 = CARTESIAN_POINT('',(5.,-23.64512959095,20.812444513461));
#1334 = VECTOR('',#1335,1.);
#1335 = DIRECTION('',(1.,-0.,-0.));
#1336 = ORIENTED_EDGE('',*,*,#1337,.F.);
#1337 = EDGE_CURVE('',#1321,#1330,#1338,.T.);
#1338 = CIRCLE('',#1339,31.499999999984);
#1339 = AXIS2_PLACEMENT_3D('',#1340,#1341,#1342);
#1340 = CARTESIAN_POINT('',(0.,0.,0.));
#1341 = DIRECTION('',(-1.,0.,-0.));
#1342 = DIRECTION('',(-0.,0.,1.));
#1343 = CYLINDRICAL_SURFACE('',#1344,31.499999999984);
#1344 = AXIS2_PLACEMENT_3D('',#1345,#1346,#1347);
#1345 = CARTESIAN_POINT('',(-10.,0.,0.));
#1346 = DIRECTION('',(-1.,-0.,-0.));
#1347 = DIRECTION('',(-0.,0.,1.));
#1348 = ADVANCED_FACE('',(#1349),#1375,.T.);
#1349 = FACE_BOUND('',#1350,.T.);
#1350 = EDGE_LOOP('',(#1351,#1359,#1368,#1374));
#1351 = ORIENTED_EDGE('',*,*,#1352,.F.);
#1352 = EDGE_CURVE('',#1353,#548,#1355,.T.);
#1353 = VERTEX_POINT('',#1354);
#1354 = CARTESIAN_POINT('',(0.,-26.60980243249,16.857295586861));
#1355 = LINE('',#1356,#1357);
#1356 = CARTESIAN_POINT('',(5.,-26.60980243249,16.857295586861));
#1357 = VECTOR('',#1358,1.);
#1358 = DIRECTION('',(1.,-0.,-0.));
#1359 = ORIENTED_EDGE('',*,*,#1360,.F.);
#1360 = EDGE_CURVE('',#1361,#1353,#1363,.T.);
#1361 = VERTEX_POINT('',#1362);
#1362 = CARTESIAN_POINT('',(0.,-27.10055785236,16.056455526977));
#1363 = CIRCLE('',#1364,31.499999999984);
#1364 = AXIS2_PLACEMENT_3D('',#1365,#1366,#1367);
#1365 = CARTESIAN_POINT('',(0.,0.,0.));
#1366 = DIRECTION('',(-1.,0.,-0.));
#1367 = DIRECTION('',(-0.,0.,1.));
#1368 = ORIENTED_EDGE('',*,*,#1369,.F.);
#1369 = EDGE_CURVE('',#557,#1361,#1370,.T.);
#1370 = LINE('',#1371,#1372);
#1371 = CARTESIAN_POINT('',(5.,-27.10055785236,16.056455526977));
#1372 = VECTOR('',#1373,1.);
#1373 = DIRECTION('',(-1.,0.,0.));
#1374 = ORIENTED_EDGE('',*,*,#556,.T.);
#1375 = CYLINDRICAL_SURFACE('',#1376,31.499999999984);
#1376 = AXIS2_PLACEMENT_3D('',#1377,#1378,#1379);
#1377 = CARTESIAN_POINT('',(-10.,0.,0.));
#1378 = DIRECTION('',(-1.,-0.,-0.));
#1379 = DIRECTION('',(-0.,0.,1.));
#1380 = ADVANCED_FACE('',(#1381),#1407,.T.);
#1381 = FACE_BOUND('',#1382,.T.);
#1382 = EDGE_LOOP('',(#1383,#1391,#1392,#1400));
#1383 = ORIENTED_EDGE('',*,*,#1384,.F.);
#1384 = EDGE_CURVE('',#413,#1385,#1387,.T.);
#1385 = VERTEX_POINT('',#1386);
#1386 = CARTESIAN_POINT('',(0.,-12.48706409675,28.919253625267));
#1387 = LINE('',#1388,#1389);
#1388 = CARTESIAN_POINT('',(5.,-12.48706409675,28.919253625267));
#1389 = VECTOR('',#1390,1.);
#1390 = DIRECTION('',(-1.,0.,0.));
#1391 = ORIENTED_EDGE('',*,*,#412,.T.);
#1392 = ORIENTED_EDGE('',*,*,#1393,.F.);
#1393 = EDGE_CURVE('',#1394,#404,#1396,.T.);
#1394 = VERTEX_POINT('',#1395);
#1395 = CARTESIAN_POINT('',(0.,-11.61931264535,29.278688045207));
#1396 = LINE('',#1397,#1398);
#1397 = CARTESIAN_POINT('',(5.,-11.61931264535,29.278688045207));
#1398 = VECTOR('',#1399,1.);
#1399 = DIRECTION('',(1.,-0.,-0.));
#1400 = ORIENTED_EDGE('',*,*,#1401,.F.);
#1401 = EDGE_CURVE('',#1385,#1394,#1402,.T.);
#1402 = CIRCLE('',#1403,31.499999999984);
#1403 = AXIS2_PLACEMENT_3D('',#1404,#1405,#1406);
#1404 = CARTESIAN_POINT('',(0.,0.,0.));
#1405 = DIRECTION('',(-1.,0.,-0.));
#1406 = DIRECTION('',(-0.,0.,1.));
#1407 = CYLINDRICAL_SURFACE('',#1408,31.499999999984);
#1408 = AXIS2_PLACEMENT_3D('',#1409,#1410,#1411);
#1409 = CARTESIAN_POINT('',(-10.,0.,0.));
#1410 = DIRECTION('',(-1.,-0.,-0.));
#1411 = DIRECTION('',(-0.,0.,1.));
#1412 = ADVANCED_FACE('',(#1413),#1439,.T.);
#1413 = FACE_BOUND('',#1414,.T.);
#1414 = EDGE_LOOP('',(#1415,#1423,#1432,#1438));
#1415 = ORIENTED_EDGE('',*,*,#1416,.F.);
#1416 = EDGE_CURVE('',#1417,#440,#1419,.T.);
#1417 = VERTEX_POINT('',#1418);
#1418 = CARTESIAN_POINT('',(0.,-16.05645552697,27.100557852362));
#1419 = LINE('',#1420,#1421);
#1420 = CARTESIAN_POINT('',(5.,-16.05645552697,27.100557852362));
#1421 = VECTOR('',#1422,1.);
#1422 = DIRECTION('',(1.,-0.,-0.));
#1423 = ORIENTED_EDGE('',*,*,#1424,.F.);
#1424 = EDGE_CURVE('',#1425,#1417,#1427,.T.);
#1425 = VERTEX_POINT('',#1426);
#1426 = CARTESIAN_POINT('',(0.,-16.85729558686,26.609802432491));
#1427 = CIRCLE('',#1428,31.499999999984);
#1428 = AXIS2_PLACEMENT_3D('',#1429,#1430,#1431);
#1429 = CARTESIAN_POINT('',(0.,0.,0.));
#1430 = DIRECTION('',(-1.,0.,-0.));
#1431 = DIRECTION('',(-0.,0.,1.));
#1432 = ORIENTED_EDGE('',*,*,#1433,.F.);
#1433 = EDGE_CURVE('',#449,#1425,#1434,.T.);
#1434 = LINE('',#1435,#1436);
#1435 = CARTESIAN_POINT('',(5.,-16.85729558686,26.609802432491));
#1436 = VECTOR('',#1437,1.);
#1437 = DIRECTION('',(-1.,0.,0.));
#1438 = ORIENTED_EDGE('',*,*,#448,.T.);
#1439 = CYLINDRICAL_SURFACE('',#1440,31.499999999984);
#1440 = AXIS2_PLACEMENT_3D('',#1441,#1442,#1443);
#1441 = CARTESIAN_POINT('',(-10.,0.,0.));
#1442 = DIRECTION('',(-1.,-0.,-0.));
#1443 = DIRECTION('',(-0.,0.,1.));
#1444 = ADVANCED_FACE('',(#1445),#1471,.T.);
#1445 = FACE_BOUND('',#1446,.T.);
#1446 = EDGE_LOOP('',(#1447,#1455,#1456,#1464));
#1447 = ORIENTED_EDGE('',*,*,#1448,.F.);
#1448 = EDGE_CURVE('',#485,#1449,#1451,.T.);
#1449 = VERTEX_POINT('',#1450);
#1450 = CARTESIAN_POINT('',(0.,-20.81244451346,23.645129590956));
#1451 = LINE('',#1452,#1453);
#1452 = CARTESIAN_POINT('',(5.,-20.81244451346,23.645129590956));
#1453 = VECTOR('',#1454,1.);
#1454 = DIRECTION('',(-1.,0.,0.));
#1455 = ORIENTED_EDGE('',*,*,#484,.T.);
#1456 = ORIENTED_EDGE('',*,*,#1457,.F.);
#1457 = EDGE_CURVE('',#1458,#476,#1460,.T.);
#1458 = VERTEX_POINT('',#1459);
#1459 = CARTESIAN_POINT('',(0.,-20.0982351852,24.255121983597));
#1460 = LINE('',#1461,#1462);
#1461 = CARTESIAN_POINT('',(5.,-20.0982351852,24.255121983597));
#1462 = VECTOR('',#1463,1.);
#1463 = DIRECTION('',(1.,-0.,-0.));
#1464 = ORIENTED_EDGE('',*,*,#1465,.F.);
#1465 = EDGE_CURVE('',#1449,#1458,#1466,.T.);
#1466 = CIRCLE('',#1467,31.499999999984);
#1467 = AXIS2_PLACEMENT_3D('',#1468,#1469,#1470);
#1468 = CARTESIAN_POINT('',(0.,0.,0.));
#1469 = DIRECTION('',(-1.,0.,-0.));
#1470 = DIRECTION('',(-0.,0.,1.));
#1471 = CYLINDRICAL_SURFACE('',#1472,31.499999999984);
#1472 = AXIS2_PLACEMENT_3D('',#1473,#1474,#1475);
#1473 = CARTESIAN_POINT('',(-10.,0.,0.));
#1474 = DIRECTION('',(-1.,-0.,-0.));
#1475 = DIRECTION('',(-0.,0.,1.));
#1476 = ADVANCED_FACE('',(#1477),#1503,.T.);
#1477 = FACE_BOUND('',#1478,.T.);
#1478 = EDGE_LOOP('',(#1479,#1487,#1488,#1496));
#1479 = ORIENTED_EDGE('',*,*,#1480,.F.);
#1480 = EDGE_CURVE('',#377,#1481,#1483,.T.);
#1481 = VERTEX_POINT('',#1482);
#1482 = CARTESIAN_POINT('',(0.,-7.809359646398,30.516616816289));
#1483 = LINE('',#1484,#1485);
#1484 = CARTESIAN_POINT('',(5.,-7.809359646398,30.516616816289));
#1485 = VECTOR('',#1486,1.);
#1486 = DIRECTION('',(-1.,0.,0.));
#1487 = ORIENTED_EDGE('',*,*,#376,.T.);
#1488 = ORIENTED_EDGE('',*,*,#1489,.F.);
#1489 = EDGE_CURVE('',#1490,#368,#1492,.T.);
#1490 = VERTEX_POINT('',#1491);
#1491 = CARTESIAN_POINT('',(0.,-6.896063724113,30.735879767984));
#1492 = LINE('',#1493,#1494);
#1493 = CARTESIAN_POINT('',(5.,-6.896063724113,30.735879767984));
#1494 = VECTOR('',#1495,1.);
#1495 = DIRECTION('',(1.,-0.,-0.));
#1496 = ORIENTED_EDGE('',*,*,#1497,.F.);
#1497 = EDGE_CURVE('',#1481,#1490,#1498,.T.);
#1498 = CIRCLE('',#1499,31.499999999984);
#1499 = AXIS2_PLACEMENT_3D('',#1500,#1501,#1502);
#1500 = CARTESIAN_POINT('',(0.,0.,0.));
#1501 = DIRECTION('',(-1.,0.,-0.));
#1502 = DIRECTION('',(-0.,0.,1.));
#1503 = CYLINDRICAL_SURFACE('',#1504,31.499999999984);
#1504 = AXIS2_PLACEMENT_3D('',#1505,#1506,#1507);
#1505 = CARTESIAN_POINT('',(-10.,0.,0.));
#1506 = DIRECTION('',(-1.,-0.,-0.));
#1507 = DIRECTION('',(-0.,0.,1.));
#1508 = ADVANCED_FACE('',(#1509),#1535,.T.);
#1509 = FACE_BOUND('',#1510,.T.);
#1510 = EDGE_LOOP('',(#1511,#1519,#1520,#1528));
#1511 = ORIENTED_EDGE('',*,*,#1512,.F.);
#1512 = EDGE_CURVE('',#879,#1513,#1515,.T.);
#1513 = VERTEX_POINT('',#1514);
#1514 = CARTESIAN_POINT('',(0.,-20.0982351852,-24.25512198359));
#1515 = LINE('',#1516,#1517);
#1516 = CARTESIAN_POINT('',(5.,-20.0982351852,-24.25512198359));
#1517 = VECTOR('',#1518,1.);
#1518 = DIRECTION('',(-1.,-0.,0.));
#1519 = ORIENTED_EDGE('',*,*,#878,.T.);
#1520 = ORIENTED_EDGE('',*,*,#1521,.F.);
#1521 = EDGE_CURVE('',#1522,#870,#1524,.T.);
#1522 = VERTEX_POINT('',#1523);
#1523 = CARTESIAN_POINT('',(0.,-20.81244451346,-23.64512959095));
#1524 = LINE('',#1525,#1526);
#1525 = CARTESIAN_POINT('',(5.,-20.81244451346,-23.64512959095));
#1526 = VECTOR('',#1527,1.);
#1527 = DIRECTION('',(1.,0.,-0.));
#1528 = ORIENTED_EDGE('',*,*,#1529,.F.);
#1529 = EDGE_CURVE('',#1513,#1522,#1530,.T.);
#1530 = CIRCLE('',#1531,31.499999999984);
#1531 = AXIS2_PLACEMENT_3D('',#1532,#1533,#1534);
#1532 = CARTESIAN_POINT('',(0.,0.,0.));
#1533 = DIRECTION('',(-1.,0.,-0.));
#1534 = DIRECTION('',(-0.,0.,1.));
#1535 = CYLINDRICAL_SURFACE('',#1536,31.499999999984);
#1536 = AXIS2_PLACEMENT_3D('',#1537,#1538,#1539);
#1537 = CARTESIAN_POINT('',(-10.,0.,0.));
#1538 = DIRECTION('',(-1.,-0.,-0.));
#1539 = DIRECTION('',(-0.,0.,1.));
#1540 = ADVANCED_FACE('',(#1541),#1567,.T.);
#1541 = FACE_BOUND('',#1542,.T.);
#1542 = EDGE_LOOP('',(#1543,#1551,#1560,#1566));
#1543 = ORIENTED_EDGE('',*,*,#1544,.F.);
#1544 = EDGE_CURVE('',#1545,#906,#1547,.T.);
#1545 = VERTEX_POINT('',#1546);
#1546 = CARTESIAN_POINT('',(0.,-16.85729558686,-26.60980243249));
#1547 = LINE('',#1548,#1549);
#1548 = CARTESIAN_POINT('',(5.,-16.85729558686,-26.60980243249));
#1549 = VECTOR('',#1550,1.);
#1550 = DIRECTION('',(1.,0.,-0.));
#1551 = ORIENTED_EDGE('',*,*,#1552,.F.);
#1552 = EDGE_CURVE('',#1553,#1545,#1555,.T.);
#1553 = VERTEX_POINT('',#1554);
#1554 = CARTESIAN_POINT('',(0.,-16.05645552697,-27.10055785236));
#1555 = CIRCLE('',#1556,31.499999999984);
#1556 = AXIS2_PLACEMENT_3D('',#1557,#1558,#1559);
#1557 = CARTESIAN_POINT('',(0.,0.,0.));
#1558 = DIRECTION('',(-1.,0.,-0.));
#1559 = DIRECTION('',(-0.,0.,1.));
#1560 = ORIENTED_EDGE('',*,*,#1561,.F.);
#1561 = EDGE_CURVE('',#915,#1553,#1562,.T.);
#1562 = LINE('',#1563,#1564);
#1563 = CARTESIAN_POINT('',(5.,-16.05645552697,-27.10055785236));
#1564 = VECTOR('',#1565,1.);
#1565 = DIRECTION('',(-1.,-0.,0.));
#1566 = ORIENTED_EDGE('',*,*,#914,.T.);
#1567 = CYLINDRICAL_SURFACE('',#1568,31.499999999984);
#1568 = AXIS2_PLACEMENT_3D('',#1569,#1570,#1571);
#1569 = CARTESIAN_POINT('',(-10.,0.,0.));
#1570 = DIRECTION('',(-1.,-0.,-0.));
#1571 = DIRECTION('',(-0.,0.,1.));
#1572 = ADVANCED_FACE('',(#1573),#1599,.T.);
#1573 = FACE_BOUND('',#1574,.T.);
#1574 = EDGE_LOOP('',(#1575,#1583,#1584,#1592));
#1575 = ORIENTED_EDGE('',*,*,#1576,.F.);
#1576 = EDGE_CURVE('',#843,#1577,#1579,.T.);
#1577 = VERTEX_POINT('',#1578);
#1578 = CARTESIAN_POINT('',(0.,-23.64512959095,-20.81244451346));
#1579 = LINE('',#1580,#1581);
#1580 = CARTESIAN_POINT('',(5.,-23.64512959095,-20.81244451346));
#1581 = VECTOR('',#1582,1.);
#1582 = DIRECTION('',(-1.,-0.,0.));
#1583 = ORIENTED_EDGE('',*,*,#842,.T.);
#1584 = ORIENTED_EDGE('',*,*,#1585,.F.);
#1585 = EDGE_CURVE('',#1586,#834,#1588,.T.);
#1586 = VERTEX_POINT('',#1587);
#1587 = CARTESIAN_POINT('',(0.,-24.25512198359,-20.0982351852));
#1588 = LINE('',#1589,#1590);
#1589 = CARTESIAN_POINT('',(5.,-24.25512198359,-20.0982351852));
#1590 = VECTOR('',#1591,1.);
#1591 = DIRECTION('',(1.,0.,-0.));
#1592 = ORIENTED_EDGE('',*,*,#1593,.F.);
#1593 = EDGE_CURVE('',#1577,#1586,#1594,.T.);
#1594 = CIRCLE('',#1595,31.499999999984);
#1595 = AXIS2_PLACEMENT_3D('',#1596,#1597,#1598);
#1596 = CARTESIAN_POINT('',(0.,0.,0.));
#1597 = DIRECTION('',(-1.,0.,-0.));
#1598 = DIRECTION('',(-0.,0.,1.));
#1599 = CYLINDRICAL_SURFACE('',#1600,31.499999999984);
#1600 = AXIS2_PLACEMENT_3D('',#1601,#1602,#1603);
#1601 = CARTESIAN_POINT('',(-10.,0.,0.));
#1602 = DIRECTION('',(-1.,-0.,-0.));
#1603 = DIRECTION('',(-0.,0.,1.));
#1604 = ADVANCED_FACE('',(#1605),#1631,.T.);
#1605 = FACE_BOUND('',#1606,.T.);
#1606 = EDGE_LOOP('',(#1607,#1615,#1624,#1630));
#1607 = ORIENTED_EDGE('',*,*,#1608,.F.);
#1608 = EDGE_CURVE('',#1609,#942,#1611,.T.);
#1609 = VERTEX_POINT('',#1610);
#1610 = CARTESIAN_POINT('',(0.,-12.48706409675,-28.91925362526));
#1611 = LINE('',#1612,#1613);
#1612 = CARTESIAN_POINT('',(5.,-12.48706409675,-28.91925362526));
#1613 = VECTOR('',#1614,1.);
#1614 = DIRECTION('',(1.,0.,-0.));
#1615 = ORIENTED_EDGE('',*,*,#1616,.F.);
#1616 = EDGE_CURVE('',#1617,#1609,#1619,.T.);
#1617 = VERTEX_POINT('',#1618);
#1618 = CARTESIAN_POINT('',(0.,-11.61931264535,-29.2786880452));
#1619 = CIRCLE('',#1620,31.499999999984);
#1620 = AXIS2_PLACEMENT_3D('',#1621,#1622,#1623);
#1621 = CARTESIAN_POINT('',(0.,0.,0.));
#1622 = DIRECTION('',(-1.,0.,-0.));
#1623 = DIRECTION('',(-0.,0.,1.));
#1624 = ORIENTED_EDGE('',*,*,#1625,.F.);
#1625 = EDGE_CURVE('',#951,#1617,#1626,.T.);
#1626 = LINE('',#1627,#1628);
#1627 = CARTESIAN_POINT('',(5.,-11.61931264535,-29.2786880452));
#1628 = VECTOR('',#1629,1.);
#1629 = DIRECTION('',(-1.,-0.,0.));
#1630 = ORIENTED_EDGE('',*,*,#950,.T.);
#1631 = CYLINDRICAL_SURFACE('',#1632,31.499999999984);
#1632 = AXIS2_PLACEMENT_3D('',#1633,#1634,#1635);
#1633 = CARTESIAN_POINT('',(-10.,0.,0.));
#1634 = DIRECTION('',(-1.,-0.,-0.));
#1635 = DIRECTION('',(-0.,0.,1.));
#1636 = ADVANCED_FACE('',(#1637),#1663,.T.);
#1637 = FACE_BOUND('',#1638,.T.);
#1638 = EDGE_LOOP('',(#1639,#1647,#1656,#1662));
#1639 = ORIENTED_EDGE('',*,*,#1640,.F.);
#1640 = EDGE_CURVE('',#1641,#978,#1643,.T.);
#1641 = VERTEX_POINT('',#1642);
#1642 = CARTESIAN_POINT('',(0.,-7.809359646398,-30.51661681628));
#1643 = LINE('',#1644,#1645);
#1644 = CARTESIAN_POINT('',(5.,-7.809359646398,-30.51661681628));
#1645 = VECTOR('',#1646,1.);
#1646 = DIRECTION('',(1.,0.,-0.));
#1647 = ORIENTED_EDGE('',*,*,#1648,.F.);
#1648 = EDGE_CURVE('',#1649,#1641,#1651,.T.);
#1649 = VERTEX_POINT('',#1650);
#1650 = CARTESIAN_POINT('',(0.,-6.896063724113,-30.73587976798));
#1651 = CIRCLE('',#1652,31.499999999984);
#1652 = AXIS2_PLACEMENT_3D('',#1653,#1654,#1655);
#1653 = CARTESIAN_POINT('',(0.,0.,0.));
#1654 = DIRECTION('',(-1.,0.,-0.));
#1655 = DIRECTION('',(-0.,0.,1.));
#1656 = ORIENTED_EDGE('',*,*,#1657,.F.);
#1657 = EDGE_CURVE('',#987,#1649,#1658,.T.);
#1658 = LINE('',#1659,#1660);
#1659 = CARTESIAN_POINT('',(5.,-6.896063724113,-30.73587976798));
#1660 = VECTOR('',#1661,1.);
#1661 = DIRECTION('',(-1.,-0.,0.));
#1662 = ORIENTED_EDGE('',*,*,#986,.T.);
#1663 = CYLINDRICAL_SURFACE('',#1664,31.499999999984);
#1664 = AXIS2_PLACEMENT_3D('',#1665,#1666,#1667);
#1665 = CARTESIAN_POINT('',(-10.,0.,0.));
#1666 = DIRECTION('',(-1.,-0.,-0.));
#1667 = DIRECTION('',(-0.,0.,1.));
#1668 = ADVANCED_FACE('',(#1669),#1695,.T.);
#1669 = FACE_BOUND('',#1670,.T.);
#1670 = EDGE_LOOP('',(#1671,#1679,#1688,#1694));
#1671 = ORIENTED_EDGE('',*,*,#1672,.F.);
#1672 = EDGE_CURVE('',#1673,#1014,#1675,.T.);
#1673 = VERTEX_POINT('',#1674);
#1674 = CARTESIAN_POINT('',(0.,-2.939362843767,-31.36255962244));
#1675 = LINE('',#1676,#1677);
#1676 = CARTESIAN_POINT('',(5.,-2.939362843767,-31.36255962244));
#1677 = VECTOR('',#1678,1.);
#1678 = DIRECTION('',(1.,0.,-0.));
#1679 = ORIENTED_EDGE('',*,*,#1680,.F.);
#1680 = EDGE_CURVE('',#1681,#1673,#1683,.T.);
#1681 = VERTEX_POINT('',#1682);
#1682 = CARTESIAN_POINT('',(0.,-2.003010827262,-31.43625212433));
#1683 = CIRCLE('',#1684,31.499999999984);
#1684 = AXIS2_PLACEMENT_3D('',#1685,#1686,#1687);
#1685 = CARTESIAN_POINT('',(0.,0.,0.));
#1686 = DIRECTION('',(-1.,0.,-0.));
#1687 = DIRECTION('',(-0.,0.,1.));
#1688 = ORIENTED_EDGE('',*,*,#1689,.F.);
#1689 = EDGE_CURVE('',#1023,#1681,#1690,.T.);
#1690 = LINE('',#1691,#1692);
#1691 = CARTESIAN_POINT('',(5.,-2.003010827262,-31.43625212433));
#1692 = VECTOR('',#1693,1.);
#1693 = DIRECTION('',(-1.,0.,-0.));
#1694 = ORIENTED_EDGE('',*,*,#1022,.T.);
#1695 = CYLINDRICAL_SURFACE('',#1696,31.499999999984);
#1696 = AXIS2_PLACEMENT_3D('',#1697,#1698,#1699);
#1697 = CARTESIAN_POINT('',(-10.,0.,0.));
#1698 = DIRECTION('',(-1.,-0.,-0.));
#1699 = DIRECTION('',(-0.,0.,1.));
#1700 = ADVANCED_FACE('',(#1701),#1727,.T.);
#1701 = FACE_BOUND('',#1702,.T.);
#1702 = EDGE_LOOP('',(#1703,#1711,#1712,#1720));
#1703 = ORIENTED_EDGE('',*,*,#1704,.F.);
#1704 = EDGE_CURVE('',#771,#1705,#1707,.T.);
#1705 = VERTEX_POINT('',#1706);
#1706 = CARTESIAN_POINT('',(0.,-28.91925362526,-12.48706409675));
#1707 = LINE('',#1708,#1709);
#1708 = CARTESIAN_POINT('',(5.,-28.91925362526,-12.48706409675));
#1709 = VECTOR('',#1710,1.);
#1710 = DIRECTION('',(-1.,-0.,0.));
#1711 = ORIENTED_EDGE('',*,*,#770,.T.);
#1712 = ORIENTED_EDGE('',*,*,#1713,.F.);
#1713 = EDGE_CURVE('',#1714,#762,#1716,.T.);
#1714 = VERTEX_POINT('',#1715);
#1715 = CARTESIAN_POINT('',(0.,-29.2786880452,-11.61931264535));
#1716 = LINE('',#1717,#1718);
#1717 = CARTESIAN_POINT('',(5.,-29.2786880452,-11.61931264535));
#1718 = VECTOR('',#1719,1.);
#1719 = DIRECTION('',(1.,0.,-0.));
#1720 = ORIENTED_EDGE('',*,*,#1721,.F.);
#1721 = EDGE_CURVE('',#1705,#1714,#1722,.T.);
#1722 = CIRCLE('',#1723,31.499999999984);
#1723 = AXIS2_PLACEMENT_3D('',#1724,#1725,#1726);
#1724 = CARTESIAN_POINT('',(0.,0.,0.));
#1725 = DIRECTION('',(-1.,0.,-0.));
#1726 = DIRECTION('',(-0.,0.,1.));
#1727 = CYLINDRICAL_SURFACE('',#1728,31.499999999984);
#1728 = AXIS2_PLACEMENT_3D('',#1729,#1730,#1731);
#1729 = CARTESIAN_POINT('',(-10.,0.,0.));
#1730 = DIRECTION('',(-1.,-0.,-0.));
#1731 = DIRECTION('',(-0.,0.,1.));
#1732 = ADVANCED_FACE('',(#1733),#1759,.T.);
#1733 = FACE_BOUND('',#1734,.T.);
#1734 = EDGE_LOOP('',(#1735,#1743,#1752,#1758));
#1735 = ORIENTED_EDGE('',*,*,#1736,.F.);
#1736 = EDGE_CURVE('',#1737,#798,#1739,.T.);
#1737 = VERTEX_POINT('',#1738);
#1738 = CARTESIAN_POINT('',(0.,-27.10055785236,-16.05645552697));
#1739 = LINE('',#1740,#1741);
#1740 = CARTESIAN_POINT('',(5.,-27.10055785236,-16.05645552697));
#1741 = VECTOR('',#1742,1.);
#1742 = DIRECTION('',(1.,0.,-0.));
#1743 = ORIENTED_EDGE('',*,*,#1744,.F.);
#1744 = EDGE_CURVE('',#1745,#1737,#1747,.T.);
#1745 = VERTEX_POINT('',#1746);
#1746 = CARTESIAN_POINT('',(0.,-26.60980243249,-16.85729558686));
#1747 = CIRCLE('',#1748,31.499999999984);
#1748 = AXIS2_PLACEMENT_3D('',#1749,#1750,#1751);
#1749 = CARTESIAN_POINT('',(0.,0.,0.));
#1750 = DIRECTION('',(-1.,0.,-0.));
#1751 = DIRECTION('',(-0.,0.,1.));
#1752 = ORIENTED_EDGE('',*,*,#1753,.F.);
#1753 = EDGE_CURVE('',#807,#1745,#1754,.T.);
#1754 = LINE('',#1755,#1756);
#1755 = CARTESIAN_POINT('',(5.,-26.60980243249,-16.85729558686));
#1756 = VECTOR('',#1757,1.);
#1757 = DIRECTION('',(-1.,-0.,0.));
#1758 = ORIENTED_EDGE('',*,*,#806,.T.);
#1759 = CYLINDRICAL_SURFACE('',#1760,31.499999999984);
#1760 = AXIS2_PLACEMENT_3D('',#1761,#1762,#1763);
#1761 = CARTESIAN_POINT('',(-10.,0.,0.));
#1762 = DIRECTION('',(-1.,-0.,-0.));
#1763 = DIRECTION('',(-0.,0.,1.));
#1764 = ADVANCED_FACE('',(#1765),#1791,.T.);
#1765 = FACE_BOUND('',#1766,.T.);
#1766 = EDGE_LOOP('',(#1767,#1775,#1776,#1784));
#1767 = ORIENTED_EDGE('',*,*,#1768,.F.);
#1768 = EDGE_CURVE('',#735,#1769,#1771,.T.);
#1769 = VERTEX_POINT('',#1770);
#1770 = CARTESIAN_POINT('',(0.,-30.51661681628,-7.809359646398));
#1771 = LINE('',#1772,#1773);
#1772 = CARTESIAN_POINT('',(5.,-30.51661681628,-7.809359646398));
#1773 = VECTOR('',#1774,1.);
#1774 = DIRECTION('',(-1.,-0.,0.));
#1775 = ORIENTED_EDGE('',*,*,#734,.T.);
#1776 = ORIENTED_EDGE('',*,*,#1777,.F.);
#1777 = EDGE_CURVE('',#1778,#726,#1780,.T.);
#1778 = VERTEX_POINT('',#1779);
#1779 = CARTESIAN_POINT('',(0.,-30.73587976798,-6.896063724113));
#1780 = LINE('',#1781,#1782);
#1781 = CARTESIAN_POINT('',(5.,-30.73587976798,-6.896063724113));
#1782 = VECTOR('',#1783,1.);
#1783 = DIRECTION('',(1.,0.,-0.));
#1784 = ORIENTED_EDGE('',*,*,#1785,.F.);
#1785 = EDGE_CURVE('',#1769,#1778,#1786,.T.);
#1786 = CIRCLE('',#1787,31.499999999984);
#1787 = AXIS2_PLACEMENT_3D('',#1788,#1789,#1790);
#1788 = CARTESIAN_POINT('',(0.,0.,0.));
#1789 = DIRECTION('',(-1.,0.,-0.));
#1790 = DIRECTION('',(-0.,0.,1.));
#1791 = CYLINDRICAL_SURFACE('',#1792,31.499999999984);
#1792 = AXIS2_PLACEMENT_3D('',#1793,#1794,#1795);
#1793 = CARTESIAN_POINT('',(-10.,0.,0.));
#1794 = DIRECTION('',(-1.,-0.,-0.));
#1795 = DIRECTION('',(-0.,0.,1.));
#1796 = ADVANCED_FACE('',(#1797),#1823,.T.);
#1797 = FACE_BOUND('',#1798,.T.);
#1798 = EDGE_LOOP('',(#1799,#1807,#1808,#1816));
#1799 = ORIENTED_EDGE('',*,*,#1800,.F.);
#1800 = EDGE_CURVE('',#1095,#1801,#1803,.T.);
#1801 = VERTEX_POINT('',#1802);
#1802 = CARTESIAN_POINT('',(0.,7.809359646399,-30.51661681628));
#1803 = LINE('',#1804,#1805);
#1804 = CARTESIAN_POINT('',(5.,7.809359646399,-30.51661681628));
#1805 = VECTOR('',#1806,1.);
#1806 = DIRECTION('',(-1.,0.,-0.));
#1807 = ORIENTED_EDGE('',*,*,#1094,.T.);
#1808 = ORIENTED_EDGE('',*,*,#1809,.F.);
#1809 = EDGE_CURVE('',#1810,#1086,#1812,.T.);
#1810 = VERTEX_POINT('',#1811);
#1811 = CARTESIAN_POINT('',(0.,6.896063724114,-30.73587976798));
#1812 = LINE('',#1813,#1814);
#1813 = CARTESIAN_POINT('',(5.,6.896063724114,-30.73587976798));
#1814 = VECTOR('',#1815,1.);
#1815 = DIRECTION('',(1.,-0.,0.));
#1816 = ORIENTED_EDGE('',*,*,#1817,.F.);
#1817 = EDGE_CURVE('',#1801,#1810,#1818,.T.);
#1818 = CIRCLE('',#1819,31.499999999984);
#1819 = AXIS2_PLACEMENT_3D('',#1820,#1821,#1822);
#1820 = CARTESIAN_POINT('',(0.,0.,0.));
#1821 = DIRECTION('',(-1.,0.,-0.));
#1822 = DIRECTION('',(-0.,0.,1.));
#1823 = CYLINDRICAL_SURFACE('',#1824,31.499999999984);
#1824 = AXIS2_PLACEMENT_3D('',#1825,#1826,#1827);
#1825 = CARTESIAN_POINT('',(-10.,0.,0.));
#1826 = DIRECTION('',(-1.,-0.,-0.));
#1827 = DIRECTION('',(-0.,0.,1.));
#1828 = ADVANCED_FACE('',(#1829),#1855,.T.);
#1829 = FACE_BOUND('',#1830,.T.);
#1830 = EDGE_LOOP('',(#1831,#1839,#1840,#1848));
#1831 = ORIENTED_EDGE('',*,*,#1832,.F.);
#1832 = EDGE_CURVE('',#1059,#1833,#1835,.T.);
#1833 = VERTEX_POINT('',#1834);
#1834 = CARTESIAN_POINT('',(0.,2.939362843768,-31.36255962244));
#1835 = LINE('',#1836,#1837);
#1836 = CARTESIAN_POINT('',(5.,2.939362843768,-31.36255962244));
#1837 = VECTOR('',#1838,1.);
#1838 = DIRECTION('',(-1.,0.,-0.));
#1839 = ORIENTED_EDGE('',*,*,#1058,.T.);
#1840 = ORIENTED_EDGE('',*,*,#1841,.F.);
#1841 = EDGE_CURVE('',#1842,#1050,#1844,.T.);
#1842 = VERTEX_POINT('',#1843);
#1843 = CARTESIAN_POINT('',(0.,2.003010827263,-31.43625212433));
#1844 = LINE('',#1845,#1846);
#1845 = CARTESIAN_POINT('',(5.,2.003010827263,-31.43625212433));
#1846 = VECTOR('',#1847,1.);
#1847 = DIRECTION('',(1.,-0.,0.));
#1848 = ORIENTED_EDGE('',*,*,#1849,.F.);
#1849 = EDGE_CURVE('',#1833,#1842,#1850,.T.);
#1850 = CIRCLE('',#1851,31.499999999984);
#1851 = AXIS2_PLACEMENT_3D('',#1852,#1853,#1854);
#1852 = CARTESIAN_POINT('',(0.,0.,0.));
#1853 = DIRECTION('',(-1.,0.,-0.));
#1854 = DIRECTION('',(-0.,0.,1.));
#1855 = CYLINDRICAL_SURFACE('',#1856,31.499999999984);
#1856 = AXIS2_PLACEMENT_3D('',#1857,#1858,#1859);
#1857 = CARTESIAN_POINT('',(-10.,0.,0.));
#1858 = DIRECTION('',(-1.,-0.,-0.));
#1859 = DIRECTION('',(-0.,0.,1.));
#1860 = ADVANCED_FACE('',(#1861,#1871),#2503,.F.);
#1861 = FACE_BOUND('',#1862,.T.);
#1862 = EDGE_LOOP('',(#1863,#1870));
#1863 = ORIENTED_EDGE('',*,*,#1864,.F.);
#1864 = EDGE_CURVE('',#63,#71,#1865,.T.);
#1865 = CIRCLE('',#1866,10.);
#1866 = AXIS2_PLACEMENT_3D('',#1867,#1868,#1869);
#1867 = CARTESIAN_POINT('',(0.,0.,0.));
#1868 = DIRECTION('',(-1.,-0.,-0.));
#1869 = DIRECTION('',(0.,0.,-1.));
#1870 = ORIENTED_EDGE('',*,*,#70,.F.);
#1871 = FACE_BOUND('',#1872,.T.);
#1872 = EDGE_LOOP('',(#1873,#1884,#1892,#1900,#1906,#1907,#1913,#1914,
    #1923,#1932,#1939,#1940,#1949,#1958,#1965,#1966,#1975,#1984,#1991,
    #1992,#2001,#2010,#2017,#2018,#2027,#2036,#2043,#2044,#2053,#2062,
    #2069,#2070,#2079,#2088,#2095,#2096,#2105,#2114,#2121,#2122,#2131,
    #2140,#2147,#2148,#2157,#2166,#2173,#2174,#2183,#2192,#2199,#2200,
    #2209,#2218,#2225,#2226,#2235,#2244,#2251,#2252,#2253,#2262,#2271,
    #2278,#2279,#2280,#2289,#2298,#2305,#2306,#2315,#2324,#2331,#2332,
    #2341,#2350,#2357,#2358,#2367,#2376,#2383,#2384,#2393,#2402,#2409,
    #2410,#2419,#2428,#2435,#2436,#2445,#2454,#2461,#2462,#2469,#2470,
    #2479,#2486,#2487,#2496));
#1873 = ORIENTED_EDGE('',*,*,#1874,.T.);
#1874 = EDGE_CURVE('',#1875,#1877,#1879,.T.);
#1875 = VERTEX_POINT('',#1876);
#1876 = CARTESIAN_POINT('',(0.,5.056683890941,27.665670496598));
#1877 = VERTEX_POINT('',#1878);
#1878 = CARTESIAN_POINT('',(0.,6.896063724113,30.735879767984));
#1879 = CIRCLE('',#1880,11.999999999994);
#1880 = AXIS2_PLACEMENT_3D('',#1881,#1882,#1883);
#1881 = CARTESIAN_POINT('',(0.,16.155242216992,23.102557186247));
#1882 = DIRECTION('',(-1.,0.,-0.));
#1883 = DIRECTION('',(0.,0.987688340595,-0.15643446504));
#1884 = ORIENTED_EDGE('',*,*,#1885,.T.);
#1885 = EDGE_CURVE('',#1877,#1886,#1888,.T.);
#1886 = VERTEX_POINT('',#1887);
#1887 = CARTESIAN_POINT('',(0.,250.,30.735879767984));
#1888 = LINE('',#1889,#1890);
#1889 = CARTESIAN_POINT('',(0.,-5.522233592602E-16,30.735879767984));
#1890 = VECTOR('',#1891,1.);
#1891 = DIRECTION('',(0.,1.,1.796673345383E-17));
#1892 = ORIENTED_EDGE('',*,*,#1893,.F.);
#1893 = EDGE_CURVE('',#1894,#1886,#1896,.T.);
#1894 = VERTEX_POINT('',#1895);
#1895 = CARTESIAN_POINT('',(0.,250.,2.849599308756));
#1896 = LINE('',#1897,#1898);
#1897 = CARTESIAN_POINT('',(0.,250.,30.735879767984));
#1898 = VECTOR('',#1899,1.);
#1899 = DIRECTION('',(-0.,-0.,1.));
#1900 = ORIENTED_EDGE('',*,*,#1901,.T.);
#1901 = EDGE_CURVE('',#1894,#231,#1902,.T.);
#1902 = LINE('',#1903,#1904);
#1903 = CARTESIAN_POINT('',(0.,250.,2.849599308756));
#1904 = VECTOR('',#1905,1.);
#1905 = DIRECTION('',(-0.,-1.,-0.));
#1906 = ORIENTED_EDGE('',*,*,#254,.T.);
#1907 = ORIENTED_EDGE('',*,*,#1908,.T.);
#1908 = EDGE_CURVE('',#247,#1801,#1909,.T.);
#1909 = LINE('',#1910,#1911);
#1910 = CARTESIAN_POINT('',(0.,3.856225677884E-15,-30.51661681628));
#1911 = VECTOR('',#1912,1.);
#1912 = DIRECTION('',(0.,-1.,-1.263647835243E-16));
#1913 = ORIENTED_EDGE('',*,*,#1817,.T.);
#1914 = ORIENTED_EDGE('',*,*,#1915,.F.);
#1915 = EDGE_CURVE('',#1916,#1810,#1918,.T.);
#1916 = VERTEX_POINT('',#1917);
#1917 = CARTESIAN_POINT('',(0.,5.056683890942,-27.66567049659));
#1918 = CIRCLE('',#1919,11.999999999994);
#1919 = AXIS2_PLACEMENT_3D('',#1920,#1921,#1922);
#1920 = CARTESIAN_POINT('',(0.,16.155242216993,-23.10255718624));
#1921 = DIRECTION('',(1.,0.,0.));
#1922 = DIRECTION('',(0.,0.,-1.));
#1923 = ORIENTED_EDGE('',*,*,#1924,.T.);
#1924 = EDGE_CURVE('',#1916,#1925,#1927,.T.);
#1925 = VERTEX_POINT('',#1926);
#1926 = CARTESIAN_POINT('',(0.,3.739970178902,-27.87421746094));
#1927 = CIRCLE('',#1928,28.123999999986);
#1928 = AXIS2_PLACEMENT_3D('',#1929,#1930,#1931);
#1929 = CARTESIAN_POINT('',(0.,0.,0.));
#1930 = DIRECTION('',(-1.,-0.,0.));
#1931 = DIRECTION('',(0.,-0.987688340595,-0.15643446504));
#1932 = ORIENTED_EDGE('',*,*,#1933,.T.);
#1933 = EDGE_CURVE('',#1925,#1833,#1934,.T.);
#1934 = CIRCLE('',#1935,11.999999999994);
#1935 = AXIS2_PLACEMENT_3D('',#1936,#1937,#1938);
#1936 = CARTESIAN_POINT('',(0.,-8.225465598727,-26.96408194835));
#1937 = DIRECTION('',(-1.,-0.,0.));
#1938 = DIRECTION('',(0.,-0.987688340595,-0.15643446504));
#1939 = ORIENTED_EDGE('',*,*,#1849,.T.);
#1940 = ORIENTED_EDGE('',*,*,#1941,.F.);
#1941 = EDGE_CURVE('',#1942,#1842,#1944,.T.);
#1942 = VERTEX_POINT('',#1943);
#1943 = CARTESIAN_POINT('',(0.,0.666563357044,-28.11609982359));
#1944 = CIRCLE('',#1945,11.999999999994);
#1945 = AXIS2_PLACEMENT_3D('',#1946,#1947,#1948);
#1946 = CARTESIAN_POINT('',(0.,12.342308202722,-25.34536304459));
#1947 = DIRECTION('',(1.,0.,0.));
#1948 = DIRECTION('',(0.,0.,-1.));
#1949 = ORIENTED_EDGE('',*,*,#1950,.T.);
#1950 = EDGE_CURVE('',#1942,#1951,#1953,.T.);
#1951 = VERTEX_POINT('',#1952);
#1952 = CARTESIAN_POINT('',(0.,-0.666563357043,-28.11609982359));
#1953 = CIRCLE('',#1954,28.123999999986);
#1954 = AXIS2_PLACEMENT_3D('',#1955,#1956,#1957);
#1955 = CARTESIAN_POINT('',(0.,0.,0.));
#1956 = DIRECTION('',(-1.,-0.,0.));
#1957 = DIRECTION('',(0.,-1.,-1.047444401653E-14));
#1958 = ORIENTED_EDGE('',*,*,#1959,.T.);
#1959 = EDGE_CURVE('',#1951,#1681,#1960,.T.);
#1960 = CIRCLE('',#1961,11.999999999994);
#1961 = AXIS2_PLACEMENT_3D('',#1962,#1963,#1964);
#1962 = CARTESIAN_POINT('',(0.,-12.34230820272,-25.34536304459));
#1963 = DIRECTION('',(-1.,-0.,0.));
#1964 = DIRECTION('',(0.,-1.,-1.040834085587E-14));
#1965 = ORIENTED_EDGE('',*,*,#1680,.T.);
#1966 = ORIENTED_EDGE('',*,*,#1967,.F.);
#1967 = EDGE_CURVE('',#1968,#1673,#1970,.T.);
#1968 = VERTEX_POINT('',#1969);
#1969 = CARTESIAN_POINT('',(0.,-3.739970178902,-27.87421746094));
#1970 = CIRCLE('',#1971,11.999999999994);
#1971 = AXIS2_PLACEMENT_3D('',#1972,#1973,#1974);
#1972 = CARTESIAN_POINT('',(0.,8.225465598728,-26.96408194835));
#1973 = DIRECTION('',(1.,0.,0.));
#1974 = DIRECTION('',(0.,0.,-1.));
#1975 = ORIENTED_EDGE('',*,*,#1976,.T.);
#1976 = EDGE_CURVE('',#1968,#1977,#1979,.T.);
#1977 = VERTEX_POINT('',#1978);
#1978 = CARTESIAN_POINT('',(0.,-5.056683890941,-27.66567049659));
#1979 = CIRCLE('',#1980,28.123999999986);
#1980 = AXIS2_PLACEMENT_3D('',#1981,#1982,#1983);
#1981 = CARTESIAN_POINT('',(0.,0.,0.));
#1982 = DIRECTION('',(-1.,0.,0.));
#1983 = DIRECTION('',(0.,-0.987688340595,0.15643446504));
#1984 = ORIENTED_EDGE('',*,*,#1985,.T.);
#1985 = EDGE_CURVE('',#1977,#1649,#1986,.T.);
#1986 = CIRCLE('',#1987,11.999999999994);
#1987 = AXIS2_PLACEMENT_3D('',#1988,#1989,#1990);
#1988 = CARTESIAN_POINT('',(0.,-16.15524221699,-23.10255718624));
#1989 = DIRECTION('',(-1.,0.,0.));
#1990 = DIRECTION('',(0.,-0.987688340595,0.15643446504));
#1991 = ORIENTED_EDGE('',*,*,#1648,.T.);
#1992 = ORIENTED_EDGE('',*,*,#1993,.F.);
#1993 = EDGE_CURVE('',#1994,#1641,#1996,.T.);
#1994 = VERTEX_POINT('',#1995);
#1995 = CARTESIAN_POINT('',(0.,-8.054413236793,-26.94597935518));
#1996 = CIRCLE('',#1997,11.999999999994);
#1997 = AXIS2_PLACEMENT_3D('',#1998,#1999,#2000);
#1998 = CARTESIAN_POINT('',(0.,3.906084732938,-27.91885566588));
#1999 = DIRECTION('',(1.,0.,0.));
#2000 = DIRECTION('',(0.,0.,-1.));
#2001 = ORIENTED_EDGE('',*,*,#2002,.T.);
#2002 = EDGE_CURVE('',#1994,#2003,#2005,.T.);
#2003 = VERTEX_POINT('',#2004);
#2004 = CARTESIAN_POINT('',(0.,-9.322292085272,-26.53402054487));
#2005 = CIRCLE('',#2006,28.123999999986);
#2006 = AXIS2_PLACEMENT_3D('',#2007,#2008,#2009);
#2007 = CARTESIAN_POINT('',(0.,0.,0.));
#2008 = DIRECTION('',(-1.,0.,0.));
#2009 = DIRECTION('',(0.,-0.951056516295,0.309016994375));
#2010 = ORIENTED_EDGE('',*,*,#2011,.T.);
#2011 = EDGE_CURVE('',#2003,#1617,#2012,.T.);
#2012 = CIRCLE('',#2013,11.999999999994);
#2013 = AXIS2_PLACEMENT_3D('',#2014,#2015,#2016);
#2014 = CARTESIAN_POINT('',(0.,-19.5703805517,-20.29088969697));
#2015 = DIRECTION('',(-1.,0.,0.));
#2016 = DIRECTION('',(0.,-0.951056516295,0.309016994375));
#2017 = ORIENTED_EDGE('',*,*,#1616,.T.);
#2018 = ORIENTED_EDGE('',*,*,#2019,.F.);
#2019 = EDGE_CURVE('',#2020,#1609,#2022,.T.);
#2020 = VERTEX_POINT('',#2021);
#2021 = CARTESIAN_POINT('',(0.,-12.17052990972,-25.35424180912));
#2022 = CIRCLE('',#2023,11.999999999994);
#2023 = AXIS2_PLACEMENT_3D('',#2024,#2025,#2026);
#2024 = CARTESIAN_POINT('',(0.,-0.509476902529,-28.18617449955));
#2025 = DIRECTION('',(1.,0.,0.));
#2026 = DIRECTION('',(0.,0.,-1.));
#2027 = ORIENTED_EDGE('',*,*,#2028,.T.);
#2028 = EDGE_CURVE('',#2020,#2029,#2031,.T.);
#2029 = VERTEX_POINT('',#2030);
#2030 = CARTESIAN_POINT('',(0.,-13.35835450955,-24.74901494598));
#2031 = CIRCLE('',#2032,28.123999999986);
#2032 = AXIS2_PLACEMENT_3D('',#2033,#2034,#2035);
#2033 = CARTESIAN_POINT('',(0.,0.,0.));
#2034 = DIRECTION('',(-1.,0.,0.));
#2035 = DIRECTION('',(0.,-0.891006524188,0.45399049974));
#2036 = ORIENTED_EDGE('',*,*,#2037,.T.);
#2037 = EDGE_CURVE('',#2029,#1553,#2038,.T.);
#2038 = CIRCLE('',#2039,11.999999999994);
#2039 = AXIS2_PLACEMENT_3D('',#2040,#2041,#2042);
#2040 = CARTESIAN_POINT('',(0.,-22.50363116686,-16.97959316176));
#2041 = DIRECTION('',(-1.,0.,0.));
#2042 = DIRECTION('',(0.,-0.891006524188,0.45399049974));
#2043 = ORIENTED_EDGE('',*,*,#1552,.T.);
#2044 = ORIENTED_EDGE('',*,*,#2045,.F.);
#2045 = EDGE_CURVE('',#2046,#1545,#2048,.T.);
#2046 = VERTEX_POINT('',#2047);
#2047 = CARTESIAN_POINT('',(0.,-15.98696774461,-23.13819868381));
#2048 = CIRCLE('',#2049,11.999999999994);
#2049 = AXIS2_PLACEMENT_3D('',#2050,#2051,#2052);
#2050 = CARTESIAN_POINT('',(0.,-4.912493525798,-27.75945617249));
#2051 = DIRECTION('',(1.,0.,0.));
#2052 = DIRECTION('',(0.,0.,-1.));
#2053 = ORIENTED_EDGE('',*,*,#2054,.T.);
#2054 = EDGE_CURVE('',#2046,#2055,#2057,.T.);
#2055 = VERTEX_POINT('',#2056);
#2056 = CARTESIAN_POINT('',(0.,-17.06548991196,-22.35460646184));
#2057 = CIRCLE('',#2058,28.123999999986);
#2058 = AXIS2_PLACEMENT_3D('',#2059,#2060,#2061);
#2059 = CARTESIAN_POINT('',(0.,0.,0.));
#2060 = DIRECTION('',(-1.,0.,0.));
#2061 = DIRECTION('',(0.,-0.809016994375,0.587785252292));
#2062 = ORIENTED_EDGE('',*,*,#2063,.T.);
#2063 = EDGE_CURVE('',#2055,#1513,#2064,.T.);
#2064 = CIRCLE('',#2065,11.999999999994);
#2065 = AXIS2_PLACEMENT_3D('',#2066,#2067,#2068);
#2066 = CARTESIAN_POINT('',(0.,-24.88276769742,-13.25020269087));
#2067 = DIRECTION('',(-1.,0.,0.));
#2068 = DIRECTION('',(0.,-0.809016994375,0.587785252292));
#2069 = ORIENTED_EDGE('',*,*,#1529,.T.);
#2070 = ORIENTED_EDGE('',*,*,#2071,.F.);
#2071 = EDGE_CURVE('',#2072,#1522,#2074,.T.);
#2072 = VERTEX_POINT('',#2073);
#2073 = CARTESIAN_POINT('',(0.,-19.40975337592,-20.35241631563));
#2074 = CIRCLE('',#2075,11.999999999994);
#2075 = AXIS2_PLACEMENT_3D('',#2076,#2077,#2078);
#2076 = CARTESIAN_POINT('',(0.,-9.194548254832,-26.64920790611));
#2077 = DIRECTION('',(1.,0.,0.));
#2078 = DIRECTION('',(0.,0.,-1.));
#2079 = ORIENTED_EDGE('',*,*,#2080,.T.);
#2080 = EDGE_CURVE('',#2072,#2081,#2083,.T.);
#2081 = VERTEX_POINT('',#2082);
#2082 = CARTESIAN_POINT('',(0.,-20.35241631563,-19.40975337592));
#2083 = CIRCLE('',#2084,28.123999999986);
#2084 = AXIS2_PLACEMENT_3D('',#2085,#2086,#2087);
#2085 = CARTESIAN_POINT('',(0.,0.,0.));
#2086 = DIRECTION('',(-1.,0.,0.));
#2087 = DIRECTION('',(0.,-0.707106781187,0.707106781187));
#2088 = ORIENTED_EDGE('',*,*,#2089,.T.);
#2089 = EDGE_CURVE('',#2081,#1577,#2090,.T.);
#2090 = CIRCLE('',#2091,11.999999999994);
#2091 = AXIS2_PLACEMENT_3D('',#2092,#2093,#2094);
#2092 = CARTESIAN_POINT('',(0.,-26.64920790611,-9.194548254832));
#2093 = DIRECTION('',(-1.,0.,0.));
#2094 = DIRECTION('',(0.,-0.707106781187,0.707106781187));
#2095 = ORIENTED_EDGE('',*,*,#1593,.T.);
#2096 = ORIENTED_EDGE('',*,*,#2097,.F.);
#2097 = EDGE_CURVE('',#2098,#1586,#2100,.T.);
#2098 = VERTEX_POINT('',#2099);
#2099 = CARTESIAN_POINT('',(0.,-22.35460646184,-17.06548991196));
#2100 = CIRCLE('',#2101,11.999999999994);
#2101 = AXIS2_PLACEMENT_3D('',#2102,#2103,#2104);
#2102 = CARTESIAN_POINT('',(0.,-13.25020269087,-24.88276769742));
#2103 = DIRECTION('',(1.,0.,0.));
#2104 = DIRECTION('',(0.,0.,-1.));
#2105 = ORIENTED_EDGE('',*,*,#2106,.T.);
#2106 = EDGE_CURVE('',#2098,#2107,#2109,.T.);
#2107 = VERTEX_POINT('',#2108);
#2108 = CARTESIAN_POINT('',(0.,-23.13819868381,-15.98696774461));
#2109 = CIRCLE('',#2110,28.123999999986);
#2110 = AXIS2_PLACEMENT_3D('',#2111,#2112,#2113);
#2111 = CARTESIAN_POINT('',(0.,0.,0.));
#2112 = DIRECTION('',(-1.,0.,0.));
#2113 = DIRECTION('',(0.,-0.587785252292,0.809016994375));
#2114 = ORIENTED_EDGE('',*,*,#2115,.T.);
#2115 = EDGE_CURVE('',#2107,#1745,#2116,.T.);
#2116 = CIRCLE('',#2117,11.999999999994);
#2117 = AXIS2_PLACEMENT_3D('',#2118,#2119,#2120);
#2118 = CARTESIAN_POINT('',(0.,-27.75945617249,-4.912493525799));
#2119 = DIRECTION('',(-1.,0.,0.));
#2120 = DIRECTION('',(0.,-0.587785252292,0.809016994375));
#2121 = ORIENTED_EDGE('',*,*,#1744,.T.);
#2122 = ORIENTED_EDGE('',*,*,#2123,.F.);
#2123 = EDGE_CURVE('',#2124,#1737,#2126,.T.);
#2124 = VERTEX_POINT('',#2125);
#2125 = CARTESIAN_POINT('',(0.,-24.74901494598,-13.35835450955));
#2126 = CIRCLE('',#2127,11.999999999994);
#2127 = AXIS2_PLACEMENT_3D('',#2128,#2129,#2130);
#2128 = CARTESIAN_POINT('',(0.,-16.97959316176,-22.50363116686));
#2129 = DIRECTION('',(1.,0.,0.));
#2130 = DIRECTION('',(0.,0.,-1.));
#2131 = ORIENTED_EDGE('',*,*,#2132,.T.);
#2132 = EDGE_CURVE('',#2124,#2133,#2135,.T.);
#2133 = VERTEX_POINT('',#2134);
#2134 = CARTESIAN_POINT('',(0.,-25.35424180912,-12.17052990973));
#2135 = CIRCLE('',#2136,28.123999999986);
#2136 = AXIS2_PLACEMENT_3D('',#2137,#2138,#2139);
#2137 = CARTESIAN_POINT('',(0.,0.,0.));
#2138 = DIRECTION('',(-1.,0.,0.));
#2139 = DIRECTION('',(0.,-0.45399049974,0.891006524188));
#2140 = ORIENTED_EDGE('',*,*,#2141,.T.);
#2141 = EDGE_CURVE('',#2133,#1705,#2142,.T.);
#2142 = CIRCLE('',#2143,11.999999999994);
#2143 = AXIS2_PLACEMENT_3D('',#2144,#2145,#2146);
#2144 = CARTESIAN_POINT('',(0.,-28.18617449955,-0.509476902529));
#2145 = DIRECTION('',(-1.,0.,0.));
#2146 = DIRECTION('',(0.,-0.45399049974,0.891006524188));
#2147 = ORIENTED_EDGE('',*,*,#1721,.T.);
#2148 = ORIENTED_EDGE('',*,*,#2149,.F.);
#2149 = EDGE_CURVE('',#2150,#1714,#2152,.T.);
#2150 = VERTEX_POINT('',#2151);
#2151 = CARTESIAN_POINT('',(0.,-26.53402054487,-9.322292085273));
#2152 = CIRCLE('',#2153,11.999999999994);
#2153 = AXIS2_PLACEMENT_3D('',#2154,#2155,#2156);
#2154 = CARTESIAN_POINT('',(0.,-20.29088969697,-19.5703805517));
#2155 = DIRECTION('',(1.,0.,0.));
#2156 = DIRECTION('',(0.,0.,-1.));
#2157 = ORIENTED_EDGE('',*,*,#2158,.T.);
#2158 = EDGE_CURVE('',#2150,#2159,#2161,.T.);
#2159 = VERTEX_POINT('',#2160);
#2160 = CARTESIAN_POINT('',(0.,-26.94597935518,-8.054413236793));
#2161 = CIRCLE('',#2162,28.123999999986);
#2162 = AXIS2_PLACEMENT_3D('',#2163,#2164,#2165);
#2163 = CARTESIAN_POINT('',(0.,0.,0.));
#2164 = DIRECTION('',(-1.,0.,0.));
#2165 = DIRECTION('',(0.,-0.309016994375,0.951056516295));
#2166 = ORIENTED_EDGE('',*,*,#2167,.T.);
#2167 = EDGE_CURVE('',#2159,#1769,#2168,.T.);
#2168 = CIRCLE('',#2169,11.999999999994);
#2169 = AXIS2_PLACEMENT_3D('',#2170,#2171,#2172);
#2170 = CARTESIAN_POINT('',(0.,-27.91885566588,3.906084732938));
#2171 = DIRECTION('',(-1.,0.,0.));
#2172 = DIRECTION('',(0.,-0.309016994375,0.951056516295));
#2173 = ORIENTED_EDGE('',*,*,#1785,.T.);
#2174 = ORIENTED_EDGE('',*,*,#2175,.F.);
#2175 = EDGE_CURVE('',#2176,#1778,#2178,.T.);
#2176 = VERTEX_POINT('',#2177);
#2177 = CARTESIAN_POINT('',(0.,-27.66567049659,-5.056683890941));
#2178 = CIRCLE('',#2179,11.999999999994);
#2179 = AXIS2_PLACEMENT_3D('',#2180,#2181,#2182);
#2180 = CARTESIAN_POINT('',(0.,-23.10255718624,-16.15524221699));
#2181 = DIRECTION('',(1.,0.,0.));
#2182 = DIRECTION('',(0.,0.,-1.));
#2183 = ORIENTED_EDGE('',*,*,#2184,.T.);
#2184 = EDGE_CURVE('',#2176,#2185,#2187,.T.);
#2185 = VERTEX_POINT('',#2186);
#2186 = CARTESIAN_POINT('',(0.,-27.87421746094,-3.739970178902));
#2187 = CIRCLE('',#2188,28.123999999986);
#2188 = AXIS2_PLACEMENT_3D('',#2189,#2190,#2191);
#2189 = CARTESIAN_POINT('',(0.,0.,0.));
#2190 = DIRECTION('',(-1.,0.,0.));
#2191 = DIRECTION('',(0.,-0.15643446504,0.987688340595));
#2192 = ORIENTED_EDGE('',*,*,#2193,.T.);
#2193 = EDGE_CURVE('',#2185,#1247,#2194,.T.);
#2194 = CIRCLE('',#2195,11.999999999994);
#2195 = AXIS2_PLACEMENT_3D('',#2196,#2197,#2198);
#2196 = CARTESIAN_POINT('',(0.,-26.96408194835,8.225465598728));
#2197 = DIRECTION('',(-1.,0.,0.));
#2198 = DIRECTION('',(0.,-0.15643446504,0.987688340595));
#2199 = ORIENTED_EDGE('',*,*,#1246,.T.);
#2200 = ORIENTED_EDGE('',*,*,#2201,.F.);
#2201 = EDGE_CURVE('',#2202,#1239,#2204,.T.);
#2202 = VERTEX_POINT('',#2203);
#2203 = CARTESIAN_POINT('',(0.,-28.11609982359,-0.666563357044));
#2204 = CIRCLE('',#2205,11.999999999994);
#2205 = AXIS2_PLACEMENT_3D('',#2206,#2207,#2208);
#2206 = CARTESIAN_POINT('',(0.,-25.34536304459,-12.34230820272));
#2207 = DIRECTION('',(1.,0.,0.));
#2208 = DIRECTION('',(0.,0.,-1.));
#2209 = ORIENTED_EDGE('',*,*,#2210,.T.);
#2210 = EDGE_CURVE('',#2202,#2211,#2213,.T.);
#2211 = VERTEX_POINT('',#2212);
#2212 = CARTESIAN_POINT('',(0.,-28.11609982359,0.666563357043));
#2213 = CIRCLE('',#2214,28.123999999986);
#2214 = AXIS2_PLACEMENT_3D('',#2215,#2216,#2217);
#2215 = CARTESIAN_POINT('',(0.,0.,0.));
#2216 = DIRECTION('',(-1.,0.,0.));
#2217 = DIRECTION('',(0.,-6.982962677686E-15,1.));
#2218 = ORIENTED_EDGE('',*,*,#2219,.T.);
#2219 = EDGE_CURVE('',#2211,#1207,#2220,.T.);
#2220 = CIRCLE('',#2221,11.999999999994);
#2221 = AXIS2_PLACEMENT_3D('',#2222,#2223,#2224);
#2222 = CARTESIAN_POINT('',(0.,-25.34536304459,12.342308202722));
#2223 = DIRECTION('',(-1.,0.,0.));
#2224 = DIRECTION('',(0.,-6.938893903911E-15,1.));
#2225 = ORIENTED_EDGE('',*,*,#1223,.T.);
#2226 = ORIENTED_EDGE('',*,*,#2227,.F.);
#2227 = EDGE_CURVE('',#2228,#1216,#2230,.T.);
#2228 = VERTEX_POINT('',#2229);
#2229 = CARTESIAN_POINT('',(0.,-27.87421746094,3.739970178902));
#2230 = CIRCLE('',#2231,11.999999999994);
#2231 = AXIS2_PLACEMENT_3D('',#2232,#2233,#2234);
#2232 = CARTESIAN_POINT('',(0.,-26.96408194835,-8.225465598728));
#2233 = DIRECTION('',(1.,0.,0.));
#2234 = DIRECTION('',(0.,0.,-1.));
#2235 = ORIENTED_EDGE('',*,*,#2236,.T.);
#2236 = EDGE_CURVE('',#2228,#2237,#2239,.T.);
#2237 = VERTEX_POINT('',#2238);
#2238 = CARTESIAN_POINT('',(0.,-27.66567049659,5.056683890941));
#2239 = CIRCLE('',#2240,28.123999999986);
#2240 = AXIS2_PLACEMENT_3D('',#2241,#2242,#2243);
#2241 = CARTESIAN_POINT('',(0.,0.,0.));
#2242 = DIRECTION('',(-1.,0.,0.));
#2243 = DIRECTION('',(0.,0.15643446504,0.987688340595));
#2244 = ORIENTED_EDGE('',*,*,#2245,.T.);
#2245 = EDGE_CURVE('',#2237,#1271,#2246,.T.);
#2246 = CIRCLE('',#2247,11.999999999994);
#2247 = AXIS2_PLACEMENT_3D('',#2248,#2249,#2250);
#2248 = CARTESIAN_POINT('',(0.,-23.10255718624,16.155242216992));
#2249 = DIRECTION('',(-1.,0.,0.));
#2250 = DIRECTION('',(0.,0.15643446504,0.987688340595));
#2251 = ORIENTED_EDGE('',*,*,#1280,.T.);
#2252 = ORIENTED_EDGE('',*,*,#163,.F.);
#2253 = ORIENTED_EDGE('',*,*,#2254,.F.);
#2254 = EDGE_CURVE('',#2255,#156,#2257,.T.);
#2255 = VERTEX_POINT('',#2256);
#2256 = CARTESIAN_POINT('',(0.,-26.94597935518,8.054413236793));
#2257 = CIRCLE('',#2258,11.999999999994);
#2258 = AXIS2_PLACEMENT_3D('',#2259,#2260,#2261);
#2259 = CARTESIAN_POINT('',(0.,-27.91885566588,-3.906084732938));
#2260 = DIRECTION('',(1.,0.,0.));
#2261 = DIRECTION('',(0.,0.,-1.));
#2262 = ORIENTED_EDGE('',*,*,#2263,.T.);
#2263 = EDGE_CURVE('',#2255,#2264,#2266,.T.);
#2264 = VERTEX_POINT('',#2265);
#2265 = CARTESIAN_POINT('',(0.,-26.53402054487,9.322292085272));
#2266 = CIRCLE('',#2267,28.123999999986);
#2267 = AXIS2_PLACEMENT_3D('',#2268,#2269,#2270);
#2268 = CARTESIAN_POINT('',(0.,0.,0.));
#2269 = DIRECTION('',(-1.,0.,0.));
#2270 = DIRECTION('',(0.,0.309016994375,0.951056516295));
#2271 = ORIENTED_EDGE('',*,*,#2272,.T.);
#2272 = EDGE_CURVE('',#2264,#1296,#2273,.T.);
#2273 = CIRCLE('',#2274,11.999999999994);
#2274 = AXIS2_PLACEMENT_3D('',#2275,#2276,#2277);
#2275 = CARTESIAN_POINT('',(0.,-20.29088969697,19.570380551705));
#2276 = DIRECTION('',(-1.,0.,0.));
#2277 = DIRECTION('',(0.,0.309016994375,0.951056516295));
#2278 = ORIENTED_EDGE('',*,*,#1305,.T.);
#2279 = ORIENTED_EDGE('',*,*,#205,.F.);
#2280 = ORIENTED_EDGE('',*,*,#2281,.F.);
#2281 = EDGE_CURVE('',#2282,#198,#2284,.T.);
#2282 = VERTEX_POINT('',#2283);
#2283 = CARTESIAN_POINT('',(0.,-25.35424180912,12.170529909729));
#2284 = CIRCLE('',#2285,11.999999999994);
#2285 = AXIS2_PLACEMENT_3D('',#2286,#2287,#2288);
#2286 = CARTESIAN_POINT('',(0.,-28.18617449955,0.509476902529));
#2287 = DIRECTION('',(1.,0.,0.));
#2288 = DIRECTION('',(0.,0.,-1.));
#2289 = ORIENTED_EDGE('',*,*,#2290,.T.);
#2290 = EDGE_CURVE('',#2282,#2291,#2293,.T.);
#2291 = VERTEX_POINT('',#2292);
#2292 = CARTESIAN_POINT('',(0.,-24.74901494598,13.35835450955));
#2293 = CIRCLE('',#2294,28.123999999986);
#2294 = AXIS2_PLACEMENT_3D('',#2295,#2296,#2297);
#2295 = CARTESIAN_POINT('',(0.,0.,0.));
#2296 = DIRECTION('',(-1.,0.,0.));
#2297 = DIRECTION('',(0.,0.45399049974,0.891006524188));
#2298 = ORIENTED_EDGE('',*,*,#2299,.T.);
#2299 = EDGE_CURVE('',#2291,#1361,#2300,.T.);
#2300 = CIRCLE('',#2301,11.999999999994);
#2301 = AXIS2_PLACEMENT_3D('',#2302,#2303,#2304);
#2302 = CARTESIAN_POINT('',(0.,-16.97959316176,22.503631166866));
#2303 = DIRECTION('',(-1.,0.,0.));
#2304 = DIRECTION('',(0.,0.45399049974,0.891006524188));
#2305 = ORIENTED_EDGE('',*,*,#1360,.T.);
#2306 = ORIENTED_EDGE('',*,*,#2307,.F.);
#2307 = EDGE_CURVE('',#2308,#1353,#2310,.T.);
#2308 = VERTEX_POINT('',#2309);
#2309 = CARTESIAN_POINT('',(0.,-23.13819868381,15.986967744615));
#2310 = CIRCLE('',#2311,11.999999999994);
#2311 = AXIS2_PLACEMENT_3D('',#2312,#2313,#2314);
#2312 = CARTESIAN_POINT('',(0.,-27.75945617249,4.912493525799));
#2313 = DIRECTION('',(1.,0.,0.));
#2314 = DIRECTION('',(0.,0.,-1.));
#2315 = ORIENTED_EDGE('',*,*,#2316,.T.);
#2316 = EDGE_CURVE('',#2308,#2317,#2319,.T.);
#2317 = VERTEX_POINT('',#2318);
#2318 = CARTESIAN_POINT('',(0.,-22.35460646184,17.065489911967));
#2319 = CIRCLE('',#2320,28.123999999986);
#2320 = AXIS2_PLACEMENT_3D('',#2321,#2322,#2323);
#2321 = CARTESIAN_POINT('',(0.,0.,0.));
#2322 = DIRECTION('',(-1.,0.,0.));
#2323 = DIRECTION('',(0.,0.587785252292,0.809016994375));
#2324 = ORIENTED_EDGE('',*,*,#2325,.T.);
#2325 = EDGE_CURVE('',#2317,#1321,#2326,.T.);
#2326 = CIRCLE('',#2327,11.999999999994);
#2327 = AXIS2_PLACEMENT_3D('',#2328,#2329,#2330);
#2328 = CARTESIAN_POINT('',(0.,-13.25020269087,24.882767697429));
#2329 = DIRECTION('',(-1.,0.,0.));
#2330 = DIRECTION('',(0.,0.587785252292,0.809016994375));
#2331 = ORIENTED_EDGE('',*,*,#1337,.T.);
#2332 = ORIENTED_EDGE('',*,*,#2333,.F.);
#2333 = EDGE_CURVE('',#2334,#1330,#2336,.T.);
#2334 = VERTEX_POINT('',#2335);
#2335 = CARTESIAN_POINT('',(0.,-20.35241631563,19.409753375925));
#2336 = CIRCLE('',#2337,11.999999999994);
#2337 = AXIS2_PLACEMENT_3D('',#2338,#2339,#2340);
#2338 = CARTESIAN_POINT('',(0.,-26.64920790611,9.194548254832));
#2339 = DIRECTION('',(1.,0.,0.));
#2340 = DIRECTION('',(0.,0.,-1.));
#2341 = ORIENTED_EDGE('',*,*,#2342,.T.);
#2342 = EDGE_CURVE('',#2334,#2343,#2345,.T.);
#2343 = VERTEX_POINT('',#2344);
#2344 = CARTESIAN_POINT('',(0.,-19.40975337592,20.352416315636));
#2345 = CIRCLE('',#2346,28.123999999986);
#2346 = AXIS2_PLACEMENT_3D('',#2347,#2348,#2349);
#2347 = CARTESIAN_POINT('',(0.,0.,0.));
#2348 = DIRECTION('',(-1.,0.,0.));
#2349 = DIRECTION('',(0.,0.707106781187,0.707106781187));
#2350 = ORIENTED_EDGE('',*,*,#2351,.T.);
#2351 = EDGE_CURVE('',#2343,#1449,#2352,.T.);
#2352 = CIRCLE('',#2353,11.999999999994);
#2353 = AXIS2_PLACEMENT_3D('',#2354,#2355,#2356);
#2354 = CARTESIAN_POINT('',(0.,-9.194548254832,26.64920790611));
#2355 = DIRECTION('',(-1.,0.,0.));
#2356 = DIRECTION('',(0.,0.707106781187,0.707106781187));
#2357 = ORIENTED_EDGE('',*,*,#1465,.T.);
#2358 = ORIENTED_EDGE('',*,*,#2359,.F.);
#2359 = EDGE_CURVE('',#2360,#1458,#2362,.T.);
#2360 = VERTEX_POINT('',#2361);
#2361 = CARTESIAN_POINT('',(0.,-17.06548991196,22.354606461841));
#2362 = CIRCLE('',#2363,11.999999999994);
#2363 = AXIS2_PLACEMENT_3D('',#2364,#2365,#2366);
#2364 = CARTESIAN_POINT('',(0.,-24.88276769742,13.250202690875));
#2365 = DIRECTION('',(1.,0.,0.));
#2366 = DIRECTION('',(0.,0.,-1.));
#2367 = ORIENTED_EDGE('',*,*,#2368,.T.);
#2368 = EDGE_CURVE('',#2360,#2369,#2371,.T.);
#2369 = VERTEX_POINT('',#2370);
#2370 = CARTESIAN_POINT('',(0.,-15.98696774461,23.138198683818));
#2371 = CIRCLE('',#2372,28.123999999986);
#2372 = AXIS2_PLACEMENT_3D('',#2373,#2374,#2375);
#2373 = CARTESIAN_POINT('',(0.,0.,0.));
#2374 = DIRECTION('',(-1.,0.,0.));
#2375 = DIRECTION('',(0.,0.809016994375,0.587785252292));
#2376 = ORIENTED_EDGE('',*,*,#2377,.T.);
#2377 = EDGE_CURVE('',#2369,#1425,#2378,.T.);
#2378 = CIRCLE('',#2379,11.999999999994);
#2379 = AXIS2_PLACEMENT_3D('',#2380,#2381,#2382);
#2380 = CARTESIAN_POINT('',(0.,-4.912493525799,27.759456172492));
#2381 = DIRECTION('',(-1.,0.,0.));
#2382 = DIRECTION('',(0.,0.809016994375,0.587785252292));
#2383 = ORIENTED_EDGE('',*,*,#1424,.T.);
#2384 = ORIENTED_EDGE('',*,*,#2385,.F.);
#2385 = EDGE_CURVE('',#2386,#1417,#2388,.T.);
#2386 = VERTEX_POINT('',#2387);
#2387 = CARTESIAN_POINT('',(0.,-13.35835450955,24.749014945981));
#2388 = CIRCLE('',#2389,11.999999999994);
#2389 = AXIS2_PLACEMENT_3D('',#2390,#2391,#2392);
#2390 = CARTESIAN_POINT('',(0.,-22.50363116686,16.979593161767));
#2391 = DIRECTION('',(1.,0.,0.));
#2392 = DIRECTION('',(0.,0.,-1.));
#2393 = ORIENTED_EDGE('',*,*,#2394,.T.);
#2394 = EDGE_CURVE('',#2386,#2395,#2397,.T.);
#2395 = VERTEX_POINT('',#2396);
#2396 = CARTESIAN_POINT('',(0.,-12.17052990973,25.354241809125));
#2397 = CIRCLE('',#2398,28.123999999986);
#2398 = AXIS2_PLACEMENT_3D('',#2399,#2400,#2401);
#2399 = CARTESIAN_POINT('',(0.,0.,0.));
#2400 = DIRECTION('',(-1.,0.,0.));
#2401 = DIRECTION('',(0.,0.891006524188,0.45399049974));
#2402 = ORIENTED_EDGE('',*,*,#2403,.T.);
#2403 = EDGE_CURVE('',#2395,#1385,#2404,.T.);
#2404 = CIRCLE('',#2405,11.999999999994);
#2405 = AXIS2_PLACEMENT_3D('',#2406,#2407,#2408);
#2406 = CARTESIAN_POINT('',(0.,-0.509476902529,28.186174499554));
#2407 = DIRECTION('',(-1.,0.,0.));
#2408 = DIRECTION('',(0.,0.891006524188,0.45399049974));
#2409 = ORIENTED_EDGE('',*,*,#1401,.T.);
#2410 = ORIENTED_EDGE('',*,*,#2411,.F.);
#2411 = EDGE_CURVE('',#2412,#1394,#2414,.T.);
#2412 = VERTEX_POINT('',#2413);
#2413 = CARTESIAN_POINT('',(0.,-9.322292085273,26.534020544879));
#2414 = CIRCLE('',#2415,11.999999999994);
#2415 = AXIS2_PLACEMENT_3D('',#2416,#2417,#2418);
#2416 = CARTESIAN_POINT('',(0.,-19.5703805517,20.290889696978));
#2417 = DIRECTION('',(1.,0.,0.));
#2418 = DIRECTION('',(0.,0.,-1.));
#2419 = ORIENTED_EDGE('',*,*,#2420,.T.);
#2420 = EDGE_CURVE('',#2412,#2421,#2423,.T.);
#2421 = VERTEX_POINT('',#2422);
#2422 = CARTESIAN_POINT('',(0.,-8.054413236793,26.945979355187));
#2423 = CIRCLE('',#2424,28.123999999986);
#2424 = AXIS2_PLACEMENT_3D('',#2425,#2426,#2427);
#2425 = CARTESIAN_POINT('',(0.,0.,0.));
#2426 = DIRECTION('',(-1.,0.,0.));
#2427 = DIRECTION('',(0.,0.951056516295,0.309016994375));
#2428 = ORIENTED_EDGE('',*,*,#2429,.T.);
#2429 = EDGE_CURVE('',#2421,#1481,#2430,.T.);
#2430 = CIRCLE('',#2431,11.999999999994);
#2431 = AXIS2_PLACEMENT_3D('',#2432,#2433,#2434);
#2432 = CARTESIAN_POINT('',(0.,3.906084732938,27.918855665887));
#2433 = DIRECTION('',(-1.,0.,0.));
#2434 = DIRECTION('',(0.,0.951056516295,0.309016994375));
#2435 = ORIENTED_EDGE('',*,*,#1497,.T.);
#2436 = ORIENTED_EDGE('',*,*,#2437,.F.);
#2437 = EDGE_CURVE('',#2438,#1490,#2440,.T.);
#2438 = VERTEX_POINT('',#2439);
#2439 = CARTESIAN_POINT('',(0.,-5.056683890941,27.665670496597));
#2440 = CIRCLE('',#2441,11.999999999994);
#2441 = AXIS2_PLACEMENT_3D('',#2442,#2443,#2444);
#2442 = CARTESIAN_POINT('',(0.,-16.15524221699,23.102557186247));
#2443 = DIRECTION('',(1.,0.,0.));
#2444 = DIRECTION('',(0.,0.,-1.));
#2445 = ORIENTED_EDGE('',*,*,#2446,.T.);
#2446 = EDGE_CURVE('',#2438,#2447,#2449,.T.);
#2447 = VERTEX_POINT('',#2448);
#2448 = CARTESIAN_POINT('',(0.,-3.739970178902,27.874217460946));
#2449 = CIRCLE('',#2450,28.123999999986);
#2450 = AXIS2_PLACEMENT_3D('',#2451,#2452,#2453);
#2451 = CARTESIAN_POINT('',(0.,0.,0.));
#2452 = DIRECTION('',(-1.,0.,0.));
#2453 = DIRECTION('',(0.,0.987688340595,0.15643446504));
#2454 = ORIENTED_EDGE('',*,*,#2455,.T.);
#2455 = EDGE_CURVE('',#2447,#1183,#2456,.T.);
#2456 = CIRCLE('',#2457,11.999999999994);
#2457 = AXIS2_PLACEMENT_3D('',#2458,#2459,#2460);
#2458 = CARTESIAN_POINT('',(0.,8.225465598728,26.964081948356));
#2459 = DIRECTION('',(-1.,0.,0.));
#2460 = DIRECTION('',(0.,0.987688340595,0.15643446504));
#2461 = ORIENTED_EDGE('',*,*,#1182,.T.);
#2462 = ORIENTED_EDGE('',*,*,#2463,.F.);
#2463 = EDGE_CURVE('',#122,#1175,#2464,.T.);
#2464 = CIRCLE('',#2465,11.999999999994);
#2465 = AXIS2_PLACEMENT_3D('',#2466,#2467,#2468);
#2466 = CARTESIAN_POINT('',(0.,-12.34230820272,25.345363044599));
#2467 = DIRECTION('',(1.,0.,0.));
#2468 = DIRECTION('',(0.,0.,-1.));
#2469 = ORIENTED_EDGE('',*,*,#121,.T.);
#2470 = ORIENTED_EDGE('',*,*,#2471,.T.);
#2471 = EDGE_CURVE('',#114,#2472,#2474,.T.);
#2472 = VERTEX_POINT('',#2473);
#2473 = CARTESIAN_POINT('',(0.,0.666563357043,28.116099823593));
#2474 = CIRCLE('',#2475,28.123999999986);
#2475 = AXIS2_PLACEMENT_3D('',#2476,#2477,#2478);
#2476 = CARTESIAN_POINT('',(0.,0.,0.));
#2477 = DIRECTION('',(-1.,0.,0.));
#2478 = DIRECTION('',(0.,1.,3.491481338843E-15));
#2479 = ORIENTED_EDGE('',*,*,#2480,.T.);
#2480 = EDGE_CURVE('',#2472,#1143,#2481,.T.);
#2481 = CIRCLE('',#2482,11.999999999994);
#2482 = AXIS2_PLACEMENT_3D('',#2483,#2484,#2485);
#2483 = CARTESIAN_POINT('',(0.,12.342308202722,25.345363044599));
#2484 = DIRECTION('',(-1.,0.,0.));
#2485 = DIRECTION('',(0.,1.,3.469446951955E-15));
#2486 = ORIENTED_EDGE('',*,*,#1159,.T.);
#2487 = ORIENTED_EDGE('',*,*,#2488,.F.);
#2488 = EDGE_CURVE('',#2489,#1152,#2491,.T.);
#2489 = VERTEX_POINT('',#2490);
#2490 = CARTESIAN_POINT('',(0.,3.739970178902,27.874217460947));
#2491 = CIRCLE('',#2492,11.999999999994);
#2492 = AXIS2_PLACEMENT_3D('',#2493,#2494,#2495);
#2493 = CARTESIAN_POINT('',(0.,-8.225465598728,26.964081948356));
#2494 = DIRECTION('',(1.,0.,0.));
#2495 = DIRECTION('',(0.,0.,-1.));
#2496 = ORIENTED_EDGE('',*,*,#2497,.T.);
#2497 = EDGE_CURVE('',#2489,#1875,#2498,.T.);
#2498 = CIRCLE('',#2499,28.123999999986);
#2499 = AXIS2_PLACEMENT_3D('',#2500,#2501,#2502);
#2500 = CARTESIAN_POINT('',(0.,0.,0.));
#2501 = DIRECTION('',(-1.,0.,-0.));
#2502 = DIRECTION('',(0.,0.987688340595,-0.15643446504));
#2503 = PLANE('',#2504);
#2504 = AXIS2_PLACEMENT_3D('',#2505,#2506,#2507);
#2505 = CARTESIAN_POINT('',(0.,0.,0.));
#2506 = DIRECTION('',(1.,0.,0.));
#2507 = DIRECTION('',(0.,0.,-1.));
#2508 = ADVANCED_FACE('',(#2509),#2520,.T.);
#2509 = FACE_BOUND('',#2510,.T.);
#2510 = EDGE_LOOP('',(#2511,#2512,#2513,#2519));
#2511 = ORIENTED_EDGE('',*,*,#1689,.T.);
#2512 = ORIENTED_EDGE('',*,*,#1959,.F.);
#2513 = ORIENTED_EDGE('',*,*,#2514,.F.);
#2514 = EDGE_CURVE('',#1032,#1951,#2515,.T.);
#2515 = LINE('',#2516,#2517);
#2516 = CARTESIAN_POINT('',(10.,-0.666563357043,-28.11609982359));
#2517 = VECTOR('',#2518,1.);
#2518 = DIRECTION('',(-1.,0.,-0.));
#2519 = ORIENTED_EDGE('',*,*,#1031,.T.);
#2520 = CYLINDRICAL_SURFACE('',#2521,11.999999999994);
#2521 = AXIS2_PLACEMENT_3D('',#2522,#2523,#2524);
#2522 = CARTESIAN_POINT('',(10.,-12.34230820272,-25.34536304459));
#2523 = DIRECTION('',(-1.,0.,-0.));
#2524 = DIRECTION('',(0.,0.,1.));
#2525 = ADVANCED_FACE('',(#2526),#2537,.T.);
#2526 = FACE_BOUND('',#2527,.T.);
#2527 = EDGE_LOOP('',(#2528,#2529,#2530,#2536));
#2528 = ORIENTED_EDGE('',*,*,#1841,.T.);
#2529 = ORIENTED_EDGE('',*,*,#1049,.T.);
#2530 = ORIENTED_EDGE('',*,*,#2531,.T.);
#2531 = EDGE_CURVE('',#1041,#1942,#2532,.T.);
#2532 = LINE('',#2533,#2534);
#2533 = CARTESIAN_POINT('',(10.,0.666563357044,-28.11609982359));
#2534 = VECTOR('',#2535,1.);
#2535 = DIRECTION('',(-1.,0.,-0.));
#2536 = ORIENTED_EDGE('',*,*,#1941,.T.);
#2537 = CYLINDRICAL_SURFACE('',#2538,11.999999999994);
#2538 = AXIS2_PLACEMENT_3D('',#2539,#2540,#2541);
#2539 = CARTESIAN_POINT('',(10.,12.342308202722,-25.34536304459));
#2540 = DIRECTION('',(-1.,0.,-0.));
#2541 = DIRECTION('',(0.,0.,1.));
#2542 = ADVANCED_FACE('',(#2543),#2549,.T.);
#2543 = FACE_BOUND('',#2544,.T.);
#2544 = EDGE_LOOP('',(#2545,#2546,#2547,#2548));
#2545 = ORIENTED_EDGE('',*,*,#1950,.F.);
#2546 = ORIENTED_EDGE('',*,*,#2531,.F.);
#2547 = ORIENTED_EDGE('',*,*,#1040,.T.);
#2548 = ORIENTED_EDGE('',*,*,#2514,.T.);
#2549 = CYLINDRICAL_SURFACE('',#2550,28.123999999986);
#2550 = AXIS2_PLACEMENT_3D('',#2551,#2552,#2553);
#2551 = CARTESIAN_POINT('',(10.,0.,0.));
#2552 = DIRECTION('',(-1.,0.,-0.));
#2553 = DIRECTION('',(0.,0.,1.));
#2554 = ADVANCED_FACE('',(#2555),#2566,.T.);
#2555 = FACE_BOUND('',#2556,.T.);
#2556 = EDGE_LOOP('',(#2557,#2558,#2559,#2565));
#2557 = ORIENTED_EDGE('',*,*,#1832,.T.);
#2558 = ORIENTED_EDGE('',*,*,#1933,.F.);
#2559 = ORIENTED_EDGE('',*,*,#2560,.F.);
#2560 = EDGE_CURVE('',#1068,#1925,#2561,.T.);
#2561 = LINE('',#2562,#2563);
#2562 = CARTESIAN_POINT('',(10.,3.739970178902,-27.87421746094));
#2563 = VECTOR('',#2564,1.);
#2564 = DIRECTION('',(-1.,0.,-0.));
#2565 = ORIENTED_EDGE('',*,*,#1067,.T.);
#2566 = CYLINDRICAL_SURFACE('',#2567,11.999999999994);
#2567 = AXIS2_PLACEMENT_3D('',#2568,#2569,#2570);
#2568 = CARTESIAN_POINT('',(10.,-8.225465598727,-26.96408194835));
#2569 = DIRECTION('',(-1.,0.,-0.));
#2570 = DIRECTION('',(0.,0.,1.));
#2571 = ADVANCED_FACE('',(#2572),#2583,.T.);
#2572 = FACE_BOUND('',#2573,.T.);
#2573 = EDGE_LOOP('',(#2574,#2575,#2576,#2582));
#2574 = ORIENTED_EDGE('',*,*,#1809,.T.);
#2575 = ORIENTED_EDGE('',*,*,#1085,.T.);
#2576 = ORIENTED_EDGE('',*,*,#2577,.T.);
#2577 = EDGE_CURVE('',#1077,#1916,#2578,.T.);
#2578 = LINE('',#2579,#2580);
#2579 = CARTESIAN_POINT('',(10.,5.056683890942,-27.66567049659));
#2580 = VECTOR('',#2581,1.);
#2581 = DIRECTION('',(-1.,0.,-0.));
#2582 = ORIENTED_EDGE('',*,*,#1915,.T.);
#2583 = CYLINDRICAL_SURFACE('',#2584,11.999999999994);
#2584 = AXIS2_PLACEMENT_3D('',#2585,#2586,#2587);
#2585 = CARTESIAN_POINT('',(10.,16.155242216993,-23.10255718624));
#2586 = DIRECTION('',(-1.,0.,-0.));
#2587 = DIRECTION('',(0.,0.,1.));
#2588 = ADVANCED_FACE('',(#2589),#2595,.T.);
#2589 = FACE_BOUND('',#2590,.T.);
#2590 = EDGE_LOOP('',(#2591,#2592,#2593,#2594));
#2591 = ORIENTED_EDGE('',*,*,#1924,.F.);
#2592 = ORIENTED_EDGE('',*,*,#2577,.F.);
#2593 = ORIENTED_EDGE('',*,*,#1076,.T.);
#2594 = ORIENTED_EDGE('',*,*,#2560,.T.);
#2595 = CYLINDRICAL_SURFACE('',#2596,28.123999999986);
#2596 = AXIS2_PLACEMENT_3D('',#2597,#2598,#2599);
#2597 = CARTESIAN_POINT('',(10.,0.,0.));
#2598 = DIRECTION('',(-1.,0.,-0.));
#2599 = DIRECTION('',(0.,0.,1.));
#2600 = ADVANCED_FACE('',(#2601),#2612,.T.);
#2601 = FACE_BOUND('',#2602,.T.);
#2602 = EDGE_LOOP('',(#2603,#2604,#2605,#2611));
#2603 = ORIENTED_EDGE('',*,*,#1255,.T.);
#2604 = ORIENTED_EDGE('',*,*,#2193,.F.);
#2605 = ORIENTED_EDGE('',*,*,#2606,.F.);
#2606 = EDGE_CURVE('',#708,#2185,#2607,.T.);
#2607 = LINE('',#2608,#2609);
#2608 = CARTESIAN_POINT('',(10.,-27.87421746094,-3.739970178902));
#2609 = VECTOR('',#2610,1.);
#2610 = DIRECTION('',(-1.,-0.,0.));
#2611 = ORIENTED_EDGE('',*,*,#707,.T.);
#2612 = CYLINDRICAL_SURFACE('',#2613,11.999999999994);
#2613 = AXIS2_PLACEMENT_3D('',#2614,#2615,#2616);
#2614 = CARTESIAN_POINT('',(10.,-26.96408194835,8.225465598728));
#2615 = DIRECTION('',(-1.,-0.,0.));
#2616 = DIRECTION('',(0.,0.,1.));
#2617 = ADVANCED_FACE('',(#2618),#2629,.T.);
#2618 = FACE_BOUND('',#2619,.T.);
#2619 = EDGE_LOOP('',(#2620,#2621,#2622,#2628));
#2620 = ORIENTED_EDGE('',*,*,#1777,.T.);
#2621 = ORIENTED_EDGE('',*,*,#725,.T.);
#2622 = ORIENTED_EDGE('',*,*,#2623,.T.);
#2623 = EDGE_CURVE('',#717,#2176,#2624,.T.);
#2624 = LINE('',#2625,#2626);
#2625 = CARTESIAN_POINT('',(10.,-27.66567049659,-5.056683890941));
#2626 = VECTOR('',#2627,1.);
#2627 = DIRECTION('',(-1.,-0.,0.));
#2628 = ORIENTED_EDGE('',*,*,#2175,.T.);
#2629 = CYLINDRICAL_SURFACE('',#2630,11.999999999994);
#2630 = AXIS2_PLACEMENT_3D('',#2631,#2632,#2633);
#2631 = CARTESIAN_POINT('',(10.,-23.10255718624,-16.15524221699));
#2632 = DIRECTION('',(-1.,-0.,0.));
#2633 = DIRECTION('',(0.,0.,1.));
#2634 = ADVANCED_FACE('',(#2635),#2641,.T.);
#2635 = FACE_BOUND('',#2636,.T.);
#2636 = EDGE_LOOP('',(#2637,#2638,#2639,#2640));
#2637 = ORIENTED_EDGE('',*,*,#2184,.F.);
#2638 = ORIENTED_EDGE('',*,*,#2623,.F.);
#2639 = ORIENTED_EDGE('',*,*,#716,.T.);
#2640 = ORIENTED_EDGE('',*,*,#2606,.T.);
#2641 = CYLINDRICAL_SURFACE('',#2642,28.123999999986);
#2642 = AXIS2_PLACEMENT_3D('',#2643,#2644,#2645);
#2643 = CARTESIAN_POINT('',(10.,0.,0.));
#2644 = DIRECTION('',(-1.,-0.,0.));
#2645 = DIRECTION('',(0.,0.,1.));
#2646 = ADVANCED_FACE('',(#2647),#2658,.T.);
#2647 = FACE_BOUND('',#2648,.T.);
#2648 = EDGE_LOOP('',(#2649,#2650,#2651,#2657));
#2649 = ORIENTED_EDGE('',*,*,#1768,.T.);
#2650 = ORIENTED_EDGE('',*,*,#2167,.F.);
#2651 = ORIENTED_EDGE('',*,*,#2652,.F.);
#2652 = EDGE_CURVE('',#744,#2159,#2653,.T.);
#2653 = LINE('',#2654,#2655);
#2654 = CARTESIAN_POINT('',(10.,-26.94597935518,-8.054413236793));
#2655 = VECTOR('',#2656,1.);
#2656 = DIRECTION('',(-1.,-0.,0.));
#2657 = ORIENTED_EDGE('',*,*,#743,.T.);
#2658 = CYLINDRICAL_SURFACE('',#2659,11.999999999994);
#2659 = AXIS2_PLACEMENT_3D('',#2660,#2661,#2662);
#2660 = CARTESIAN_POINT('',(10.,-27.91885566588,3.906084732938));
#2661 = DIRECTION('',(-1.,-0.,0.));
#2662 = DIRECTION('',(0.,0.,1.));
#2663 = ADVANCED_FACE('',(#2664),#2675,.T.);
#2664 = FACE_BOUND('',#2665,.T.);
#2665 = EDGE_LOOP('',(#2666,#2667,#2668,#2674));
#2666 = ORIENTED_EDGE('',*,*,#1713,.T.);
#2667 = ORIENTED_EDGE('',*,*,#761,.T.);
#2668 = ORIENTED_EDGE('',*,*,#2669,.T.);
#2669 = EDGE_CURVE('',#753,#2150,#2670,.T.);
#2670 = LINE('',#2671,#2672);
#2671 = CARTESIAN_POINT('',(10.,-26.53402054487,-9.322292085273));
#2672 = VECTOR('',#2673,1.);
#2673 = DIRECTION('',(-1.,-0.,0.));
#2674 = ORIENTED_EDGE('',*,*,#2149,.T.);
#2675 = CYLINDRICAL_SURFACE('',#2676,11.999999999994);
#2676 = AXIS2_PLACEMENT_3D('',#2677,#2678,#2679);
#2677 = CARTESIAN_POINT('',(10.,-20.29088969697,-19.5703805517));
#2678 = DIRECTION('',(-1.,-0.,0.));
#2679 = DIRECTION('',(0.,0.,1.));
#2680 = ADVANCED_FACE('',(#2681),#2687,.T.);
#2681 = FACE_BOUND('',#2682,.T.);
#2682 = EDGE_LOOP('',(#2683,#2684,#2685,#2686));
#2683 = ORIENTED_EDGE('',*,*,#2158,.F.);
#2684 = ORIENTED_EDGE('',*,*,#2669,.F.);
#2685 = ORIENTED_EDGE('',*,*,#752,.T.);
#2686 = ORIENTED_EDGE('',*,*,#2652,.T.);
#2687 = CYLINDRICAL_SURFACE('',#2688,28.123999999986);
#2688 = AXIS2_PLACEMENT_3D('',#2689,#2690,#2691);
#2689 = CARTESIAN_POINT('',(10.,0.,0.));
#2690 = DIRECTION('',(-1.,-0.,0.));
#2691 = DIRECTION('',(0.,0.,1.));
#2692 = ADVANCED_FACE('',(#2693),#2704,.T.);
#2693 = FACE_BOUND('',#2694,.T.);
#2694 = EDGE_LOOP('',(#2695,#2696,#2697,#2703));
#2695 = ORIENTED_EDGE('',*,*,#1753,.T.);
#2696 = ORIENTED_EDGE('',*,*,#2115,.F.);
#2697 = ORIENTED_EDGE('',*,*,#2698,.F.);
#2698 = EDGE_CURVE('',#816,#2107,#2699,.T.);
#2699 = LINE('',#2700,#2701);
#2700 = CARTESIAN_POINT('',(10.,-23.13819868381,-15.98696774461));
#2701 = VECTOR('',#2702,1.);
#2702 = DIRECTION('',(-1.,-0.,0.));
#2703 = ORIENTED_EDGE('',*,*,#815,.T.);
#2704 = CYLINDRICAL_SURFACE('',#2705,11.999999999994);
#2705 = AXIS2_PLACEMENT_3D('',#2706,#2707,#2708);
#2706 = CARTESIAN_POINT('',(10.,-27.75945617249,-4.912493525799));
#2707 = DIRECTION('',(-1.,-0.,0.));
#2708 = DIRECTION('',(0.,0.,1.));
#2709 = ADVANCED_FACE('',(#2710),#2721,.T.);
#2710 = FACE_BOUND('',#2711,.T.);
#2711 = EDGE_LOOP('',(#2712,#2713,#2714,#2720));
#2712 = ORIENTED_EDGE('',*,*,#1585,.T.);
#2713 = ORIENTED_EDGE('',*,*,#833,.T.);
#2714 = ORIENTED_EDGE('',*,*,#2715,.T.);
#2715 = EDGE_CURVE('',#825,#2098,#2716,.T.);
#2716 = LINE('',#2717,#2718);
#2717 = CARTESIAN_POINT('',(10.,-22.35460646184,-17.06548991196));
#2718 = VECTOR('',#2719,1.);
#2719 = DIRECTION('',(-1.,-0.,0.));
#2720 = ORIENTED_EDGE('',*,*,#2097,.T.);
#2721 = CYLINDRICAL_SURFACE('',#2722,11.999999999994);
#2722 = AXIS2_PLACEMENT_3D('',#2723,#2724,#2725);
#2723 = CARTESIAN_POINT('',(10.,-13.25020269087,-24.88276769742));
#2724 = DIRECTION('',(-1.,-0.,0.));
#2725 = DIRECTION('',(0.,0.,1.));
#2726 = ADVANCED_FACE('',(#2727),#2733,.T.);
#2727 = FACE_BOUND('',#2728,.T.);
#2728 = EDGE_LOOP('',(#2729,#2730,#2731,#2732));
#2729 = ORIENTED_EDGE('',*,*,#2106,.F.);
#2730 = ORIENTED_EDGE('',*,*,#2715,.F.);
#2731 = ORIENTED_EDGE('',*,*,#824,.T.);
#2732 = ORIENTED_EDGE('',*,*,#2698,.T.);
#2733 = CYLINDRICAL_SURFACE('',#2734,28.123999999986);
#2734 = AXIS2_PLACEMENT_3D('',#2735,#2736,#2737);
#2735 = CARTESIAN_POINT('',(10.,0.,0.));
#2736 = DIRECTION('',(-1.,-0.,0.));
#2737 = DIRECTION('',(0.,0.,1.));
#2738 = ADVANCED_FACE('',(#2739),#2750,.T.);
#2739 = FACE_BOUND('',#2740,.T.);
#2740 = EDGE_LOOP('',(#2741,#2742,#2743,#2749));
#2741 = ORIENTED_EDGE('',*,*,#1704,.T.);
#2742 = ORIENTED_EDGE('',*,*,#2141,.F.);
#2743 = ORIENTED_EDGE('',*,*,#2744,.F.);
#2744 = EDGE_CURVE('',#780,#2133,#2745,.T.);
#2745 = LINE('',#2746,#2747);
#2746 = CARTESIAN_POINT('',(10.,-25.35424180912,-12.17052990973));
#2747 = VECTOR('',#2748,1.);
#2748 = DIRECTION('',(-1.,-0.,0.));
#2749 = ORIENTED_EDGE('',*,*,#779,.T.);
#2750 = CYLINDRICAL_SURFACE('',#2751,11.999999999994);
#2751 = AXIS2_PLACEMENT_3D('',#2752,#2753,#2754);
#2752 = CARTESIAN_POINT('',(10.,-28.18617449955,-0.509476902529));
#2753 = DIRECTION('',(-1.,-0.,0.));
#2754 = DIRECTION('',(0.,0.,1.));
#2755 = ADVANCED_FACE('',(#2756),#2767,.T.);
#2756 = FACE_BOUND('',#2757,.T.);
#2757 = EDGE_LOOP('',(#2758,#2759,#2760,#2766));
#2758 = ORIENTED_EDGE('',*,*,#1736,.T.);
#2759 = ORIENTED_EDGE('',*,*,#797,.T.);
#2760 = ORIENTED_EDGE('',*,*,#2761,.T.);
#2761 = EDGE_CURVE('',#789,#2124,#2762,.T.);
#2762 = LINE('',#2763,#2764);
#2763 = CARTESIAN_POINT('',(10.,-24.74901494598,-13.35835450955));
#2764 = VECTOR('',#2765,1.);
#2765 = DIRECTION('',(-1.,-0.,0.));
#2766 = ORIENTED_EDGE('',*,*,#2123,.T.);
#2767 = CYLINDRICAL_SURFACE('',#2768,11.999999999994);
#2768 = AXIS2_PLACEMENT_3D('',#2769,#2770,#2771);
#2769 = CARTESIAN_POINT('',(10.,-16.97959316176,-22.50363116686));
#2770 = DIRECTION('',(-1.,-0.,0.));
#2771 = DIRECTION('',(0.,0.,1.));
#2772 = ADVANCED_FACE('',(#2773),#2779,.T.);
#2773 = FACE_BOUND('',#2774,.T.);
#2774 = EDGE_LOOP('',(#2775,#2776,#2777,#2778));
#2775 = ORIENTED_EDGE('',*,*,#2132,.F.);
#2776 = ORIENTED_EDGE('',*,*,#2761,.F.);
#2777 = ORIENTED_EDGE('',*,*,#788,.T.);
#2778 = ORIENTED_EDGE('',*,*,#2744,.T.);
#2779 = CYLINDRICAL_SURFACE('',#2780,28.123999999986);
#2780 = AXIS2_PLACEMENT_3D('',#2781,#2782,#2783);
#2781 = CARTESIAN_POINT('',(10.,0.,0.));
#2782 = DIRECTION('',(-1.,-0.,0.));
#2783 = DIRECTION('',(0.,0.,1.));
#2784 = ADVANCED_FACE('',(#2785),#2796,.T.);
#2785 = FACE_BOUND('',#2786,.T.);
#2786 = EDGE_LOOP('',(#2787,#2788,#2789,#2795));
#2787 = ORIENTED_EDGE('',*,*,#1657,.T.);
#2788 = ORIENTED_EDGE('',*,*,#1985,.F.);
#2789 = ORIENTED_EDGE('',*,*,#2790,.F.);
#2790 = EDGE_CURVE('',#996,#1977,#2791,.T.);
#2791 = LINE('',#2792,#2793);
#2792 = CARTESIAN_POINT('',(10.,-5.056683890941,-27.66567049659));
#2793 = VECTOR('',#2794,1.);
#2794 = DIRECTION('',(-1.,-0.,0.));
#2795 = ORIENTED_EDGE('',*,*,#995,.T.);
#2796 = CYLINDRICAL_SURFACE('',#2797,11.999999999994);
#2797 = AXIS2_PLACEMENT_3D('',#2798,#2799,#2800);
#2798 = CARTESIAN_POINT('',(10.,-16.15524221699,-23.10255718624));
#2799 = DIRECTION('',(-1.,-0.,0.));
#2800 = DIRECTION('',(0.,0.,1.));
#2801 = ADVANCED_FACE('',(#2802),#2813,.T.);
#2802 = FACE_BOUND('',#2803,.T.);
#2803 = EDGE_LOOP('',(#2804,#2805,#2806,#2812));
#2804 = ORIENTED_EDGE('',*,*,#1672,.T.);
#2805 = ORIENTED_EDGE('',*,*,#1013,.T.);
#2806 = ORIENTED_EDGE('',*,*,#2807,.T.);
#2807 = EDGE_CURVE('',#1005,#1968,#2808,.T.);
#2808 = LINE('',#2809,#2810);
#2809 = CARTESIAN_POINT('',(10.,-3.739970178902,-27.87421746094));
#2810 = VECTOR('',#2811,1.);
#2811 = DIRECTION('',(-1.,-0.,0.));
#2812 = ORIENTED_EDGE('',*,*,#1967,.T.);
#2813 = CYLINDRICAL_SURFACE('',#2814,11.999999999994);
#2814 = AXIS2_PLACEMENT_3D('',#2815,#2816,#2817);
#2815 = CARTESIAN_POINT('',(10.,8.225465598728,-26.96408194835));
#2816 = DIRECTION('',(-1.,-0.,0.));
#2817 = DIRECTION('',(0.,0.,1.));
#2818 = ADVANCED_FACE('',(#2819),#2825,.T.);
#2819 = FACE_BOUND('',#2820,.T.);
#2820 = EDGE_LOOP('',(#2821,#2822,#2823,#2824));
#2821 = ORIENTED_EDGE('',*,*,#1976,.F.);
#2822 = ORIENTED_EDGE('',*,*,#2807,.F.);
#2823 = ORIENTED_EDGE('',*,*,#1004,.T.);
#2824 = ORIENTED_EDGE('',*,*,#2790,.T.);
#2825 = CYLINDRICAL_SURFACE('',#2826,28.123999999986);
#2826 = AXIS2_PLACEMENT_3D('',#2827,#2828,#2829);
#2827 = CARTESIAN_POINT('',(10.,0.,0.));
#2828 = DIRECTION('',(-1.,-0.,0.));
#2829 = DIRECTION('',(0.,0.,1.));
#2830 = ADVANCED_FACE('',(#2831),#2842,.T.);
#2831 = FACE_BOUND('',#2832,.T.);
#2832 = EDGE_LOOP('',(#2833,#2834,#2835,#2841));
#2833 = ORIENTED_EDGE('',*,*,#1625,.T.);
#2834 = ORIENTED_EDGE('',*,*,#2011,.F.);
#2835 = ORIENTED_EDGE('',*,*,#2836,.F.);
#2836 = EDGE_CURVE('',#960,#2003,#2837,.T.);
#2837 = LINE('',#2838,#2839);
#2838 = CARTESIAN_POINT('',(10.,-9.322292085272,-26.53402054487));
#2839 = VECTOR('',#2840,1.);
#2840 = DIRECTION('',(-1.,-0.,0.));
#2841 = ORIENTED_EDGE('',*,*,#959,.T.);
#2842 = CYLINDRICAL_SURFACE('',#2843,11.999999999994);
#2843 = AXIS2_PLACEMENT_3D('',#2844,#2845,#2846);
#2844 = CARTESIAN_POINT('',(10.,-19.5703805517,-20.29088969697));
#2845 = DIRECTION('',(-1.,-0.,0.));
#2846 = DIRECTION('',(0.,0.,1.));
#2847 = ADVANCED_FACE('',(#2848),#2859,.T.);
#2848 = FACE_BOUND('',#2849,.T.);
#2849 = EDGE_LOOP('',(#2850,#2851,#2852,#2858));
#2850 = ORIENTED_EDGE('',*,*,#1640,.T.);
#2851 = ORIENTED_EDGE('',*,*,#977,.T.);
#2852 = ORIENTED_EDGE('',*,*,#2853,.T.);
#2853 = EDGE_CURVE('',#969,#1994,#2854,.T.);
#2854 = LINE('',#2855,#2856);
#2855 = CARTESIAN_POINT('',(10.,-8.054413236793,-26.94597935518));
#2856 = VECTOR('',#2857,1.);
#2857 = DIRECTION('',(-1.,-0.,0.));
#2858 = ORIENTED_EDGE('',*,*,#1993,.T.);
#2859 = CYLINDRICAL_SURFACE('',#2860,11.999999999994);
#2860 = AXIS2_PLACEMENT_3D('',#2861,#2862,#2863);
#2861 = CARTESIAN_POINT('',(10.,3.906084732938,-27.91885566588));
#2862 = DIRECTION('',(-1.,-0.,0.));
#2863 = DIRECTION('',(0.,0.,1.));
#2864 = ADVANCED_FACE('',(#2865),#2871,.T.);
#2865 = FACE_BOUND('',#2866,.T.);
#2866 = EDGE_LOOP('',(#2867,#2868,#2869,#2870));
#2867 = ORIENTED_EDGE('',*,*,#2002,.F.);
#2868 = ORIENTED_EDGE('',*,*,#2853,.F.);
#2869 = ORIENTED_EDGE('',*,*,#968,.T.);
#2870 = ORIENTED_EDGE('',*,*,#2836,.T.);
#2871 = CYLINDRICAL_SURFACE('',#2872,28.123999999986);
#2872 = AXIS2_PLACEMENT_3D('',#2873,#2874,#2875);
#2873 = CARTESIAN_POINT('',(10.,0.,0.));
#2874 = DIRECTION('',(-1.,-0.,0.));
#2875 = DIRECTION('',(0.,0.,1.));
#2876 = ADVANCED_FACE('',(#2877),#2888,.T.);
#2877 = FACE_BOUND('',#2878,.T.);
#2878 = EDGE_LOOP('',(#2879,#2880,#2881,#2887));
#2879 = ORIENTED_EDGE('',*,*,#1561,.T.);
#2880 = ORIENTED_EDGE('',*,*,#2037,.F.);
#2881 = ORIENTED_EDGE('',*,*,#2882,.F.);
#2882 = EDGE_CURVE('',#924,#2029,#2883,.T.);
#2883 = LINE('',#2884,#2885);
#2884 = CARTESIAN_POINT('',(10.,-13.35835450955,-24.74901494598));
#2885 = VECTOR('',#2886,1.);
#2886 = DIRECTION('',(-1.,-0.,0.));
#2887 = ORIENTED_EDGE('',*,*,#923,.T.);
#2888 = CYLINDRICAL_SURFACE('',#2889,11.999999999994);
#2889 = AXIS2_PLACEMENT_3D('',#2890,#2891,#2892);
#2890 = CARTESIAN_POINT('',(10.,-22.50363116686,-16.97959316176));
#2891 = DIRECTION('',(-1.,-0.,0.));
#2892 = DIRECTION('',(0.,0.,1.));
#2893 = ADVANCED_FACE('',(#2894),#2905,.T.);
#2894 = FACE_BOUND('',#2895,.T.);
#2895 = EDGE_LOOP('',(#2896,#2897,#2898,#2904));
#2896 = ORIENTED_EDGE('',*,*,#1608,.T.);
#2897 = ORIENTED_EDGE('',*,*,#941,.T.);
#2898 = ORIENTED_EDGE('',*,*,#2899,.T.);
#2899 = EDGE_CURVE('',#933,#2020,#2900,.T.);
#2900 = LINE('',#2901,#2902);
#2901 = CARTESIAN_POINT('',(10.,-12.17052990972,-25.35424180912));
#2902 = VECTOR('',#2903,1.);
#2903 = DIRECTION('',(-1.,-0.,0.));
#2904 = ORIENTED_EDGE('',*,*,#2019,.T.);
#2905 = CYLINDRICAL_SURFACE('',#2906,11.999999999994);
#2906 = AXIS2_PLACEMENT_3D('',#2907,#2908,#2909);
#2907 = CARTESIAN_POINT('',(10.,-0.509476902529,-28.18617449955));
#2908 = DIRECTION('',(-1.,-0.,0.));
#2909 = DIRECTION('',(0.,0.,1.));
#2910 = ADVANCED_FACE('',(#2911),#2917,.T.);
#2911 = FACE_BOUND('',#2912,.T.);
#2912 = EDGE_LOOP('',(#2913,#2914,#2915,#2916));
#2913 = ORIENTED_EDGE('',*,*,#2028,.F.);
#2914 = ORIENTED_EDGE('',*,*,#2899,.F.);
#2915 = ORIENTED_EDGE('',*,*,#932,.T.);
#2916 = ORIENTED_EDGE('',*,*,#2882,.T.);
#2917 = CYLINDRICAL_SURFACE('',#2918,28.123999999986);
#2918 = AXIS2_PLACEMENT_3D('',#2919,#2920,#2921);
#2919 = CARTESIAN_POINT('',(10.,0.,0.));
#2920 = DIRECTION('',(-1.,-0.,0.));
#2921 = DIRECTION('',(0.,0.,1.));
#2922 = ADVANCED_FACE('',(#2923),#2934,.T.);
#2923 = FACE_BOUND('',#2924,.T.);
#2924 = EDGE_LOOP('',(#2925,#2926,#2927,#2933));
#2925 = ORIENTED_EDGE('',*,*,#1576,.T.);
#2926 = ORIENTED_EDGE('',*,*,#2089,.F.);
#2927 = ORIENTED_EDGE('',*,*,#2928,.F.);
#2928 = EDGE_CURVE('',#852,#2081,#2929,.T.);
#2929 = LINE('',#2930,#2931);
#2930 = CARTESIAN_POINT('',(10.,-20.35241631563,-19.40975337592));
#2931 = VECTOR('',#2932,1.);
#2932 = DIRECTION('',(-1.,-0.,0.));
#2933 = ORIENTED_EDGE('',*,*,#851,.T.);
#2934 = CYLINDRICAL_SURFACE('',#2935,11.999999999994);
#2935 = AXIS2_PLACEMENT_3D('',#2936,#2937,#2938);
#2936 = CARTESIAN_POINT('',(10.,-26.64920790611,-9.194548254832));
#2937 = DIRECTION('',(-1.,-0.,0.));
#2938 = DIRECTION('',(0.,0.,1.));
#2939 = ADVANCED_FACE('',(#2940),#2951,.T.);
#2940 = FACE_BOUND('',#2941,.T.);
#2941 = EDGE_LOOP('',(#2942,#2943,#2944,#2950));
#2942 = ORIENTED_EDGE('',*,*,#1521,.T.);
#2943 = ORIENTED_EDGE('',*,*,#869,.T.);
#2944 = ORIENTED_EDGE('',*,*,#2945,.T.);
#2945 = EDGE_CURVE('',#861,#2072,#2946,.T.);
#2946 = LINE('',#2947,#2948);
#2947 = CARTESIAN_POINT('',(10.,-19.40975337592,-20.35241631563));
#2948 = VECTOR('',#2949,1.);
#2949 = DIRECTION('',(-1.,-0.,0.));
#2950 = ORIENTED_EDGE('',*,*,#2071,.T.);
#2951 = CYLINDRICAL_SURFACE('',#2952,11.999999999994);
#2952 = AXIS2_PLACEMENT_3D('',#2953,#2954,#2955);
#2953 = CARTESIAN_POINT('',(10.,-9.194548254832,-26.64920790611));
#2954 = DIRECTION('',(-1.,-0.,0.));
#2955 = DIRECTION('',(0.,0.,1.));
#2956 = ADVANCED_FACE('',(#2957),#2963,.T.);
#2957 = FACE_BOUND('',#2958,.T.);
#2958 = EDGE_LOOP('',(#2959,#2960,#2961,#2962));
#2959 = ORIENTED_EDGE('',*,*,#2080,.F.);
#2960 = ORIENTED_EDGE('',*,*,#2945,.F.);
#2961 = ORIENTED_EDGE('',*,*,#860,.T.);
#2962 = ORIENTED_EDGE('',*,*,#2928,.T.);
#2963 = CYLINDRICAL_SURFACE('',#2964,28.123999999986);
#2964 = AXIS2_PLACEMENT_3D('',#2965,#2966,#2967);
#2965 = CARTESIAN_POINT('',(10.,0.,0.));
#2966 = DIRECTION('',(-1.,-0.,0.));
#2967 = DIRECTION('',(0.,0.,1.));
#2968 = ADVANCED_FACE('',(#2969),#2980,.T.);
#2969 = FACE_BOUND('',#2970,.T.);
#2970 = EDGE_LOOP('',(#2971,#2972,#2973,#2979));
#2971 = ORIENTED_EDGE('',*,*,#1512,.T.);
#2972 = ORIENTED_EDGE('',*,*,#2063,.F.);
#2973 = ORIENTED_EDGE('',*,*,#2974,.F.);
#2974 = EDGE_CURVE('',#888,#2055,#2975,.T.);
#2975 = LINE('',#2976,#2977);
#2976 = CARTESIAN_POINT('',(10.,-17.06548991196,-22.35460646184));
#2977 = VECTOR('',#2978,1.);
#2978 = DIRECTION('',(-1.,-0.,0.));
#2979 = ORIENTED_EDGE('',*,*,#887,.T.);
#2980 = CYLINDRICAL_SURFACE('',#2981,11.999999999994);
#2981 = AXIS2_PLACEMENT_3D('',#2982,#2983,#2984);
#2982 = CARTESIAN_POINT('',(10.,-24.88276769742,-13.25020269087));
#2983 = DIRECTION('',(-1.,-0.,0.));
#2984 = DIRECTION('',(0.,0.,1.));
#2985 = ADVANCED_FACE('',(#2986),#2997,.T.);
#2986 = FACE_BOUND('',#2987,.T.);
#2987 = EDGE_LOOP('',(#2988,#2989,#2990,#2996));
#2988 = ORIENTED_EDGE('',*,*,#1544,.T.);
#2989 = ORIENTED_EDGE('',*,*,#905,.T.);
#2990 = ORIENTED_EDGE('',*,*,#2991,.T.);
#2991 = EDGE_CURVE('',#897,#2046,#2992,.T.);
#2992 = LINE('',#2993,#2994);
#2993 = CARTESIAN_POINT('',(10.,-15.98696774461,-23.13819868381));
#2994 = VECTOR('',#2995,1.);
#2995 = DIRECTION('',(-1.,-0.,0.));
#2996 = ORIENTED_EDGE('',*,*,#2045,.T.);
#2997 = CYLINDRICAL_SURFACE('',#2998,11.999999999994);
#2998 = AXIS2_PLACEMENT_3D('',#2999,#3000,#3001);
#2999 = CARTESIAN_POINT('',(10.,-4.912493525798,-27.75945617249));
#3000 = DIRECTION('',(-1.,-0.,0.));
#3001 = DIRECTION('',(0.,0.,1.));
#3002 = ADVANCED_FACE('',(#3003),#3009,.T.);
#3003 = FACE_BOUND('',#3004,.T.);
#3004 = EDGE_LOOP('',(#3005,#3006,#3007,#3008));
#3005 = ORIENTED_EDGE('',*,*,#2054,.F.);
#3006 = ORIENTED_EDGE('',*,*,#2991,.F.);
#3007 = ORIENTED_EDGE('',*,*,#896,.T.);
#3008 = ORIENTED_EDGE('',*,*,#2974,.T.);
#3009 = CYLINDRICAL_SURFACE('',#3010,28.123999999986);
#3010 = AXIS2_PLACEMENT_3D('',#3011,#3012,#3013);
#3011 = CARTESIAN_POINT('',(10.,0.,0.));
#3012 = DIRECTION('',(-1.,-0.,0.));
#3013 = DIRECTION('',(0.,0.,1.));
#3014 = ADVANCED_FACE('',(#3015),#3026,.T.);
#3015 = FACE_BOUND('',#3016,.T.);
#3016 = EDGE_LOOP('',(#3017,#3018,#3019,#3025));
#3017 = ORIENTED_EDGE('',*,*,#1191,.T.);
#3018 = ORIENTED_EDGE('',*,*,#2455,.F.);
#3019 = ORIENTED_EDGE('',*,*,#3020,.F.);
#3020 = EDGE_CURVE('',#350,#2447,#3021,.T.);
#3021 = LINE('',#3022,#3023);
#3022 = CARTESIAN_POINT('',(10.,-3.739970178902,27.874217460946));
#3023 = VECTOR('',#3024,1.);
#3024 = DIRECTION('',(-1.,0.,0.));
#3025 = ORIENTED_EDGE('',*,*,#349,.T.);
#3026 = CYLINDRICAL_SURFACE('',#3027,11.999999999994);
#3027 = AXIS2_PLACEMENT_3D('',#3028,#3029,#3030);
#3028 = CARTESIAN_POINT('',(10.,8.225465598728,26.964081948356));
#3029 = DIRECTION('',(-1.,0.,0.));
#3030 = DIRECTION('',(0.,0.,1.));
#3031 = ADVANCED_FACE('',(#3032),#3043,.T.);
#3032 = FACE_BOUND('',#3033,.T.);
#3033 = EDGE_LOOP('',(#3034,#3035,#3036,#3042));
#3034 = ORIENTED_EDGE('',*,*,#1489,.T.);
#3035 = ORIENTED_EDGE('',*,*,#367,.T.);
#3036 = ORIENTED_EDGE('',*,*,#3037,.T.);
#3037 = EDGE_CURVE('',#359,#2438,#3038,.T.);
#3038 = LINE('',#3039,#3040);
#3039 = CARTESIAN_POINT('',(10.,-5.056683890941,27.665670496597));
#3040 = VECTOR('',#3041,1.);
#3041 = DIRECTION('',(-1.,0.,0.));
#3042 = ORIENTED_EDGE('',*,*,#2437,.T.);
#3043 = CYLINDRICAL_SURFACE('',#3044,11.999999999994);
#3044 = AXIS2_PLACEMENT_3D('',#3045,#3046,#3047);
#3045 = CARTESIAN_POINT('',(10.,-16.15524221699,23.102557186247));
#3046 = DIRECTION('',(-1.,0.,0.));
#3047 = DIRECTION('',(0.,0.,1.));
#3048 = ADVANCED_FACE('',(#3049),#3055,.T.);
#3049 = FACE_BOUND('',#3050,.T.);
#3050 = EDGE_LOOP('',(#3051,#3052,#3053,#3054));
#3051 = ORIENTED_EDGE('',*,*,#2446,.F.);
#3052 = ORIENTED_EDGE('',*,*,#3037,.F.);
#3053 = ORIENTED_EDGE('',*,*,#358,.T.);
#3054 = ORIENTED_EDGE('',*,*,#3020,.T.);
#3055 = CYLINDRICAL_SURFACE('',#3056,28.123999999986);
#3056 = AXIS2_PLACEMENT_3D('',#3057,#3058,#3059);
#3057 = CARTESIAN_POINT('',(10.,0.,0.));
#3058 = DIRECTION('',(-1.,0.,0.));
#3059 = DIRECTION('',(0.,0.,1.));
#3060 = ADVANCED_FACE('',(#3061),#3072,.T.);
#3061 = FACE_BOUND('',#3062,.T.);
#3062 = EDGE_LOOP('',(#3063,#3064,#3065,#3071));
#3063 = ORIENTED_EDGE('',*,*,#1480,.T.);
#3064 = ORIENTED_EDGE('',*,*,#2429,.F.);
#3065 = ORIENTED_EDGE('',*,*,#3066,.F.);
#3066 = EDGE_CURVE('',#386,#2421,#3067,.T.);
#3067 = LINE('',#3068,#3069);
#3068 = CARTESIAN_POINT('',(10.,-8.054413236793,26.945979355187));
#3069 = VECTOR('',#3070,1.);
#3070 = DIRECTION('',(-1.,0.,0.));
#3071 = ORIENTED_EDGE('',*,*,#385,.T.);
#3072 = CYLINDRICAL_SURFACE('',#3073,11.999999999994);
#3073 = AXIS2_PLACEMENT_3D('',#3074,#3075,#3076);
#3074 = CARTESIAN_POINT('',(10.,3.906084732938,27.918855665887));
#3075 = DIRECTION('',(-1.,0.,0.));
#3076 = DIRECTION('',(0.,0.,1.));
#3077 = ADVANCED_FACE('',(#3078),#3089,.T.);
#3078 = FACE_BOUND('',#3079,.T.);
#3079 = EDGE_LOOP('',(#3080,#3081,#3082,#3088));
#3080 = ORIENTED_EDGE('',*,*,#1393,.T.);
#3081 = ORIENTED_EDGE('',*,*,#403,.T.);
#3082 = ORIENTED_EDGE('',*,*,#3083,.T.);
#3083 = EDGE_CURVE('',#395,#2412,#3084,.T.);
#3084 = LINE('',#3085,#3086);
#3085 = CARTESIAN_POINT('',(10.,-9.322292085273,26.534020544879));
#3086 = VECTOR('',#3087,1.);
#3087 = DIRECTION('',(-1.,0.,0.));
#3088 = ORIENTED_EDGE('',*,*,#2411,.T.);
#3089 = CYLINDRICAL_SURFACE('',#3090,11.999999999994);
#3090 = AXIS2_PLACEMENT_3D('',#3091,#3092,#3093);
#3091 = CARTESIAN_POINT('',(10.,-19.5703805517,20.290889696978));
#3092 = DIRECTION('',(-1.,0.,0.));
#3093 = DIRECTION('',(0.,0.,1.));
#3094 = ADVANCED_FACE('',(#3095),#3101,.T.);
#3095 = FACE_BOUND('',#3096,.T.);
#3096 = EDGE_LOOP('',(#3097,#3098,#3099,#3100));
#3097 = ORIENTED_EDGE('',*,*,#2420,.F.);
#3098 = ORIENTED_EDGE('',*,*,#3083,.F.);
#3099 = ORIENTED_EDGE('',*,*,#394,.T.);
#3100 = ORIENTED_EDGE('',*,*,#3066,.T.);
#3101 = CYLINDRICAL_SURFACE('',#3102,28.123999999986);
#3102 = AXIS2_PLACEMENT_3D('',#3103,#3104,#3105);
#3103 = CARTESIAN_POINT('',(10.,0.,0.));
#3104 = DIRECTION('',(-1.,0.,0.));
#3105 = DIRECTION('',(0.,0.,1.));
#3106 = ADVANCED_FACE('',(#3107),#3118,.T.);
#3107 = FACE_BOUND('',#3108,.T.);
#3108 = EDGE_LOOP('',(#3109,#3110,#3111,#3117));
#3109 = ORIENTED_EDGE('',*,*,#1433,.T.);
#3110 = ORIENTED_EDGE('',*,*,#2377,.F.);
#3111 = ORIENTED_EDGE('',*,*,#3112,.F.);
#3112 = EDGE_CURVE('',#458,#2369,#3113,.T.);
#3113 = LINE('',#3114,#3115);
#3114 = CARTESIAN_POINT('',(10.,-15.98696774461,23.138198683818));
#3115 = VECTOR('',#3116,1.);
#3116 = DIRECTION('',(-1.,0.,0.));
#3117 = ORIENTED_EDGE('',*,*,#457,.T.);
#3118 = CYLINDRICAL_SURFACE('',#3119,11.999999999994);
#3119 = AXIS2_PLACEMENT_3D('',#3120,#3121,#3122);
#3120 = CARTESIAN_POINT('',(10.,-4.912493525799,27.759456172492));
#3121 = DIRECTION('',(-1.,0.,0.));
#3122 = DIRECTION('',(0.,0.,1.));
#3123 = ADVANCED_FACE('',(#3124),#3135,.T.);
#3124 = FACE_BOUND('',#3125,.T.);
#3125 = EDGE_LOOP('',(#3126,#3127,#3128,#3134));
#3126 = ORIENTED_EDGE('',*,*,#1457,.T.);
#3127 = ORIENTED_EDGE('',*,*,#475,.T.);
#3128 = ORIENTED_EDGE('',*,*,#3129,.T.);
#3129 = EDGE_CURVE('',#467,#2360,#3130,.T.);
#3130 = LINE('',#3131,#3132);
#3131 = CARTESIAN_POINT('',(10.,-17.06548991196,22.354606461841));
#3132 = VECTOR('',#3133,1.);
#3133 = DIRECTION('',(-1.,0.,0.));
#3134 = ORIENTED_EDGE('',*,*,#2359,.T.);
#3135 = CYLINDRICAL_SURFACE('',#3136,11.999999999994);
#3136 = AXIS2_PLACEMENT_3D('',#3137,#3138,#3139);
#3137 = CARTESIAN_POINT('',(10.,-24.88276769742,13.250202690875));
#3138 = DIRECTION('',(-1.,0.,0.));
#3139 = DIRECTION('',(0.,0.,1.));
#3140 = ADVANCED_FACE('',(#3141),#3147,.T.);
#3141 = FACE_BOUND('',#3142,.T.);
#3142 = EDGE_LOOP('',(#3143,#3144,#3145,#3146));
#3143 = ORIENTED_EDGE('',*,*,#2368,.F.);
#3144 = ORIENTED_EDGE('',*,*,#3129,.F.);
#3145 = ORIENTED_EDGE('',*,*,#466,.T.);
#3146 = ORIENTED_EDGE('',*,*,#3112,.T.);
#3147 = CYLINDRICAL_SURFACE('',#3148,28.123999999986);
#3148 = AXIS2_PLACEMENT_3D('',#3149,#3150,#3151);
#3149 = CARTESIAN_POINT('',(10.,0.,0.));
#3150 = DIRECTION('',(-1.,0.,0.));
#3151 = DIRECTION('',(0.,0.,1.));
#3152 = ADVANCED_FACE('',(#3153),#3164,.T.);
#3153 = FACE_BOUND('',#3154,.T.);
#3154 = EDGE_LOOP('',(#3155,#3156,#3157,#3163));
#3155 = ORIENTED_EDGE('',*,*,#1448,.T.);
#3156 = ORIENTED_EDGE('',*,*,#2351,.F.);
#3157 = ORIENTED_EDGE('',*,*,#3158,.F.);
#3158 = EDGE_CURVE('',#494,#2343,#3159,.T.);
#3159 = LINE('',#3160,#3161);
#3160 = CARTESIAN_POINT('',(10.,-19.40975337592,20.352416315636));
#3161 = VECTOR('',#3162,1.);
#3162 = DIRECTION('',(-1.,0.,0.));
#3163 = ORIENTED_EDGE('',*,*,#493,.T.);
#3164 = CYLINDRICAL_SURFACE('',#3165,11.999999999994);
#3165 = AXIS2_PLACEMENT_3D('',#3166,#3167,#3168);
#3166 = CARTESIAN_POINT('',(10.,-9.194548254832,26.64920790611));
#3167 = DIRECTION('',(-1.,0.,0.));
#3168 = DIRECTION('',(0.,0.,1.));
#3169 = ADVANCED_FACE('',(#3170),#3181,.T.);
#3170 = FACE_BOUND('',#3171,.T.);
#3171 = EDGE_LOOP('',(#3172,#3173,#3174,#3180));
#3172 = ORIENTED_EDGE('',*,*,#1329,.T.);
#3173 = ORIENTED_EDGE('',*,*,#511,.T.);
#3174 = ORIENTED_EDGE('',*,*,#3175,.T.);
#3175 = EDGE_CURVE('',#503,#2334,#3176,.T.);
#3176 = LINE('',#3177,#3178);
#3177 = CARTESIAN_POINT('',(10.,-20.35241631563,19.409753375925));
#3178 = VECTOR('',#3179,1.);
#3179 = DIRECTION('',(-1.,0.,0.));
#3180 = ORIENTED_EDGE('',*,*,#2333,.T.);
#3181 = CYLINDRICAL_SURFACE('',#3182,11.999999999994);
#3182 = AXIS2_PLACEMENT_3D('',#3183,#3184,#3185);
#3183 = CARTESIAN_POINT('',(10.,-26.64920790611,9.194548254832));
#3184 = DIRECTION('',(-1.,0.,0.));
#3185 = DIRECTION('',(0.,0.,1.));
#3186 = ADVANCED_FACE('',(#3187),#3193,.T.);
#3187 = FACE_BOUND('',#3188,.T.);
#3188 = EDGE_LOOP('',(#3189,#3190,#3191,#3192));
#3189 = ORIENTED_EDGE('',*,*,#2342,.F.);
#3190 = ORIENTED_EDGE('',*,*,#3175,.F.);
#3191 = ORIENTED_EDGE('',*,*,#502,.T.);
#3192 = ORIENTED_EDGE('',*,*,#3158,.T.);
#3193 = CYLINDRICAL_SURFACE('',#3194,28.123999999986);
#3194 = AXIS2_PLACEMENT_3D('',#3195,#3196,#3197);
#3195 = CARTESIAN_POINT('',(10.,0.,0.));
#3196 = DIRECTION('',(-1.,0.,0.));
#3197 = DIRECTION('',(0.,0.,1.));
#3198 = ADVANCED_FACE('',(#3199),#3210,.T.);
#3199 = FACE_BOUND('',#3200,.T.);
#3200 = EDGE_LOOP('',(#3201,#3202,#3203,#3209));
#3201 = ORIENTED_EDGE('',*,*,#1384,.T.);
#3202 = ORIENTED_EDGE('',*,*,#2403,.F.);
#3203 = ORIENTED_EDGE('',*,*,#3204,.F.);
#3204 = EDGE_CURVE('',#422,#2395,#3205,.T.);
#3205 = LINE('',#3206,#3207);
#3206 = CARTESIAN_POINT('',(10.,-12.17052990973,25.354241809125));
#3207 = VECTOR('',#3208,1.);
#3208 = DIRECTION('',(-1.,0.,0.));
#3209 = ORIENTED_EDGE('',*,*,#421,.T.);
#3210 = CYLINDRICAL_SURFACE('',#3211,11.999999999994);
#3211 = AXIS2_PLACEMENT_3D('',#3212,#3213,#3214);
#3212 = CARTESIAN_POINT('',(10.,-0.509476902529,28.186174499554));
#3213 = DIRECTION('',(-1.,0.,0.));
#3214 = DIRECTION('',(0.,0.,1.));
#3215 = ADVANCED_FACE('',(#3216),#3227,.T.);
#3216 = FACE_BOUND('',#3217,.T.);
#3217 = EDGE_LOOP('',(#3218,#3219,#3220,#3226));
#3218 = ORIENTED_EDGE('',*,*,#1416,.T.);
#3219 = ORIENTED_EDGE('',*,*,#439,.T.);
#3220 = ORIENTED_EDGE('',*,*,#3221,.T.);
#3221 = EDGE_CURVE('',#431,#2386,#3222,.T.);
#3222 = LINE('',#3223,#3224);
#3223 = CARTESIAN_POINT('',(10.,-13.35835450955,24.749014945981));
#3224 = VECTOR('',#3225,1.);
#3225 = DIRECTION('',(-1.,0.,0.));
#3226 = ORIENTED_EDGE('',*,*,#2385,.T.);
#3227 = CYLINDRICAL_SURFACE('',#3228,11.999999999994);
#3228 = AXIS2_PLACEMENT_3D('',#3229,#3230,#3231);
#3229 = CARTESIAN_POINT('',(10.,-22.50363116686,16.979593161767));
#3230 = DIRECTION('',(-1.,0.,0.));
#3231 = DIRECTION('',(0.,0.,1.));
#3232 = ADVANCED_FACE('',(#3233),#3239,.T.);
#3233 = FACE_BOUND('',#3234,.T.);
#3234 = EDGE_LOOP('',(#3235,#3236,#3237,#3238));
#3235 = ORIENTED_EDGE('',*,*,#2394,.F.);
#3236 = ORIENTED_EDGE('',*,*,#3221,.F.);
#3237 = ORIENTED_EDGE('',*,*,#430,.T.);
#3238 = ORIENTED_EDGE('',*,*,#3204,.T.);
#3239 = CYLINDRICAL_SURFACE('',#3240,28.123999999986);
#3240 = AXIS2_PLACEMENT_3D('',#3241,#3242,#3243);
#3241 = CARTESIAN_POINT('',(10.,0.,0.));
#3242 = DIRECTION('',(-1.,0.,0.));
#3243 = DIRECTION('',(0.,0.,1.));
#3244 = ADVANCED_FACE('',(#3245),#3256,.T.);
#3245 = FACE_BOUND('',#3246,.T.);
#3246 = EDGE_LOOP('',(#3247,#3248,#3249,#3255));
#3247 = ORIENTED_EDGE('',*,*,#1369,.T.);
#3248 = ORIENTED_EDGE('',*,*,#2299,.F.);
#3249 = ORIENTED_EDGE('',*,*,#3250,.F.);
#3250 = EDGE_CURVE('',#566,#2291,#3251,.T.);
#3251 = LINE('',#3252,#3253);
#3252 = CARTESIAN_POINT('',(10.,-24.74901494598,13.35835450955));
#3253 = VECTOR('',#3254,1.);
#3254 = DIRECTION('',(-1.,0.,0.));
#3255 = ORIENTED_EDGE('',*,*,#565,.T.);
#3256 = CYLINDRICAL_SURFACE('',#3257,11.999999999994);
#3257 = AXIS2_PLACEMENT_3D('',#3258,#3259,#3260);
#3258 = CARTESIAN_POINT('',(10.,-16.97959316176,22.503631166866));
#3259 = DIRECTION('',(-1.,0.,0.));
#3260 = DIRECTION('',(0.,0.,1.));
#3261 = ADVANCED_FACE('',(#3262),#3273,.T.);
#3262 = FACE_BOUND('',#3263,.T.);
#3263 = EDGE_LOOP('',(#3264,#3265,#3266,#3272));
#3264 = ORIENTED_EDGE('',*,*,#197,.F.);
#3265 = ORIENTED_EDGE('',*,*,#583,.T.);
#3266 = ORIENTED_EDGE('',*,*,#3267,.T.);
#3267 = EDGE_CURVE('',#575,#2282,#3268,.T.);
#3268 = LINE('',#3269,#3270);
#3269 = CARTESIAN_POINT('',(10.,-25.35424180912,12.170529909729));
#3270 = VECTOR('',#3271,1.);
#3271 = DIRECTION('',(-1.,0.,0.));
#3272 = ORIENTED_EDGE('',*,*,#2281,.T.);
#3273 = CYLINDRICAL_SURFACE('',#3274,11.999999999994);
#3274 = AXIS2_PLACEMENT_3D('',#3275,#3276,#3277);
#3275 = CARTESIAN_POINT('',(10.,-28.18617449955,0.509476902529));
#3276 = DIRECTION('',(-1.,0.,0.));
#3277 = DIRECTION('',(0.,0.,1.));
#3278 = ADVANCED_FACE('',(#3279),#3285,.T.);
#3279 = FACE_BOUND('',#3280,.T.);
#3280 = EDGE_LOOP('',(#3281,#3282,#3283,#3284));
#3281 = ORIENTED_EDGE('',*,*,#2290,.F.);
#3282 = ORIENTED_EDGE('',*,*,#3267,.F.);
#3283 = ORIENTED_EDGE('',*,*,#574,.T.);
#3284 = ORIENTED_EDGE('',*,*,#3250,.T.);
#3285 = CYLINDRICAL_SURFACE('',#3286,28.123999999986);
#3286 = AXIS2_PLACEMENT_3D('',#3287,#3288,#3289);
#3287 = CARTESIAN_POINT('',(10.,0.,0.));
#3288 = DIRECTION('',(-1.,0.,0.));
#3289 = DIRECTION('',(0.,0.,1.));
#3290 = ADVANCED_FACE('',(#3291),#3302,.T.);
#3291 = FACE_BOUND('',#3292,.T.);
#3292 = EDGE_LOOP('',(#3293,#3294,#3295,#3301));
#3293 = ORIENTED_EDGE('',*,*,#1320,.T.);
#3294 = ORIENTED_EDGE('',*,*,#2325,.F.);
#3295 = ORIENTED_EDGE('',*,*,#3296,.F.);
#3296 = EDGE_CURVE('',#530,#2317,#3297,.T.);
#3297 = LINE('',#3298,#3299);
#3298 = CARTESIAN_POINT('',(10.,-22.35460646184,17.065489911967));
#3299 = VECTOR('',#3300,1.);
#3300 = DIRECTION('',(-1.,0.,0.));
#3301 = ORIENTED_EDGE('',*,*,#529,.T.);
#3302 = CYLINDRICAL_SURFACE('',#3303,11.999999999994);
#3303 = AXIS2_PLACEMENT_3D('',#3304,#3305,#3306);
#3304 = CARTESIAN_POINT('',(10.,-13.25020269087,24.882767697429));
#3305 = DIRECTION('',(-1.,0.,0.));
#3306 = DIRECTION('',(0.,0.,1.));
#3307 = ADVANCED_FACE('',(#3308),#3319,.T.);
#3308 = FACE_BOUND('',#3309,.T.);
#3309 = EDGE_LOOP('',(#3310,#3311,#3312,#3318));
#3310 = ORIENTED_EDGE('',*,*,#1352,.T.);
#3311 = ORIENTED_EDGE('',*,*,#547,.T.);
#3312 = ORIENTED_EDGE('',*,*,#3313,.T.);
#3313 = EDGE_CURVE('',#539,#2308,#3314,.T.);
#3314 = LINE('',#3315,#3316);
#3315 = CARTESIAN_POINT('',(10.,-23.13819868381,15.986967744615));
#3316 = VECTOR('',#3317,1.);
#3317 = DIRECTION('',(-1.,0.,0.));
#3318 = ORIENTED_EDGE('',*,*,#2307,.T.);
#3319 = CYLINDRICAL_SURFACE('',#3320,11.999999999994);
#3320 = AXIS2_PLACEMENT_3D('',#3321,#3322,#3323);
#3321 = CARTESIAN_POINT('',(10.,-27.75945617249,4.912493525799));
#3322 = DIRECTION('',(-1.,0.,0.));
#3323 = DIRECTION('',(0.,0.,1.));
#3324 = ADVANCED_FACE('',(#3325),#3331,.T.);
#3325 = FACE_BOUND('',#3326,.T.);
#3326 = EDGE_LOOP('',(#3327,#3328,#3329,#3330));
#3327 = ORIENTED_EDGE('',*,*,#2316,.F.);
#3328 = ORIENTED_EDGE('',*,*,#3313,.F.);
#3329 = ORIENTED_EDGE('',*,*,#538,.T.);
#3330 = ORIENTED_EDGE('',*,*,#3296,.T.);
#3331 = CYLINDRICAL_SURFACE('',#3332,28.123999999986);
#3332 = AXIS2_PLACEMENT_3D('',#3333,#3334,#3335);
#3333 = CARTESIAN_POINT('',(10.,0.,0.));
#3334 = DIRECTION('',(-1.,0.,0.));
#3335 = DIRECTION('',(0.,0.,1.));
#3336 = ADVANCED_FACE('',(#3337),#3348,.T.);
#3337 = FACE_BOUND('',#3338,.T.);
#3338 = EDGE_LOOP('',(#3339,#3340,#3341,#3347));
#3339 = ORIENTED_EDGE('',*,*,#1295,.T.);
#3340 = ORIENTED_EDGE('',*,*,#2272,.F.);
#3341 = ORIENTED_EDGE('',*,*,#3342,.F.);
#3342 = EDGE_CURVE('',#601,#2264,#3343,.T.);
#3343 = LINE('',#3344,#3345);
#3344 = CARTESIAN_POINT('',(10.,-26.53402054487,9.322292085272));
#3345 = VECTOR('',#3346,1.);
#3346 = DIRECTION('',(-1.,0.,0.));
#3347 = ORIENTED_EDGE('',*,*,#600,.T.);
#3348 = CYLINDRICAL_SURFACE('',#3349,11.999999999994);
#3349 = AXIS2_PLACEMENT_3D('',#3350,#3351,#3352);
#3350 = CARTESIAN_POINT('',(10.,-20.29088969697,19.570380551705));
#3351 = DIRECTION('',(-1.,0.,0.));
#3352 = DIRECTION('',(0.,0.,1.));
#3353 = ADVANCED_FACE('',(#3354),#3365,.T.);
#3354 = FACE_BOUND('',#3355,.T.);
#3355 = EDGE_LOOP('',(#3356,#3357,#3358,#3364));
#3356 = ORIENTED_EDGE('',*,*,#155,.F.);
#3357 = ORIENTED_EDGE('',*,*,#618,.T.);
#3358 = ORIENTED_EDGE('',*,*,#3359,.T.);
#3359 = EDGE_CURVE('',#610,#2255,#3360,.T.);
#3360 = LINE('',#3361,#3362);
#3361 = CARTESIAN_POINT('',(10.,-26.94597935518,8.054413236793));
#3362 = VECTOR('',#3363,1.);
#3363 = DIRECTION('',(-1.,0.,0.));
#3364 = ORIENTED_EDGE('',*,*,#2254,.T.);
#3365 = CYLINDRICAL_SURFACE('',#3366,11.999999999994);
#3366 = AXIS2_PLACEMENT_3D('',#3367,#3368,#3369);
#3367 = CARTESIAN_POINT('',(10.,-27.91885566588,-3.906084732938));
#3368 = DIRECTION('',(-1.,0.,0.));
#3369 = DIRECTION('',(0.,0.,1.));
#3370 = ADVANCED_FACE('',(#3371),#3377,.T.);
#3371 = FACE_BOUND('',#3372,.T.);
#3372 = EDGE_LOOP('',(#3373,#3374,#3375,#3376));
#3373 = ORIENTED_EDGE('',*,*,#2263,.F.);
#3374 = ORIENTED_EDGE('',*,*,#3359,.F.);
#3375 = ORIENTED_EDGE('',*,*,#609,.T.);
#3376 = ORIENTED_EDGE('',*,*,#3342,.T.);
#3377 = CYLINDRICAL_SURFACE('',#3378,28.123999999986);
#3378 = AXIS2_PLACEMENT_3D('',#3379,#3380,#3381);
#3379 = CARTESIAN_POINT('',(10.,0.,0.));
#3380 = DIRECTION('',(-1.,0.,0.));
#3381 = DIRECTION('',(0.,0.,1.));
#3382 = ADVANCED_FACE('',(#3383),#3394,.T.);
#3383 = FACE_BOUND('',#3384,.T.);
#3384 = EDGE_LOOP('',(#3385,#3386,#3387,#3393));
#3385 = ORIENTED_EDGE('',*,*,#1270,.T.);
#3386 = ORIENTED_EDGE('',*,*,#2245,.F.);
#3387 = ORIENTED_EDGE('',*,*,#3388,.F.);
#3388 = EDGE_CURVE('',#636,#2237,#3389,.T.);
#3389 = LINE('',#3390,#3391);
#3390 = CARTESIAN_POINT('',(10.,-27.66567049659,5.056683890941));
#3391 = VECTOR('',#3392,1.);
#3392 = DIRECTION('',(-1.,0.,0.));
#3393 = ORIENTED_EDGE('',*,*,#635,.T.);
#3394 = CYLINDRICAL_SURFACE('',#3395,11.999999999994);
#3395 = AXIS2_PLACEMENT_3D('',#3396,#3397,#3398);
#3396 = CARTESIAN_POINT('',(10.,-23.10255718624,16.155242216992));
#3397 = DIRECTION('',(-1.,0.,0.));
#3398 = DIRECTION('',(0.,0.,1.));
#3399 = ADVANCED_FACE('',(#3400),#3411,.T.);
#3400 = FACE_BOUND('',#3401,.T.);
#3401 = EDGE_LOOP('',(#3402,#3403,#3404,#3410));
#3402 = ORIENTED_EDGE('',*,*,#1215,.T.);
#3403 = ORIENTED_EDGE('',*,*,#653,.T.);
#3404 = ORIENTED_EDGE('',*,*,#3405,.T.);
#3405 = EDGE_CURVE('',#645,#2228,#3406,.T.);
#3406 = LINE('',#3407,#3408);
#3407 = CARTESIAN_POINT('',(10.,-27.87421746094,3.739970178902));
#3408 = VECTOR('',#3409,1.);
#3409 = DIRECTION('',(-1.,0.,0.));
#3410 = ORIENTED_EDGE('',*,*,#2227,.T.);
#3411 = CYLINDRICAL_SURFACE('',#3412,11.999999999994);
#3412 = AXIS2_PLACEMENT_3D('',#3413,#3414,#3415);
#3413 = CARTESIAN_POINT('',(10.,-26.96408194835,-8.225465598728));
#3414 = DIRECTION('',(-1.,0.,0.));
#3415 = DIRECTION('',(0.,0.,1.));
#3416 = ADVANCED_FACE('',(#3417),#3423,.T.);
#3417 = FACE_BOUND('',#3418,.T.);
#3418 = EDGE_LOOP('',(#3419,#3420,#3421,#3422));
#3419 = ORIENTED_EDGE('',*,*,#2236,.F.);
#3420 = ORIENTED_EDGE('',*,*,#3405,.F.);
#3421 = ORIENTED_EDGE('',*,*,#644,.T.);
#3422 = ORIENTED_EDGE('',*,*,#3388,.T.);
#3423 = CYLINDRICAL_SURFACE('',#3424,28.123999999986);
#3424 = AXIS2_PLACEMENT_3D('',#3425,#3426,#3427);
#3425 = CARTESIAN_POINT('',(10.,0.,0.));
#3426 = DIRECTION('',(-1.,0.,0.));
#3427 = DIRECTION('',(0.,0.,1.));
#3428 = ADVANCED_FACE('',(#3429),#3440,.T.);
#3429 = FACE_BOUND('',#3430,.T.);
#3430 = EDGE_LOOP('',(#3431,#3432,#3433,#3439));
#3431 = ORIENTED_EDGE('',*,*,#1206,.T.);
#3432 = ORIENTED_EDGE('',*,*,#2219,.F.);
#3433 = ORIENTED_EDGE('',*,*,#3434,.F.);
#3434 = EDGE_CURVE('',#672,#2211,#3435,.T.);
#3435 = LINE('',#3436,#3437);
#3436 = CARTESIAN_POINT('',(10.,-28.11609982359,0.666563357043));
#3437 = VECTOR('',#3438,1.);
#3438 = DIRECTION('',(-1.,-0.,0.));
#3439 = ORIENTED_EDGE('',*,*,#671,.T.);
#3440 = CYLINDRICAL_SURFACE('',#3441,11.999999999994);
#3441 = AXIS2_PLACEMENT_3D('',#3442,#3443,#3444);
#3442 = CARTESIAN_POINT('',(10.,-25.34536304459,12.342308202722));
#3443 = DIRECTION('',(-1.,-0.,0.));
#3444 = DIRECTION('',(0.,0.,1.));
#3445 = ADVANCED_FACE('',(#3446),#3457,.T.);
#3446 = FACE_BOUND('',#3447,.T.);
#3447 = EDGE_LOOP('',(#3448,#3449,#3450,#3456));
#3448 = ORIENTED_EDGE('',*,*,#1238,.T.);
#3449 = ORIENTED_EDGE('',*,*,#689,.T.);
#3450 = ORIENTED_EDGE('',*,*,#3451,.T.);
#3451 = EDGE_CURVE('',#681,#2202,#3452,.T.);
#3452 = LINE('',#3453,#3454);
#3453 = CARTESIAN_POINT('',(10.,-28.11609982359,-0.666563357044));
#3454 = VECTOR('',#3455,1.);
#3455 = DIRECTION('',(-1.,-0.,0.));
#3456 = ORIENTED_EDGE('',*,*,#2201,.T.);
#3457 = CYLINDRICAL_SURFACE('',#3458,11.999999999994);
#3458 = AXIS2_PLACEMENT_3D('',#3459,#3460,#3461);
#3459 = CARTESIAN_POINT('',(10.,-25.34536304459,-12.34230820272));
#3460 = DIRECTION('',(-1.,-0.,0.));
#3461 = DIRECTION('',(0.,0.,1.));
#3462 = ADVANCED_FACE('',(#3463),#3469,.T.);
#3463 = FACE_BOUND('',#3464,.T.);
#3464 = EDGE_LOOP('',(#3465,#3466,#3467,#3468));
#3465 = ORIENTED_EDGE('',*,*,#2210,.F.);
#3466 = ORIENTED_EDGE('',*,*,#3451,.F.);
#3467 = ORIENTED_EDGE('',*,*,#680,.T.);
#3468 = ORIENTED_EDGE('',*,*,#3434,.T.);
#3469 = CYLINDRICAL_SURFACE('',#3470,28.123999999986);
#3470 = AXIS2_PLACEMENT_3D('',#3471,#3472,#3473);
#3471 = CARTESIAN_POINT('',(10.,0.,0.));
#3472 = DIRECTION('',(-1.,-0.,0.));
#3473 = DIRECTION('',(0.,0.,1.));
#3474 = ADVANCED_FACE('',(#3475),#3491,.T.);
#3475 = FACE_BOUND('',#3476,.T.);
#3476 = EDGE_LOOP('',(#3477,#3483,#3484,#3490));
#3477 = ORIENTED_EDGE('',*,*,#3478,.T.);
#3478 = EDGE_CURVE('',#269,#1877,#3479,.T.);
#3479 = LINE('',#3480,#3481);
#3480 = CARTESIAN_POINT('',(5.,6.896063724113,30.735879767984));
#3481 = VECTOR('',#3482,1.);
#3482 = DIRECTION('',(-1.,0.,0.));
#3483 = ORIENTED_EDGE('',*,*,#1874,.F.);
#3484 = ORIENTED_EDGE('',*,*,#3485,.F.);
#3485 = EDGE_CURVE('',#279,#1875,#3486,.T.);
#3486 = LINE('',#3487,#3488);
#3487 = CARTESIAN_POINT('',(10.,5.056683890941,27.665670496598));
#3488 = VECTOR('',#3489,1.);
#3489 = DIRECTION('',(-1.,0.,0.));
#3490 = ORIENTED_EDGE('',*,*,#278,.T.);
#3491 = CYLINDRICAL_SURFACE('',#3492,11.999999999994);
#3492 = AXIS2_PLACEMENT_3D('',#3493,#3494,#3495);
#3493 = CARTESIAN_POINT('',(10.,16.155242216992,23.102557186247));
#3494 = DIRECTION('',(-1.,0.,0.));
#3495 = DIRECTION('',(0.,0.,1.));
#3496 = ADVANCED_FACE('',(#3497),#3508,.T.);
#3497 = FACE_BOUND('',#3498,.T.);
#3498 = EDGE_LOOP('',(#3499,#3500,#3501,#3507));
#3499 = ORIENTED_EDGE('',*,*,#1151,.T.);
#3500 = ORIENTED_EDGE('',*,*,#296,.T.);
#3501 = ORIENTED_EDGE('',*,*,#3502,.T.);
#3502 = EDGE_CURVE('',#288,#2489,#3503,.T.);
#3503 = LINE('',#3504,#3505);
#3504 = CARTESIAN_POINT('',(10.,3.739970178902,27.874217460947));
#3505 = VECTOR('',#3506,1.);
#3506 = DIRECTION('',(-1.,0.,0.));
#3507 = ORIENTED_EDGE('',*,*,#2488,.T.);
#3508 = CYLINDRICAL_SURFACE('',#3509,11.999999999994);
#3509 = AXIS2_PLACEMENT_3D('',#3510,#3511,#3512);
#3510 = CARTESIAN_POINT('',(10.,-8.225465598728,26.964081948356));
#3511 = DIRECTION('',(-1.,0.,0.));
#3512 = DIRECTION('',(0.,0.,1.));
#3513 = ADVANCED_FACE('',(#3514),#3520,.T.);
#3514 = FACE_BOUND('',#3515,.T.);
#3515 = EDGE_LOOP('',(#3516,#3517,#3518,#3519));
#3516 = ORIENTED_EDGE('',*,*,#2497,.F.);
#3517 = ORIENTED_EDGE('',*,*,#3502,.F.);
#3518 = ORIENTED_EDGE('',*,*,#287,.T.);
#3519 = ORIENTED_EDGE('',*,*,#3485,.T.);
#3520 = CYLINDRICAL_SURFACE('',#3521,28.123999999986);
#3521 = AXIS2_PLACEMENT_3D('',#3522,#3523,#3524);
#3522 = CARTESIAN_POINT('',(10.,0.,0.));
#3523 = DIRECTION('',(-1.,0.,0.));
#3524 = DIRECTION('',(0.,0.,1.));
#3525 = ADVANCED_FACE('',(#3526),#3537,.T.);
#3526 = FACE_BOUND('',#3527,.T.);
#3527 = EDGE_LOOP('',(#3528,#3529,#3530,#3536));
#3528 = ORIENTED_EDGE('',*,*,#1142,.T.);
#3529 = ORIENTED_EDGE('',*,*,#2480,.F.);
#3530 = ORIENTED_EDGE('',*,*,#3531,.F.);
#3531 = EDGE_CURVE('',#315,#2472,#3532,.T.);
#3532 = LINE('',#3533,#3534);
#3533 = CARTESIAN_POINT('',(10.,0.666563357043,28.116099823593));
#3534 = VECTOR('',#3535,1.);
#3535 = DIRECTION('',(-1.,0.,0.));
#3536 = ORIENTED_EDGE('',*,*,#314,.T.);
#3537 = CYLINDRICAL_SURFACE('',#3538,11.999999999994);
#3538 = AXIS2_PLACEMENT_3D('',#3539,#3540,#3541);
#3539 = CARTESIAN_POINT('',(10.,12.342308202722,25.345363044599));
#3540 = DIRECTION('',(-1.,0.,0.));
#3541 = DIRECTION('',(0.,0.,1.));
#3542 = ADVANCED_FACE('',(#3543),#3549,.T.);
#3543 = FACE_BOUND('',#3544,.T.);
#3544 = EDGE_LOOP('',(#3545,#3546,#3547,#3548));
#3545 = ORIENTED_EDGE('',*,*,#1174,.T.);
#3546 = ORIENTED_EDGE('',*,*,#331,.T.);
#3547 = ORIENTED_EDGE('',*,*,#130,.T.);
#3548 = ORIENTED_EDGE('',*,*,#2463,.T.);
#3549 = CYLINDRICAL_SURFACE('',#3550,11.999999999994);
#3550 = AXIS2_PLACEMENT_3D('',#3551,#3552,#3553);
#3551 = CARTESIAN_POINT('',(10.,-12.34230820272,25.345363044599));
#3552 = DIRECTION('',(-1.,0.,0.));
#3553 = DIRECTION('',(0.,0.,1.));
#3554 = ADVANCED_FACE('',(#3555),#3561,.T.);
#3555 = FACE_BOUND('',#3556,.T.);
#3556 = EDGE_LOOP('',(#3557,#3558,#3559,#3560));
#3557 = ORIENTED_EDGE('',*,*,#113,.F.);
#3558 = ORIENTED_EDGE('',*,*,#323,.T.);
#3559 = ORIENTED_EDGE('',*,*,#3531,.T.);
#3560 = ORIENTED_EDGE('',*,*,#2471,.F.);
#3561 = CYLINDRICAL_SURFACE('',#3562,28.123999999986);
#3562 = AXIS2_PLACEMENT_3D('',#3563,#3564,#3565);
#3563 = CARTESIAN_POINT('',(10.,0.,0.));
#3564 = DIRECTION('',(-1.,0.,0.));
#3565 = DIRECTION('',(0.,0.,1.));
#3566 = ADVANCED_FACE('',(#3567),#3573,.F.);
#3567 = FACE_BOUND('',#3568,.F.);
#3568 = EDGE_LOOP('',(#3569,#3570,#3571,#3572));
#3569 = ORIENTED_EDGE('',*,*,#1864,.F.);
#3570 = ORIENTED_EDGE('',*,*,#60,.F.);
#3571 = ORIENTED_EDGE('',*,*,#1127,.F.);
#3572 = ORIENTED_EDGE('',*,*,#79,.T.);
#3573 = CYLINDRICAL_SURFACE('',#3574,10.);
#3574 = AXIS2_PLACEMENT_3D('',#3575,#3576,#3577);
#3575 = CARTESIAN_POINT('',(50.0000508,0.,0.));
#3576 = DIRECTION('',(-1.,0.,0.));
#3577 = DIRECTION('',(0.,0.,1.));
#3578 = ADVANCED_FACE('',(#3579),#3590,.F.);
#3579 = FACE_BOUND('',#3580,.T.);
#3580 = EDGE_LOOP('',(#3581,#3582,#3588,#3589));
#3581 = ORIENTED_EDGE('',*,*,#268,.T.);
#3582 = ORIENTED_EDGE('',*,*,#3583,.F.);
#3583 = EDGE_CURVE('',#1886,#271,#3584,.T.);
#3584 = LINE('',#3585,#3586);
#3585 = CARTESIAN_POINT('',(0.,250.,30.735879767984));
#3586 = VECTOR('',#3587,1.);
#3587 = DIRECTION('',(1.,0.,0.));
#3588 = ORIENTED_EDGE('',*,*,#1885,.F.);
#3589 = ORIENTED_EDGE('',*,*,#3478,.F.);
#3590 = PLANE('',#3591);
#3591 = AXIS2_PLACEMENT_3D('',#3592,#3593,#3594);
#3592 = CARTESIAN_POINT('',(0.,-5.522233592602E-16,30.735879767984));
#3593 = DIRECTION('',(0.,1.796673345383E-17,-1.));
#3594 = DIRECTION('',(0.,1.,1.796673345383E-17));
#3595 = ADVANCED_FACE('',(#3596),#3602,.F.);
#3596 = FACE_BOUND('',#3597,.T.);
#3597 = EDGE_LOOP('',(#3598,#3599,#3600,#3601));
#3598 = ORIENTED_EDGE('',*,*,#1103,.T.);
#3599 = ORIENTED_EDGE('',*,*,#1800,.T.);
#3600 = ORIENTED_EDGE('',*,*,#1908,.F.);
#3601 = ORIENTED_EDGE('',*,*,#246,.T.);
#3602 = PLANE('',#3603);
#3603 = AXIS2_PLACEMENT_3D('',#3604,#3605,#3606);
#3604 = CARTESIAN_POINT('',(0.,3.856225677884E-15,-30.51661681628));
#3605 = DIRECTION('',(0.,-1.263647835243E-16,1.));
#3606 = DIRECTION('',(0.,-1.,-1.263647835243E-16));
#3607 = ADVANCED_FACE('',(#3608),#3619,.F.);
#3608 = FACE_BOUND('',#3609,.T.);
#3609 = EDGE_LOOP('',(#3610,#3611,#3612,#3618));
#3610 = ORIENTED_EDGE('',*,*,#228,.T.);
#3611 = ORIENTED_EDGE('',*,*,#1901,.F.);
#3612 = ORIENTED_EDGE('',*,*,#3613,.F.);
#3613 = EDGE_CURVE('',#1111,#1894,#3614,.T.);
#3614 = LINE('',#3615,#3616);
#3615 = CARTESIAN_POINT('',(0.,250.,2.849599308756));
#3616 = VECTOR('',#3617,1.);
#3617 = DIRECTION('',(-1.,-0.,-0.));
#3618 = ORIENTED_EDGE('',*,*,#1110,.T.);
#3619 = PLANE('',#3620);
#3620 = AXIS2_PLACEMENT_3D('',#3621,#3622,#3623);
#3621 = CARTESIAN_POINT('',(0.,250.,2.849599308756));
#3622 = DIRECTION('',(0.,0.,1.));
#3623 = DIRECTION('',(1.,0.,-0.));
#3624 = ADVANCED_FACE('',(#3625),#3631,.F.);
#3625 = FACE_BOUND('',#3626,.T.);
#3626 = EDGE_LOOP('',(#3627,#3628,#3629,#3630));
#3627 = ORIENTED_EDGE('',*,*,#1893,.T.);
#3628 = ORIENTED_EDGE('',*,*,#3583,.T.);
#3629 = ORIENTED_EDGE('',*,*,#1118,.T.);
#3630 = ORIENTED_EDGE('',*,*,#3613,.T.);
#3631 = PLANE('',#3632);
#3632 = AXIS2_PLACEMENT_3D('',#3633,#3634,#3635);
#3633 = CARTESIAN_POINT('',(0.,250.,0.));
#3634 = DIRECTION('',(0.,-1.,0.));
#3635 = DIRECTION('',(0.,-0.,-1.));
#3636 = ( GEOMETRIC_REPRESENTATION_CONTEXT(3) 
GLOBAL_UNCERTAINTY_ASSIGNED_CONTEXT((#3640)) 
GLOBAL_UNIT_ASSIGNED_CONTEXT((#3637,#3638,#3639)) REPRESENTATION_CONTEXT
('Context #1','3D Context with UNIT and UNCERTAINTY') );
#3637 = ( LENGTH_UNIT() NAMED_UNIT(*) SI_UNIT(.MILLI.,.METRE.) );
#3638 = ( NAMED_UNIT(*) PLANE_ANGLE_UNIT() SI_UNIT($,.RADIAN.) );
#3639 = ( NAMED_UNIT(*) SI_UNIT($,.STERADIAN.) SOLID_ANGLE_UNIT() );
#3640 = UNCERTAINTY_MEASURE_WITH_UNIT(LENGTH_MEASURE(1.E-07),#3637,
  'distance_accuracy_value','confusion accuracy');
#3641 = SHAPE_DEFINITION_REPRESENTATION(#3642,#53);
#3642 = PRODUCT_DEFINITION_SHAPE('','',#3643);
#3643 = PRODUCT_DEFINITION('design','',#3644,#3647);
#3644 = PRODUCT_DEFINITION_FORMATION('','',#3645);
#3645 = PRODUCT(
'1spur gear_am1_Metric - Spur gear 1.5M 40T 20PA 10FW ---S40N75H50L20N',
'1spur gear_am1_Metric - Spur gear 1.5M 40T 20PA 10FW ---S40N75H50L20N',
  '',(#3646));
#3646 = MECHANICAL_CONTEXT('',#2,'mechanical');
#3647 = PRODUCT_DEFINITION_CONTEXT('part definition',#2,'design');
#3648 = CONTEXT_DEPENDENT_SHAPE_REPRESENTATION(#3649,#3651);
#3649 = ( REPRESENTATION_RELATIONSHIP('','',#53,#10) 
REPRESENTATION_RELATIONSHIP_WITH_TRANSFORMATION(#3650) 
SHAPE_REPRESENTATION_RELATIONSHIP() );
#3650 = ITEM_DEFINED_TRANSFORMATION('','',#11,#15);
#3651 = PRODUCT_DEFINITION_SHAPE('Placement','Placement of an item',
  #3652);
#3652 = NEXT_ASSEMBLY_USAGE_OCCURRENCE('1','NAUO1','',#5,#3643,$);
#3653 = PRODUCT_TYPE('part',$,(#3645));
#3654 = ADVANCED_BREP_SHAPE_REPRESENTATION('',(#11,#3655),#6722);
#3655 = MANIFOLD_SOLID_BREP('',#3656);
#3656 = CLOSED_SHELL('',(#3657,#3699,#3741,#3783,#3825,#3867,#3909,#4642
    ,#4674,#4706,#4738,#4770,#4802,#4834,#4859,#4884,#4916,#4948,#4980,
    #5012,#5044,#5076,#5108,#5140,#5172,#5204,#5236,#5783,#5805,#5822,
    #5839,#5851,#5863,#5880,#5892,#5909,#5926,#5938,#5955,#5972,#5984,
    #6001,#6018,#6030,#6047,#6064,#6076,#6093,#6110,#6122,#6139,#6156,
    #6168,#6185,#6202,#6214,#6231,#6248,#6260,#6277,#6294,#6306,#6323,
    #6340,#6352,#6369,#6386,#6398,#6415,#6432,#6444,#6461,#6478,#6490,
    #6507,#6524,#6536,#6553,#6570,#6582,#6594,#6611,#6623,#6640,#6657,
    #6669,#6686,#6698,#6710));
#3657 = ADVANCED_FACE('',(#3658),#3694,.F.);
#3658 = FACE_BOUND('',#3659,.F.);
#3659 = EDGE_LOOP('',(#3660,#3670,#3679,#3687));
#3660 = ORIENTED_EDGE('',*,*,#3661,.T.);
#3661 = EDGE_CURVE('',#3662,#3664,#3666,.T.);
#3662 = VERTEX_POINT('',#3663);
#3663 = CARTESIAN_POINT('',(10.,0.,5.));
#3664 = VERTEX_POINT('',#3665);
#3665 = CARTESIAN_POINT('',(0.,0.,5.));
#3666 = LINE('',#3667,#3668);
#3667 = CARTESIAN_POINT('',(50.0000508,0.,5.));
#3668 = VECTOR('',#3669,1.);
#3669 = DIRECTION('',(-1.,0.,0.));
#3670 = ORIENTED_EDGE('',*,*,#3671,.F.);
#3671 = EDGE_CURVE('',#3672,#3664,#3674,.T.);
#3672 = VERTEX_POINT('',#3673);
#3673 = CARTESIAN_POINT('',(0.,6.123233995737E-16,-5.));
#3674 = CIRCLE('',#3675,5.);
#3675 = AXIS2_PLACEMENT_3D('',#3676,#3677,#3678);
#3676 = CARTESIAN_POINT('',(0.,0.,0.));
#3677 = DIRECTION('',(-1.,-0.,-0.));
#3678 = DIRECTION('',(0.,0.,-1.));
#3679 = ORIENTED_EDGE('',*,*,#3680,.F.);
#3680 = EDGE_CURVE('',#3681,#3672,#3683,.T.);
#3681 = VERTEX_POINT('',#3682);
#3682 = CARTESIAN_POINT('',(10.,6.123233995737E-16,-5.));
#3683 = LINE('',#3684,#3685);
#3684 = CARTESIAN_POINT('',(50.0000508,6.123233995737E-16,-5.));
#3685 = VECTOR('',#3686,1.);
#3686 = DIRECTION('',(-1.,0.,0.));
#3687 = ORIENTED_EDGE('',*,*,#3688,.F.);
#3688 = EDGE_CURVE('',#3662,#3681,#3689,.T.);
#3689 = CIRCLE('',#3690,5.);
#3690 = AXIS2_PLACEMENT_3D('',#3691,#3692,#3693);
#3691 = CARTESIAN_POINT('',(10.,0.,0.));
#3692 = DIRECTION('',(1.,0.,-0.));
#3693 = DIRECTION('',(0.,0.,1.));
#3694 = CYLINDRICAL_SURFACE('',#3695,5.);
#3695 = AXIS2_PLACEMENT_3D('',#3696,#3697,#3698);
#3696 = CARTESIAN_POINT('',(50.0000508,0.,0.));
#3697 = DIRECTION('',(-1.,0.,0.));
#3698 = DIRECTION('',(0.,0.,1.));
#3699 = ADVANCED_FACE('',(#3700),#3736,.T.);
#3700 = FACE_BOUND('',#3701,.T.);
#3701 = EDGE_LOOP('',(#3702,#3713,#3721,#3730));
#3702 = ORIENTED_EDGE('',*,*,#3703,.T.);
#3703 = EDGE_CURVE('',#3704,#3706,#3708,.T.);
#3704 = VERTEX_POINT('',#3705);
#3705 = CARTESIAN_POINT('',(10.,-0.743814380397,13.102904875154));
#3706 = VERTEX_POINT('',#3707);
#3707 = CARTESIAN_POINT('',(10.,0.,13.123999999993));
#3708 = CIRCLE('',#3709,13.123999999993);
#3709 = AXIS2_PLACEMENT_3D('',#3710,#3711,#3712);
#3710 = CARTESIAN_POINT('',(10.,0.,0.));
#3711 = DIRECTION('',(-1.,0.,0.));
#3712 = DIRECTION('',(0.,1.,3.491481338843E-15));
#3713 = ORIENTED_EDGE('',*,*,#3714,.T.);
#3714 = EDGE_CURVE('',#3706,#3715,#3717,.T.);
#3715 = VERTEX_POINT('',#3716);
#3716 = CARTESIAN_POINT('',(0.,0.,13.123999999993));
#3717 = LINE('',#3718,#3719);
#3718 = CARTESIAN_POINT('',(10.,0.,13.123999999993));
#3719 = VECTOR('',#3720,1.);
#3720 = DIRECTION('',(-1.,0.,0.));
#3721 = ORIENTED_EDGE('',*,*,#3722,.F.);
#3722 = EDGE_CURVE('',#3723,#3715,#3725,.T.);
#3723 = VERTEX_POINT('',#3724);
#3724 = CARTESIAN_POINT('',(0.,-0.743814380397,13.102904875154));
#3725 = CIRCLE('',#3726,13.123999999993);
#3726 = AXIS2_PLACEMENT_3D('',#3727,#3728,#3729);
#3727 = CARTESIAN_POINT('',(0.,0.,0.));
#3728 = DIRECTION('',(-1.,0.,0.));
#3729 = DIRECTION('',(0.,1.,3.491481338843E-15));
#3730 = ORIENTED_EDGE('',*,*,#3731,.F.);
#3731 = EDGE_CURVE('',#3704,#3723,#3732,.T.);
#3732 = LINE('',#3733,#3734);
#3733 = CARTESIAN_POINT('',(10.,-0.743814380397,13.102904875154));
#3734 = VECTOR('',#3735,1.);
#3735 = DIRECTION('',(-1.,0.,0.));
#3736 = CYLINDRICAL_SURFACE('',#3737,13.123999999993);
#3737 = AXIS2_PLACEMENT_3D('',#3738,#3739,#3740);
#3738 = CARTESIAN_POINT('',(10.,0.,0.));
#3739 = DIRECTION('',(-1.,0.,0.));
#3740 = DIRECTION('',(0.,0.,1.));
#3741 = ADVANCED_FACE('',(#3742),#3778,.T.);
#3742 = FACE_BOUND('',#3743,.T.);
#3743 = EDGE_LOOP('',(#3744,#3755,#3763,#3772));
#3744 = ORIENTED_EDGE('',*,*,#3745,.T.);
#3745 = EDGE_CURVE('',#3746,#3748,#3750,.T.);
#3746 = VERTEX_POINT('',#3747);
#3747 = CARTESIAN_POINT('',(10.,11.037675842918,7.099935773406));
#3748 = VERTEX_POINT('',#3749);
#3749 = CARTESIAN_POINT('',(10.,13.971324527101,7.86603613759));
#3750 = CIRCLE('',#3751,5.999999999997);
#3751 = AXIS2_PLACEMENT_3D('',#3752,#3753,#3754);
#3752 = CARTESIAN_POINT('',(10.,13.971324527101,1.866036137593));
#3753 = DIRECTION('',(-1.,0.,-0.));
#3754 = DIRECTION('',(0.,0.587785252292,-0.809016994375));
#3755 = ORIENTED_EDGE('',*,*,#3756,.T.);
#3756 = EDGE_CURVE('',#3748,#3757,#3759,.T.);
#3757 = VERTEX_POINT('',#3758);
#3758 = CARTESIAN_POINT('',(0.,13.971324527101,7.86603613759));
#3759 = LINE('',#3760,#3761);
#3760 = CARTESIAN_POINT('',(10.,13.971324527101,7.86603613759));
#3761 = VECTOR('',#3762,1.);
#3762 = DIRECTION('',(-1.,0.,0.));
#3763 = ORIENTED_EDGE('',*,*,#3764,.F.);
#3764 = EDGE_CURVE('',#3765,#3757,#3767,.T.);
#3765 = VERTEX_POINT('',#3766);
#3766 = CARTESIAN_POINT('',(0.,11.037675842918,7.099935773406));
#3767 = CIRCLE('',#3768,5.999999999997);
#3768 = AXIS2_PLACEMENT_3D('',#3769,#3770,#3771);
#3769 = CARTESIAN_POINT('',(0.,13.971324527101,1.866036137593));
#3770 = DIRECTION('',(-1.,0.,-0.));
#3771 = DIRECTION('',(0.,0.587785252292,-0.809016994375));
#3772 = ORIENTED_EDGE('',*,*,#3773,.F.);
#3773 = EDGE_CURVE('',#3746,#3765,#3774,.T.);
#3774 = LINE('',#3775,#3776);
#3775 = CARTESIAN_POINT('',(10.,11.037675842918,7.099935773406));
#3776 = VECTOR('',#3777,1.);
#3777 = DIRECTION('',(-1.,0.,0.));
#3778 = CYLINDRICAL_SURFACE('',#3779,5.999999999997);
#3779 = AXIS2_PLACEMENT_3D('',#3780,#3781,#3782);
#3780 = CARTESIAN_POINT('',(10.,13.971324527101,1.866036137593));
#3781 = DIRECTION('',(-1.,0.,0.));
#3782 = DIRECTION('',(0.,0.,1.));
#3783 = ADVANCED_FACE('',(#3784),#3820,.T.);
#3784 = FACE_BOUND('',#3785,.T.);
#3785 = EDGE_LOOP('',(#3786,#3797,#3805,#3814));
#3786 = ORIENTED_EDGE('',*,*,#3787,.T.);
#3787 = EDGE_CURVE('',#3788,#3790,#3792,.T.);
#3788 = VERTEX_POINT('',#3789);
#3789 = CARTESIAN_POINT('',(10.,-14.51782409027,7.841095821597));
#3790 = VERTEX_POINT('',#3791);
#3791 = CARTESIAN_POINT('',(10.,-13.9713245271,7.86603613759));
#3792 = CIRCLE('',#3793,5.999999999997);
#3793 = AXIS2_PLACEMENT_3D('',#3794,#3795,#3796);
#3794 = CARTESIAN_POINT('',(10.,-13.9713245271,1.866036137593));
#3795 = DIRECTION('',(-1.,0.,0.));
#3796 = DIRECTION('',(0.,0.587785252292,0.809016994375));
#3797 = ORIENTED_EDGE('',*,*,#3798,.T.);
#3798 = EDGE_CURVE('',#3790,#3799,#3801,.T.);
#3799 = VERTEX_POINT('',#3800);
#3800 = CARTESIAN_POINT('',(0.,-13.9713245271,7.86603613759));
#3801 = LINE('',#3802,#3803);
#3802 = CARTESIAN_POINT('',(10.,-13.9713245271,7.86603613759));
#3803 = VECTOR('',#3804,1.);
#3804 = DIRECTION('',(-1.,0.,0.));
#3805 = ORIENTED_EDGE('',*,*,#3806,.T.);
#3806 = EDGE_CURVE('',#3799,#3807,#3809,.T.);
#3807 = VERTEX_POINT('',#3808);
#3808 = CARTESIAN_POINT('',(0.,-14.51782409027,7.841095821597));
#3809 = CIRCLE('',#3810,5.999999999997);
#3810 = AXIS2_PLACEMENT_3D('',#3811,#3812,#3813);
#3811 = CARTESIAN_POINT('',(0.,-13.9713245271,1.866036137593));
#3812 = DIRECTION('',(1.,0.,0.));
#3813 = DIRECTION('',(0.,0.,-1.));
#3814 = ORIENTED_EDGE('',*,*,#3815,.T.);
#3815 = EDGE_CURVE('',#3807,#3788,#3816,.T.);
#3816 = LINE('',#3817,#3818);
#3817 = CARTESIAN_POINT('',(5.,-14.51782409027,7.841095821597));
#3818 = VECTOR('',#3819,1.);
#3819 = DIRECTION('',(1.,-0.,-0.));
#3820 = CYLINDRICAL_SURFACE('',#3821,5.999999999997);
#3821 = AXIS2_PLACEMENT_3D('',#3822,#3823,#3824);
#3822 = CARTESIAN_POINT('',(10.,-13.9713245271,1.866036137593));
#3823 = DIRECTION('',(-1.,0.,0.));
#3824 = DIRECTION('',(0.,0.,1.));
#3825 = ADVANCED_FACE('',(#3826),#3862,.T.);
#3826 = FACE_BOUND('',#3827,.T.);
#3827 = EDGE_LOOP('',(#3828,#3839,#3847,#3856));
#3828 = ORIENTED_EDGE('',*,*,#3829,.T.);
#3829 = EDGE_CURVE('',#3830,#3832,#3834,.T.);
#3830 = VERTEX_POINT('',#3831);
#3831 = CARTESIAN_POINT('',(10.,-16.23030306688,2.971070910783));
#3832 = VERTEX_POINT('',#3833);
#3833 = CARTESIAN_POINT('',(10.,-13.8641561114,3.457329115495));
#3834 = CIRCLE('',#3835,5.999999999997);
#3835 = AXIS2_PLACEMENT_3D('',#3836,#3837,#3838);
#3836 = CARTESIAN_POINT('',(10.,-13.8641561114,-2.542670884502));
#3837 = DIRECTION('',(-1.,0.,0.));
#3838 = DIRECTION('',(0.,0.309016994375,0.951056516295));
#3839 = ORIENTED_EDGE('',*,*,#3840,.T.);
#3840 = EDGE_CURVE('',#3832,#3841,#3843,.T.);
#3841 = VERTEX_POINT('',#3842);
#3842 = CARTESIAN_POINT('',(0.,-13.8641561114,3.457329115495));
#3843 = LINE('',#3844,#3845);
#3844 = CARTESIAN_POINT('',(10.,-13.8641561114,3.457329115495));
#3845 = VECTOR('',#3846,1.);
#3846 = DIRECTION('',(-1.,0.,0.));
#3847 = ORIENTED_EDGE('',*,*,#3848,.T.);
#3848 = EDGE_CURVE('',#3841,#3849,#3851,.T.);
#3849 = VERTEX_POINT('',#3850);
#3850 = CARTESIAN_POINT('',(0.,-16.23030306688,2.971070910783));
#3851 = CIRCLE('',#3852,5.999999999997);
#3852 = AXIS2_PLACEMENT_3D('',#3853,#3854,#3855);
#3853 = CARTESIAN_POINT('',(0.,-13.8641561114,-2.542670884502));
#3854 = DIRECTION('',(1.,0.,0.));
#3855 = DIRECTION('',(0.,0.,-1.));
#3856 = ORIENTED_EDGE('',*,*,#3857,.T.);
#3857 = EDGE_CURVE('',#3849,#3830,#3858,.T.);
#3858 = LINE('',#3859,#3860);
#3859 = CARTESIAN_POINT('',(5.,-16.23030306688,2.971070910783));
#3860 = VECTOR('',#3861,1.);
#3861 = DIRECTION('',(1.,-0.,-0.));
#3862 = CYLINDRICAL_SURFACE('',#3863,5.999999999997);
#3863 = AXIS2_PLACEMENT_3D('',#3864,#3865,#3866);
#3864 = CARTESIAN_POINT('',(10.,-13.8641561114,-2.542670884502));
#3865 = DIRECTION('',(-1.,0.,0.));
#3866 = DIRECTION('',(0.,0.,1.));
#3867 = ADVANCED_FACE('',(#3868),#3904,.T.);
#3868 = FACE_BOUND('',#3869,.T.);
#3869 = EDGE_LOOP('',(#3870,#3881,#3889,#3898));
#3870 = ORIENTED_EDGE('',*,*,#3871,.T.);
#3871 = EDGE_CURVE('',#3872,#3874,#3876,.T.);
#3872 = VERTEX_POINT('',#3873);
#3873 = CARTESIAN_POINT('',(10.,12.691454348114,3.341610768711));
#3874 = VERTEX_POINT('',#3875);
#3875 = CARTESIAN_POINT('',(10.,13.864156111408,3.457329115495));
#3876 = CIRCLE('',#3877,5.999999999997);
#3877 = AXIS2_PLACEMENT_3D('',#3878,#3879,#3880);
#3878 = CARTESIAN_POINT('',(10.,13.864156111408,-2.542670884502));
#3879 = DIRECTION('',(-1.,0.,-0.));
#3880 = DIRECTION('',(0.,0.309016994375,-0.951056516295));
#3881 = ORIENTED_EDGE('',*,*,#3882,.T.);
#3882 = EDGE_CURVE('',#3874,#3883,#3885,.T.);
#3883 = VERTEX_POINT('',#3884);
#3884 = CARTESIAN_POINT('',(0.,13.864156111408,3.457329115495));
#3885 = LINE('',#3886,#3887);
#3886 = CARTESIAN_POINT('',(10.,13.864156111408,3.457329115495));
#3887 = VECTOR('',#3888,1.);
#3888 = DIRECTION('',(-1.,0.,0.));
#3889 = ORIENTED_EDGE('',*,*,#3890,.F.);
#3890 = EDGE_CURVE('',#3891,#3883,#3893,.T.);
#3891 = VERTEX_POINT('',#3892);
#3892 = CARTESIAN_POINT('',(0.,12.691454348114,3.341610768711));
#3893 = CIRCLE('',#3894,5.999999999997);
#3894 = AXIS2_PLACEMENT_3D('',#3895,#3896,#3897);
#3895 = CARTESIAN_POINT('',(0.,13.864156111408,-2.542670884502));
#3896 = DIRECTION('',(-1.,0.,-0.));
#3897 = DIRECTION('',(0.,0.309016994375,-0.951056516295));
#3898 = ORIENTED_EDGE('',*,*,#3899,.F.);
#3899 = EDGE_CURVE('',#3872,#3891,#3900,.T.);
#3900 = LINE('',#3901,#3902);
#3901 = CARTESIAN_POINT('',(10.,12.691454348114,3.341610768711));
#3902 = VECTOR('',#3903,1.);
#3903 = DIRECTION('',(-1.,0.,0.));
#3904 = CYLINDRICAL_SURFACE('',#3905,5.999999999997);
#3905 = AXIS2_PLACEMENT_3D('',#3906,#3907,#3908);
#3906 = CARTESIAN_POINT('',(10.,13.864156111408,-2.542670884502));
#3907 = DIRECTION('',(-1.,0.,0.));
#3908 = DIRECTION('',(0.,0.,1.));
#3909 = ADVANCED_FACE('',(#3910,#3920),#4637,.F.);
#3910 = FACE_BOUND('',#3911,.T.);
#3911 = EDGE_LOOP('',(#3912,#3913));
#3912 = ORIENTED_EDGE('',*,*,#3688,.F.);
#3913 = ORIENTED_EDGE('',*,*,#3914,.F.);
#3914 = EDGE_CURVE('',#3681,#3662,#3915,.T.);
#3915 = CIRCLE('',#3916,5.);
#3916 = AXIS2_PLACEMENT_3D('',#3917,#3918,#3919);
#3917 = CARTESIAN_POINT('',(10.,0.,0.));
#3918 = DIRECTION('',(1.,0.,-0.));
#3919 = DIRECTION('',(0.,0.,1.));
#3920 = FACE_BOUND('',#3921,.T.);
#3921 = EDGE_LOOP('',(#3922,#3933,#3940,#3941,#3950,#3959,#3968,#3977,
    #3986,#3995,#4004,#4013,#4022,#4031,#4040,#4049,#4056,#4057,#4066,
    #4075,#4084,#4091,#4092,#4101,#4110,#4119,#4128,#4137,#4146,#4155,
    #4164,#4173,#4182,#4191,#4200,#4209,#4218,#4227,#4236,#4245,#4254,
    #4263,#4272,#4281,#4290,#4299,#4308,#4317,#4326,#4335,#4344,#4353,
    #4362,#4371,#4380,#4389,#4398,#4407,#4416,#4425,#4434,#4443,#4452,
    #4461,#4470,#4479,#4488,#4497,#4504,#4505,#4514,#4523,#4532,#4539,
    #4540,#4549,#4558,#4567,#4576,#4585,#4594,#4603,#4612,#4621,#4630));
#3922 = ORIENTED_EDGE('',*,*,#3923,.F.);
#3923 = EDGE_CURVE('',#3924,#3926,#3928,.T.);
#3924 = VERTEX_POINT('',#3925);
#3925 = CARTESIAN_POINT('',(10.,0.743814380396,13.102904875154));
#3926 = VERTEX_POINT('',#3927);
#3927 = CARTESIAN_POINT('',(10.,2.189783121447,16.354046896128));
#3928 = CIRCLE('',#3929,5.999999999997);
#3929 = AXIS2_PLACEMENT_3D('',#3930,#3931,#3932);
#3930 = CARTESIAN_POINT('',(10.,6.702483564591,12.399867498274));
#3931 = DIRECTION('',(-1.,0.,0.));
#3932 = DIRECTION('',(0.,1.,3.469446951955E-15));
#3933 = ORIENTED_EDGE('',*,*,#3934,.F.);
#3934 = EDGE_CURVE('',#3706,#3924,#3935,.T.);
#3935 = CIRCLE('',#3936,13.123999999993);
#3936 = AXIS2_PLACEMENT_3D('',#3937,#3938,#3939);
#3937 = CARTESIAN_POINT('',(10.,0.,0.));
#3938 = DIRECTION('',(-1.,0.,0.));
#3939 = DIRECTION('',(0.,1.,3.491481338843E-15));
#3940 = ORIENTED_EDGE('',*,*,#3703,.F.);
#3941 = ORIENTED_EDGE('',*,*,#3942,.F.);
#3942 = EDGE_CURVE('',#3943,#3704,#3945,.T.);
#3943 = VERTEX_POINT('',#3944);
#3944 = CARTESIAN_POINT('',(10.,-2.189783121447,16.354046896128));
#3945 = CIRCLE('',#3946,5.999999999997);
#3946 = AXIS2_PLACEMENT_3D('',#3947,#3948,#3949);
#3947 = CARTESIAN_POINT('',(10.,-6.702483564591,12.399867498274));
#3948 = DIRECTION('',(-1.,0.,0.));
#3949 = DIRECTION('',(0.,1.,3.469446951955E-15));
#3950 = ORIENTED_EDGE('',*,*,#3951,.F.);
#3951 = EDGE_CURVE('',#3952,#3943,#3954,.T.);
#3952 = VERTEX_POINT('',#3953);
#3953 = CARTESIAN_POINT('',(10.,-2.971070910783,16.230303066882));
#3954 = CIRCLE('',#3955,16.499999999992);
#3955 = AXIS2_PLACEMENT_3D('',#3956,#3957,#3958);
#3956 = CARTESIAN_POINT('',(10.,0.,0.));
#3957 = DIRECTION('',(-1.,0.,-0.));
#3958 = DIRECTION('',(-0.,0.,1.));
#3959 = ORIENTED_EDGE('',*,*,#3960,.F.);
#3960 = EDGE_CURVE('',#3961,#3952,#3963,.T.);
#3961 = VERTEX_POINT('',#3962);
#3962 = CARTESIAN_POINT('',(10.,-3.341610768711,12.691454348114));
#3963 = CIRCLE('',#3964,5.999999999997);
#3964 = AXIS2_PLACEMENT_3D('',#3965,#3966,#3967);
#3965 = CARTESIAN_POINT('',(10.,2.542670884501,13.864156111408));
#3966 = DIRECTION('',(-1.,0.,0.));
#3967 = DIRECTION('',(0.,0.951056516295,0.309016994375));
#3968 = ORIENTED_EDGE('',*,*,#3969,.F.);
#3969 = EDGE_CURVE('',#3970,#3961,#3972,.T.);
#3970 = VERTEX_POINT('',#3971);
#3971 = CARTESIAN_POINT('',(10.,-4.756429795491,12.231751779708));
#3972 = CIRCLE('',#3973,13.123999999993);
#3973 = AXIS2_PLACEMENT_3D('',#3974,#3975,#3976);
#3974 = CARTESIAN_POINT('',(10.,0.,0.));
#3975 = DIRECTION('',(-1.,0.,0.));
#3976 = DIRECTION('',(0.,0.951056516295,0.309016994375));
#3977 = ORIENTED_EDGE('',*,*,#3978,.F.);
#3978 = EDGE_CURVE('',#3979,#3970,#3981,.T.);
#3979 = VERTEX_POINT('',#3980);
#3980 = CARTESIAN_POINT('',(10.,-7.136285924634,14.876942669836));
#3981 = CIRCLE('',#3982,5.999999999997);
#3982 = AXIS2_PLACEMENT_3D('',#3983,#3984,#3985);
#3983 = CARTESIAN_POINT('',(10.,-10.20621045443,9.721793459453));
#3984 = DIRECTION('',(-1.,0.,0.));
#3985 = DIRECTION('',(0.,0.951056516295,0.309016994375));
#3986 = ORIENTED_EDGE('',*,*,#3987,.F.);
#3987 = EDGE_CURVE('',#3988,#3979,#3990,.T.);
#3988 = VERTEX_POINT('',#3989);
#3989 = CARTESIAN_POINT('',(10.,-7.841095821597,14.517824090278));
#3990 = CIRCLE('',#3991,16.499999999992);
#3991 = AXIS2_PLACEMENT_3D('',#3992,#3993,#3994);
#3992 = CARTESIAN_POINT('',(10.,0.,0.));
#3993 = DIRECTION('',(-1.,0.,-0.));
#3994 = DIRECTION('',(-0.,0.,1.));
#3995 = ORIENTED_EDGE('',*,*,#3996,.F.);
#3996 = EDGE_CURVE('',#3997,#3988,#3999,.T.);
#3997 = VERTEX_POINT('',#3998);
#3998 = CARTESIAN_POINT('',(10.,-7.099935773406,11.037675842918));
#3999 = CIRCLE('',#4000,5.999999999997);
#4000 = AXIS2_PLACEMENT_3D('',#4001,#4002,#4003);
#4001 = CARTESIAN_POINT('',(10.,-1.866036137593,13.971324527101));
#4002 = DIRECTION('',(-1.,0.,0.));
#4003 = DIRECTION('',(0.,0.809016994375,0.587785252292));
#4004 = ORIENTED_EDGE('',*,*,#4005,.F.);
#4005 = EDGE_CURVE('',#4006,#3997,#4008,.T.);
#4006 = VERTEX_POINT('',#4007);
#4007 = CARTESIAN_POINT('',(10.,-8.303452722208,10.163269596438));
#4008 = CIRCLE('',#4009,13.123999999993);
#4009 = AXIS2_PLACEMENT_3D('',#4010,#4011,#4012);
#4010 = CARTESIAN_POINT('',(10.,0.,0.));
#4011 = DIRECTION('',(-1.,0.,0.));
#4012 = DIRECTION('',(0.,0.809016994375,0.587785252292));
#4013 = ORIENTED_EDGE('',*,*,#4014,.F.);
#4014 = EDGE_CURVE('',#4015,#4006,#4017,.T.);
#4015 = VERTEX_POINT('',#4016);
#4016 = CARTESIAN_POINT('',(10.,-11.38423934009,11.943579641267));
#4017 = CIRCLE('',#4018,5.999999999997);
#4018 = AXIS2_PLACEMENT_3D('',#4019,#4020,#4021);
#4019 = CARTESIAN_POINT('',(10.,-12.71088235414,6.092082541102));
#4020 = DIRECTION('',(-1.,0.,0.));
#4021 = DIRECTION('',(0.,0.809016994375,0.587785252292));
#4022 = ORIENTED_EDGE('',*,*,#4023,.F.);
#4023 = EDGE_CURVE('',#4024,#4015,#4026,.T.);
#4024 = VERTEX_POINT('',#4025);
#4025 = CARTESIAN_POINT('',(10.,-11.94357964126,11.38423934009));
#4026 = CIRCLE('',#4027,16.499999999992);
#4027 = AXIS2_PLACEMENT_3D('',#4028,#4029,#4030);
#4028 = CARTESIAN_POINT('',(10.,0.,0.));
#4029 = DIRECTION('',(-1.,0.,-0.));
#4030 = DIRECTION('',(-0.,0.,1.));
#4031 = ORIENTED_EDGE('',*,*,#4032,.F.);
#4032 = EDGE_CURVE('',#4033,#4024,#4035,.T.);
#4033 = VERTEX_POINT('',#4034);
#4034 = CARTESIAN_POINT('',(10.,-10.16326959643,8.303452722208));
#4035 = CIRCLE('',#4036,5.999999999997);
#4036 = AXIS2_PLACEMENT_3D('',#4037,#4038,#4039);
#4037 = CARTESIAN_POINT('',(10.,-6.092082541102,12.710882354139));
#4038 = DIRECTION('',(-1.,0.,0.));
#4039 = DIRECTION('',(0.,0.587785252292,0.809016994375));
#4040 = ORIENTED_EDGE('',*,*,#4041,.F.);
#4041 = EDGE_CURVE('',#4042,#4033,#4044,.T.);
#4042 = VERTEX_POINT('',#4043);
#4043 = CARTESIAN_POINT('',(10.,-11.03767584291,7.099935773406));
#4044 = CIRCLE('',#4045,13.123999999993);
#4045 = AXIS2_PLACEMENT_3D('',#4046,#4047,#4048);
#4046 = CARTESIAN_POINT('',(10.,0.,0.));
#4047 = DIRECTION('',(-1.,0.,0.));
#4048 = DIRECTION('',(0.,0.587785252292,0.809016994375));
#4049 = ORIENTED_EDGE('',*,*,#4050,.F.);
#4050 = EDGE_CURVE('',#3790,#4042,#4051,.T.);
#4051 = CIRCLE('',#4052,5.999999999997);
#4052 = AXIS2_PLACEMENT_3D('',#4053,#4054,#4055);
#4053 = CARTESIAN_POINT('',(10.,-13.9713245271,1.866036137593));
#4054 = DIRECTION('',(-1.,0.,0.));
#4055 = DIRECTION('',(0.,0.587785252292,0.809016994375));
#4056 = ORIENTED_EDGE('',*,*,#3787,.F.);
#4057 = ORIENTED_EDGE('',*,*,#4058,.F.);
#4058 = EDGE_CURVE('',#4059,#3788,#4061,.T.);
#4059 = VERTEX_POINT('',#4060);
#4060 = CARTESIAN_POINT('',(10.,-14.87694266983,7.136285924634));
#4061 = CIRCLE('',#4062,16.499999999992);
#4062 = AXIS2_PLACEMENT_3D('',#4063,#4064,#4065);
#4063 = CARTESIAN_POINT('',(10.,0.,0.));
#4064 = DIRECTION('',(-1.,0.,-0.));
#4065 = DIRECTION('',(-0.,0.,1.));
#4066 = ORIENTED_EDGE('',*,*,#4067,.F.);
#4067 = EDGE_CURVE('',#4068,#4059,#4070,.T.);
#4068 = VERTEX_POINT('',#4069);
#4069 = CARTESIAN_POINT('',(10.,-12.2317517797,4.756429795491));
#4070 = CIRCLE('',#4071,5.999999999997);
#4071 = AXIS2_PLACEMENT_3D('',#4072,#4073,#4074);
#4072 = CARTESIAN_POINT('',(10.,-9.721793459453,10.20621045443));
#4073 = DIRECTION('',(-1.,0.,0.));
#4074 = DIRECTION('',(0.,0.309016994375,0.951056516295));
#4075 = ORIENTED_EDGE('',*,*,#4076,.F.);
#4076 = EDGE_CURVE('',#4077,#4068,#4079,.T.);
#4077 = VERTEX_POINT('',#4078);
#4078 = CARTESIAN_POINT('',(10.,-12.69145434811,3.341610768711));
#4079 = CIRCLE('',#4080,13.123999999993);
#4080 = AXIS2_PLACEMENT_3D('',#4081,#4082,#4083);
#4081 = CARTESIAN_POINT('',(10.,0.,0.));
#4082 = DIRECTION('',(-1.,0.,0.));
#4083 = DIRECTION('',(0.,0.309016994375,0.951056516295));
#4084 = ORIENTED_EDGE('',*,*,#4085,.F.);
#4085 = EDGE_CURVE('',#3832,#4077,#4086,.T.);
#4086 = CIRCLE('',#4087,5.999999999997);
#4087 = AXIS2_PLACEMENT_3D('',#4088,#4089,#4090);
#4088 = CARTESIAN_POINT('',(10.,-13.8641561114,-2.542670884502));
#4089 = DIRECTION('',(-1.,0.,0.));
#4090 = DIRECTION('',(0.,0.309016994375,0.951056516295));
#4091 = ORIENTED_EDGE('',*,*,#3829,.F.);
#4092 = ORIENTED_EDGE('',*,*,#4093,.F.);
#4093 = EDGE_CURVE('',#4094,#3830,#4096,.T.);
#4094 = VERTEX_POINT('',#4095);
#4095 = CARTESIAN_POINT('',(10.,-16.35404689612,2.189783121447));
#4096 = CIRCLE('',#4097,16.499999999992);
#4097 = AXIS2_PLACEMENT_3D('',#4098,#4099,#4100);
#4098 = CARTESIAN_POINT('',(10.,0.,0.));
#4099 = DIRECTION('',(-1.,0.,-0.));
#4100 = DIRECTION('',(-0.,0.,1.));
#4101 = ORIENTED_EDGE('',*,*,#4102,.F.);
#4102 = EDGE_CURVE('',#4103,#4094,#4105,.T.);
#4103 = VERTEX_POINT('',#4104);
#4104 = CARTESIAN_POINT('',(10.,-13.10290487515,0.743814380396));
#4105 = CIRCLE('',#4106,5.999999999997);
#4106 = AXIS2_PLACEMENT_3D('',#4107,#4108,#4109);
#4107 = CARTESIAN_POINT('',(10.,-12.39986749827,6.702483564591));
#4108 = DIRECTION('',(-1.,0.,0.));
#4109 = DIRECTION('',(0.,-6.938893903911E-15,1.));
#4110 = ORIENTED_EDGE('',*,*,#4111,.F.);
#4111 = EDGE_CURVE('',#4112,#4103,#4114,.T.);
#4112 = VERTEX_POINT('',#4113);
#4113 = CARTESIAN_POINT('',(10.,-13.10290487515,-0.743814380397));
#4114 = CIRCLE('',#4115,13.123999999993);
#4115 = AXIS2_PLACEMENT_3D('',#4116,#4117,#4118);
#4116 = CARTESIAN_POINT('',(10.,0.,0.));
#4117 = DIRECTION('',(-1.,0.,0.));
#4118 = DIRECTION('',(0.,-6.982962677686E-15,1.));
#4119 = ORIENTED_EDGE('',*,*,#4120,.F.);
#4120 = EDGE_CURVE('',#4121,#4112,#4123,.T.);
#4121 = VERTEX_POINT('',#4122);
#4122 = CARTESIAN_POINT('',(10.,-16.35404689612,-2.189783121447));
#4123 = CIRCLE('',#4124,5.999999999997);
#4124 = AXIS2_PLACEMENT_3D('',#4125,#4126,#4127);
#4125 = CARTESIAN_POINT('',(10.,-12.39986749827,-6.702483564591));
#4126 = DIRECTION('',(-1.,0.,0.));
#4127 = DIRECTION('',(0.,-6.938893903911E-15,1.));
#4128 = ORIENTED_EDGE('',*,*,#4129,.F.);
#4129 = EDGE_CURVE('',#4130,#4121,#4132,.T.);
#4130 = VERTEX_POINT('',#4131);
#4131 = CARTESIAN_POINT('',(10.,-16.23030306688,-2.971070910783));
#4132 = CIRCLE('',#4133,16.499999999992);
#4133 = AXIS2_PLACEMENT_3D('',#4134,#4135,#4136);
#4134 = CARTESIAN_POINT('',(10.,0.,0.));
#4135 = DIRECTION('',(-1.,0.,-0.));
#4136 = DIRECTION('',(-0.,0.,1.));
#4137 = ORIENTED_EDGE('',*,*,#4138,.F.);
#4138 = EDGE_CURVE('',#4139,#4130,#4141,.T.);
#4139 = VERTEX_POINT('',#4140);
#4140 = CARTESIAN_POINT('',(10.,-12.69145434811,-3.341610768711));
#4141 = CIRCLE('',#4142,5.999999999997);
#4142 = AXIS2_PLACEMENT_3D('',#4143,#4144,#4145);
#4143 = CARTESIAN_POINT('',(10.,-13.8641561114,2.542670884501));
#4144 = DIRECTION('',(-1.,0.,0.));
#4145 = DIRECTION('',(0.,-0.309016994375,0.951056516295));
#4146 = ORIENTED_EDGE('',*,*,#4147,.F.);
#4147 = EDGE_CURVE('',#4148,#4139,#4150,.T.);
#4148 = VERTEX_POINT('',#4149);
#4149 = CARTESIAN_POINT('',(10.,-12.2317517797,-4.756429795491));
#4150 = CIRCLE('',#4151,13.123999999993);
#4151 = AXIS2_PLACEMENT_3D('',#4152,#4153,#4154);
#4152 = CARTESIAN_POINT('',(10.,0.,0.));
#4153 = DIRECTION('',(-1.,0.,0.));
#4154 = DIRECTION('',(0.,-0.309016994375,0.951056516295));
#4155 = ORIENTED_EDGE('',*,*,#4156,.F.);
#4156 = EDGE_CURVE('',#4157,#4148,#4159,.T.);
#4157 = VERTEX_POINT('',#4158);
#4158 = CARTESIAN_POINT('',(10.,-14.87694266983,-7.136285924634));
#4159 = CIRCLE('',#4160,5.999999999997);
#4160 = AXIS2_PLACEMENT_3D('',#4161,#4162,#4163);
#4161 = CARTESIAN_POINT('',(10.,-9.721793459453,-10.20621045443));
#4162 = DIRECTION('',(-1.,0.,0.));
#4163 = DIRECTION('',(0.,-0.309016994375,0.951056516295));
#4164 = ORIENTED_EDGE('',*,*,#4165,.F.);
#4165 = EDGE_CURVE('',#4166,#4157,#4168,.T.);
#4166 = VERTEX_POINT('',#4167);
#4167 = CARTESIAN_POINT('',(10.,-14.51782409027,-7.841095821597));
#4168 = CIRCLE('',#4169,16.499999999992);
#4169 = AXIS2_PLACEMENT_3D('',#4170,#4171,#4172);
#4170 = CARTESIAN_POINT('',(10.,0.,0.));
#4171 = DIRECTION('',(-1.,0.,-0.));
#4172 = DIRECTION('',(-0.,0.,1.));
#4173 = ORIENTED_EDGE('',*,*,#4174,.F.);
#4174 = EDGE_CURVE('',#4175,#4166,#4177,.T.);
#4175 = VERTEX_POINT('',#4176);
#4176 = CARTESIAN_POINT('',(10.,-11.03767584291,-7.099935773406));
#4177 = CIRCLE('',#4178,5.999999999997);
#4178 = AXIS2_PLACEMENT_3D('',#4179,#4180,#4181);
#4179 = CARTESIAN_POINT('',(10.,-13.9713245271,-1.866036137593));
#4180 = DIRECTION('',(-1.,0.,0.));
#4181 = DIRECTION('',(0.,-0.587785252292,0.809016994375));
#4182 = ORIENTED_EDGE('',*,*,#4183,.F.);
#4183 = EDGE_CURVE('',#4184,#4175,#4186,.T.);
#4184 = VERTEX_POINT('',#4185);
#4185 = CARTESIAN_POINT('',(10.,-10.16326959643,-8.303452722208));
#4186 = CIRCLE('',#4187,13.123999999993);
#4187 = AXIS2_PLACEMENT_3D('',#4188,#4189,#4190);
#4188 = CARTESIAN_POINT('',(10.,0.,0.));
#4189 = DIRECTION('',(-1.,0.,0.));
#4190 = DIRECTION('',(0.,-0.587785252292,0.809016994375));
#4191 = ORIENTED_EDGE('',*,*,#4192,.F.);
#4192 = EDGE_CURVE('',#4193,#4184,#4195,.T.);
#4193 = VERTEX_POINT('',#4194);
#4194 = CARTESIAN_POINT('',(10.,-11.94357964126,-11.38423934009));
#4195 = CIRCLE('',#4196,5.999999999997);
#4196 = AXIS2_PLACEMENT_3D('',#4197,#4198,#4199);
#4197 = CARTESIAN_POINT('',(10.,-6.092082541102,-12.71088235414));
#4198 = DIRECTION('',(-1.,0.,0.));
#4199 = DIRECTION('',(0.,-0.587785252292,0.809016994375));
#4200 = ORIENTED_EDGE('',*,*,#4201,.F.);
#4201 = EDGE_CURVE('',#4202,#4193,#4204,.T.);
#4202 = VERTEX_POINT('',#4203);
#4203 = CARTESIAN_POINT('',(10.,-11.38423934009,-11.94357964126));
#4204 = CIRCLE('',#4205,16.499999999992);
#4205 = AXIS2_PLACEMENT_3D('',#4206,#4207,#4208);
#4206 = CARTESIAN_POINT('',(10.,0.,0.));
#4207 = DIRECTION('',(-1.,0.,-0.));
#4208 = DIRECTION('',(-0.,0.,1.));
#4209 = ORIENTED_EDGE('',*,*,#4210,.F.);
#4210 = EDGE_CURVE('',#4211,#4202,#4213,.T.);
#4211 = VERTEX_POINT('',#4212);
#4212 = CARTESIAN_POINT('',(10.,-8.303452722208,-10.16326959643));
#4213 = CIRCLE('',#4214,5.999999999997);
#4214 = AXIS2_PLACEMENT_3D('',#4215,#4216,#4217);
#4215 = CARTESIAN_POINT('',(10.,-12.71088235413,-6.092082541102));
#4216 = DIRECTION('',(-1.,0.,0.));
#4217 = DIRECTION('',(0.,-0.809016994375,0.587785252292));
#4218 = ORIENTED_EDGE('',*,*,#4219,.F.);
#4219 = EDGE_CURVE('',#4220,#4211,#4222,.T.);
#4220 = VERTEX_POINT('',#4221);
#4221 = CARTESIAN_POINT('',(10.,-7.099935773405,-11.03767584291));
#4222 = CIRCLE('',#4223,13.123999999993);
#4223 = AXIS2_PLACEMENT_3D('',#4224,#4225,#4226);
#4224 = CARTESIAN_POINT('',(10.,0.,0.));
#4225 = DIRECTION('',(-1.,0.,0.));
#4226 = DIRECTION('',(0.,-0.809016994375,0.587785252292));
#4227 = ORIENTED_EDGE('',*,*,#4228,.F.);
#4228 = EDGE_CURVE('',#4229,#4220,#4231,.T.);
#4229 = VERTEX_POINT('',#4230);
#4230 = CARTESIAN_POINT('',(10.,-7.841095821597,-14.51782409027));
#4231 = CIRCLE('',#4232,5.999999999997);
#4232 = AXIS2_PLACEMENT_3D('',#4233,#4234,#4235);
#4233 = CARTESIAN_POINT('',(10.,-1.866036137593,-13.9713245271));
#4234 = DIRECTION('',(-1.,0.,0.));
#4235 = DIRECTION('',(0.,-0.809016994375,0.587785252292));
#4236 = ORIENTED_EDGE('',*,*,#4237,.F.);
#4237 = EDGE_CURVE('',#4238,#4229,#4240,.T.);
#4238 = VERTEX_POINT('',#4239);
#4239 = CARTESIAN_POINT('',(10.,-7.136285924634,-14.87694266983));
#4240 = CIRCLE('',#4241,16.499999999992);
#4241 = AXIS2_PLACEMENT_3D('',#4242,#4243,#4244);
#4242 = CARTESIAN_POINT('',(10.,0.,0.));
#4243 = DIRECTION('',(-1.,0.,-0.));
#4244 = DIRECTION('',(-0.,0.,1.));
#4245 = ORIENTED_EDGE('',*,*,#4246,.F.);
#4246 = EDGE_CURVE('',#4247,#4238,#4249,.T.);
#4247 = VERTEX_POINT('',#4248);
#4248 = CARTESIAN_POINT('',(10.,-4.756429795491,-12.2317517797));
#4249 = CIRCLE('',#4250,5.999999999997);
#4250 = AXIS2_PLACEMENT_3D('',#4251,#4252,#4253);
#4251 = CARTESIAN_POINT('',(10.,-10.20621045443,-9.721793459453));
#4252 = DIRECTION('',(-1.,0.,0.));
#4253 = DIRECTION('',(0.,-0.951056516295,0.309016994375));
#4254 = ORIENTED_EDGE('',*,*,#4255,.F.);
#4255 = EDGE_CURVE('',#4256,#4247,#4258,.T.);
#4256 = VERTEX_POINT('',#4257);
#4257 = CARTESIAN_POINT('',(10.,-3.341610768711,-12.69145434811));
#4258 = CIRCLE('',#4259,13.123999999993);
#4259 = AXIS2_PLACEMENT_3D('',#4260,#4261,#4262);
#4260 = CARTESIAN_POINT('',(10.,0.,0.));
#4261 = DIRECTION('',(-1.,0.,0.));
#4262 = DIRECTION('',(0.,-0.951056516295,0.309016994375));
#4263 = ORIENTED_EDGE('',*,*,#4264,.F.);
#4264 = EDGE_CURVE('',#4265,#4256,#4267,.T.);
#4265 = VERTEX_POINT('',#4266);
#4266 = CARTESIAN_POINT('',(10.,-2.971070910783,-16.23030306688));
#4267 = CIRCLE('',#4268,5.999999999997);
#4268 = AXIS2_PLACEMENT_3D('',#4269,#4270,#4271);
#4269 = CARTESIAN_POINT('',(10.,2.542670884502,-13.8641561114));
#4270 = DIRECTION('',(-1.,0.,0.));
#4271 = DIRECTION('',(0.,-0.951056516295,0.309016994375));
#4272 = ORIENTED_EDGE('',*,*,#4273,.F.);
#4273 = EDGE_CURVE('',#4274,#4265,#4276,.T.);
#4274 = VERTEX_POINT('',#4275);
#4275 = CARTESIAN_POINT('',(10.,-2.189783121447,-16.35404689612));
#4276 = CIRCLE('',#4277,16.499999999992);
#4277 = AXIS2_PLACEMENT_3D('',#4278,#4279,#4280);
#4278 = CARTESIAN_POINT('',(10.,0.,0.));
#4279 = DIRECTION('',(-1.,0.,-0.));
#4280 = DIRECTION('',(-0.,0.,1.));
#4281 = ORIENTED_EDGE('',*,*,#4282,.F.);
#4282 = EDGE_CURVE('',#4283,#4274,#4285,.T.);
#4283 = VERTEX_POINT('',#4284);
#4284 = CARTESIAN_POINT('',(10.,-0.743814380396,-13.10290487515));
#4285 = CIRCLE('',#4286,5.999999999997);
#4286 = AXIS2_PLACEMENT_3D('',#4287,#4288,#4289);
#4287 = CARTESIAN_POINT('',(10.,-6.702483564591,-12.39986749827));
#4288 = DIRECTION('',(-1.,-0.,0.));
#4289 = DIRECTION('',(0.,-1.,-1.040834085587E-14));
#4290 = ORIENTED_EDGE('',*,*,#4291,.F.);
#4291 = EDGE_CURVE('',#4292,#4283,#4294,.T.);
#4292 = VERTEX_POINT('',#4293);
#4293 = CARTESIAN_POINT('',(10.,0.743814380397,-13.10290487515));
#4294 = CIRCLE('',#4295,13.123999999993);
#4295 = AXIS2_PLACEMENT_3D('',#4296,#4297,#4298);
#4296 = CARTESIAN_POINT('',(10.,0.,0.));
#4297 = DIRECTION('',(-1.,-0.,0.));
#4298 = DIRECTION('',(0.,-1.,-1.047444401653E-14));
#4299 = ORIENTED_EDGE('',*,*,#4300,.F.);
#4300 = EDGE_CURVE('',#4301,#4292,#4303,.T.);
#4301 = VERTEX_POINT('',#4302);
#4302 = CARTESIAN_POINT('',(10.,2.189783121448,-16.35404689612));
#4303 = CIRCLE('',#4304,5.999999999997);
#4304 = AXIS2_PLACEMENT_3D('',#4305,#4306,#4307);
#4305 = CARTESIAN_POINT('',(10.,6.702483564592,-12.39986749827));
#4306 = DIRECTION('',(-1.,-0.,0.));
#4307 = DIRECTION('',(0.,-1.,-1.040834085587E-14));
#4308 = ORIENTED_EDGE('',*,*,#4309,.F.);
#4309 = EDGE_CURVE('',#4310,#4301,#4312,.T.);
#4310 = VERTEX_POINT('',#4311);
#4311 = CARTESIAN_POINT('',(10.,2.971070910783,-16.23030306688));
#4312 = CIRCLE('',#4313,16.499999999992);
#4313 = AXIS2_PLACEMENT_3D('',#4314,#4315,#4316);
#4314 = CARTESIAN_POINT('',(10.,0.,0.));
#4315 = DIRECTION('',(-1.,0.,-0.));
#4316 = DIRECTION('',(-0.,0.,1.));
#4317 = ORIENTED_EDGE('',*,*,#4318,.F.);
#4318 = EDGE_CURVE('',#4319,#4310,#4321,.T.);
#4319 = VERTEX_POINT('',#4320);
#4320 = CARTESIAN_POINT('',(10.,3.341610768711,-12.69145434811));
#4321 = CIRCLE('',#4322,5.999999999997);
#4322 = AXIS2_PLACEMENT_3D('',#4323,#4324,#4325);
#4323 = CARTESIAN_POINT('',(10.,-2.542670884501,-13.8641561114));
#4324 = DIRECTION('',(-1.,-0.,0.));
#4325 = DIRECTION('',(0.,-0.951056516295,-0.309016994375));
#4326 = ORIENTED_EDGE('',*,*,#4327,.F.);
#4327 = EDGE_CURVE('',#4328,#4319,#4330,.T.);
#4328 = VERTEX_POINT('',#4329);
#4329 = CARTESIAN_POINT('',(10.,4.756429795491,-12.2317517797));
#4330 = CIRCLE('',#4331,13.123999999993);
#4331 = AXIS2_PLACEMENT_3D('',#4332,#4333,#4334);
#4332 = CARTESIAN_POINT('',(10.,0.,0.));
#4333 = DIRECTION('',(-1.,-0.,0.));
#4334 = DIRECTION('',(0.,-0.951056516295,-0.309016994375));
#4335 = ORIENTED_EDGE('',*,*,#4336,.F.);
#4336 = EDGE_CURVE('',#4337,#4328,#4339,.T.);
#4337 = VERTEX_POINT('',#4338);
#4338 = CARTESIAN_POINT('',(10.,7.136285924634,-14.87694266983));
#4339 = CIRCLE('',#4340,5.999999999997);
#4340 = AXIS2_PLACEMENT_3D('',#4341,#4342,#4343);
#4341 = CARTESIAN_POINT('',(10.,10.20621045443,-9.721793459452));
#4342 = DIRECTION('',(-1.,-0.,0.));
#4343 = DIRECTION('',(0.,-0.951056516295,-0.309016994375));
#4344 = ORIENTED_EDGE('',*,*,#4345,.F.);
#4345 = EDGE_CURVE('',#4346,#4337,#4348,.T.);
#4346 = VERTEX_POINT('',#4347);
#4347 = CARTESIAN_POINT('',(10.,7.841095821597,-14.51782409027));
#4348 = CIRCLE('',#4349,16.499999999992);
#4349 = AXIS2_PLACEMENT_3D('',#4350,#4351,#4352);
#4350 = CARTESIAN_POINT('',(10.,0.,0.));
#4351 = DIRECTION('',(-1.,0.,-0.));
#4352 = DIRECTION('',(-0.,0.,1.));
#4353 = ORIENTED_EDGE('',*,*,#4354,.F.);
#4354 = EDGE_CURVE('',#4355,#4346,#4357,.T.);
#4355 = VERTEX_POINT('',#4356);
#4356 = CARTESIAN_POINT('',(10.,7.099935773406,-11.03767584291));
#4357 = CIRCLE('',#4358,5.999999999997);
#4358 = AXIS2_PLACEMENT_3D('',#4359,#4360,#4361);
#4359 = CARTESIAN_POINT('',(10.,1.866036137593,-13.9713245271));
#4360 = DIRECTION('',(-1.,-0.,0.));
#4361 = DIRECTION('',(0.,-0.809016994375,-0.587785252292));
#4362 = ORIENTED_EDGE('',*,*,#4363,.F.);
#4363 = EDGE_CURVE('',#4364,#4355,#4366,.T.);
#4364 = VERTEX_POINT('',#4365);
#4365 = CARTESIAN_POINT('',(10.,8.303452722208,-10.16326959643));
#4366 = CIRCLE('',#4367,13.123999999993);
#4367 = AXIS2_PLACEMENT_3D('',#4368,#4369,#4370);
#4368 = CARTESIAN_POINT('',(10.,0.,0.));
#4369 = DIRECTION('',(-1.,-0.,0.));
#4370 = DIRECTION('',(0.,-0.809016994375,-0.587785252292));
#4371 = ORIENTED_EDGE('',*,*,#4372,.F.);
#4372 = EDGE_CURVE('',#4373,#4364,#4375,.T.);
#4373 = VERTEX_POINT('',#4374);
#4374 = CARTESIAN_POINT('',(10.,11.38423934009,-11.94357964126));
#4375 = CIRCLE('',#4376,5.999999999997);
#4376 = AXIS2_PLACEMENT_3D('',#4377,#4378,#4379);
#4377 = CARTESIAN_POINT('',(10.,12.71088235414,-6.092082541102));
#4378 = DIRECTION('',(-1.,-0.,0.));
#4379 = DIRECTION('',(0.,-0.809016994375,-0.587785252292));
#4380 = ORIENTED_EDGE('',*,*,#4381,.F.);
#4381 = EDGE_CURVE('',#4382,#4373,#4384,.T.);
#4382 = VERTEX_POINT('',#4383);
#4383 = CARTESIAN_POINT('',(10.,11.943579641267,-11.38423934009));
#4384 = CIRCLE('',#4385,16.499999999992);
#4385 = AXIS2_PLACEMENT_3D('',#4386,#4387,#4388);
#4386 = CARTESIAN_POINT('',(10.,0.,0.));
#4387 = DIRECTION('',(-1.,0.,-0.));
#4388 = DIRECTION('',(-0.,0.,1.));
#4389 = ORIENTED_EDGE('',*,*,#4390,.F.);
#4390 = EDGE_CURVE('',#4391,#4382,#4393,.T.);
#4391 = VERTEX_POINT('',#4392);
#4392 = CARTESIAN_POINT('',(10.,10.163269596438,-8.303452722208));
#4393 = CIRCLE('',#4394,5.999999999997);
#4394 = AXIS2_PLACEMENT_3D('',#4395,#4396,#4397);
#4395 = CARTESIAN_POINT('',(10.,6.092082541102,-12.71088235413));
#4396 = DIRECTION('',(-1.,-0.,0.));
#4397 = DIRECTION('',(0.,-0.587785252292,-0.809016994375));
#4398 = ORIENTED_EDGE('',*,*,#4399,.F.);
#4399 = EDGE_CURVE('',#4400,#4391,#4402,.T.);
#4400 = VERTEX_POINT('',#4401);
#4401 = CARTESIAN_POINT('',(10.,11.037675842918,-7.099935773405));
#4402 = CIRCLE('',#4403,13.123999999993);
#4403 = AXIS2_PLACEMENT_3D('',#4404,#4405,#4406);
#4404 = CARTESIAN_POINT('',(10.,0.,0.));
#4405 = DIRECTION('',(-1.,-0.,0.));
#4406 = DIRECTION('',(0.,-0.587785252292,-0.809016994375));
#4407 = ORIENTED_EDGE('',*,*,#4408,.F.);
#4408 = EDGE_CURVE('',#4409,#4400,#4411,.T.);
#4409 = VERTEX_POINT('',#4410);
#4410 = CARTESIAN_POINT('',(10.,14.517824090278,-7.841095821597));
#4411 = CIRCLE('',#4412,5.999999999997);
#4412 = AXIS2_PLACEMENT_3D('',#4413,#4414,#4415);
#4413 = CARTESIAN_POINT('',(10.,13.971324527101,-1.866036137593));
#4414 = DIRECTION('',(-1.,-0.,0.));
#4415 = DIRECTION('',(0.,-0.587785252292,-0.809016994375));
#4416 = ORIENTED_EDGE('',*,*,#4417,.F.);
#4417 = EDGE_CURVE('',#4418,#4409,#4420,.T.);
#4418 = VERTEX_POINT('',#4419);
#4419 = CARTESIAN_POINT('',(10.,14.876942669836,-7.136285924634));
#4420 = CIRCLE('',#4421,16.499999999992);
#4421 = AXIS2_PLACEMENT_3D('',#4422,#4423,#4424);
#4422 = CARTESIAN_POINT('',(10.,0.,0.));
#4423 = DIRECTION('',(-1.,0.,-0.));
#4424 = DIRECTION('',(-0.,0.,1.));
#4425 = ORIENTED_EDGE('',*,*,#4426,.F.);
#4426 = EDGE_CURVE('',#4427,#4418,#4429,.T.);
#4427 = VERTEX_POINT('',#4428);
#4428 = CARTESIAN_POINT('',(10.,12.231751779708,-4.756429795491));
#4429 = CIRCLE('',#4430,5.999999999997);
#4430 = AXIS2_PLACEMENT_3D('',#4431,#4432,#4433);
#4431 = CARTESIAN_POINT('',(10.,9.721793459453,-10.20621045443));
#4432 = DIRECTION('',(-1.,-0.,0.));
#4433 = DIRECTION('',(0.,-0.309016994375,-0.951056516295));
#4434 = ORIENTED_EDGE('',*,*,#4435,.F.);
#4435 = EDGE_CURVE('',#4436,#4427,#4438,.T.);
#4436 = VERTEX_POINT('',#4437);
#4437 = CARTESIAN_POINT('',(10.,12.691454348114,-3.341610768711));
#4438 = CIRCLE('',#4439,13.123999999993);
#4439 = AXIS2_PLACEMENT_3D('',#4440,#4441,#4442);
#4440 = CARTESIAN_POINT('',(10.,0.,0.));
#4441 = DIRECTION('',(-1.,-0.,0.));
#4442 = DIRECTION('',(0.,-0.309016994375,-0.951056516295));
#4443 = ORIENTED_EDGE('',*,*,#4444,.F.);
#4444 = EDGE_CURVE('',#4445,#4436,#4447,.T.);
#4445 = VERTEX_POINT('',#4446);
#4446 = CARTESIAN_POINT('',(10.,16.230303066882,-2.971070910783));
#4447 = CIRCLE('',#4448,5.999999999997);
#4448 = AXIS2_PLACEMENT_3D('',#4449,#4450,#4451);
#4449 = CARTESIAN_POINT('',(10.,13.864156111408,2.542670884502));
#4450 = DIRECTION('',(-1.,-0.,0.));
#4451 = DIRECTION('',(0.,-0.309016994375,-0.951056516295));
#4452 = ORIENTED_EDGE('',*,*,#4453,.F.);
#4453 = EDGE_CURVE('',#4454,#4445,#4456,.T.);
#4454 = VERTEX_POINT('',#4455);
#4455 = CARTESIAN_POINT('',(10.,16.354046896128,-2.189783121447));
#4456 = CIRCLE('',#4457,16.499999999992);
#4457 = AXIS2_PLACEMENT_3D('',#4458,#4459,#4460);
#4458 = CARTESIAN_POINT('',(10.,0.,0.));
#4459 = DIRECTION('',(-1.,0.,-0.));
#4460 = DIRECTION('',(-0.,0.,1.));
#4461 = ORIENTED_EDGE('',*,*,#4462,.F.);
#4462 = EDGE_CURVE('',#4463,#4454,#4465,.T.);
#4463 = VERTEX_POINT('',#4464);
#4464 = CARTESIAN_POINT('',(10.,13.102904875154,-0.743814380397));
#4465 = CIRCLE('',#4466,5.999999999997);
#4466 = AXIS2_PLACEMENT_3D('',#4467,#4468,#4469);
#4467 = CARTESIAN_POINT('',(10.,12.399867498274,-6.702483564591));
#4468 = DIRECTION('',(-1.,-0.,-0.));
#4469 = DIRECTION('',(0.,0.,-1.));
#4470 = ORIENTED_EDGE('',*,*,#4471,.F.);
#4471 = EDGE_CURVE('',#4472,#4463,#4474,.T.);
#4472 = VERTEX_POINT('',#4473);
#4473 = CARTESIAN_POINT('',(10.,13.102904875154,0.743814380397));
#4474 = CIRCLE('',#4475,13.123999999993);
#4475 = AXIS2_PLACEMENT_3D('',#4476,#4477,#4478);
#4476 = CARTESIAN_POINT('',(10.,0.,0.));
#4477 = DIRECTION('',(-1.,-0.,-0.));
#4478 = DIRECTION('',(0.,0.,-1.));
#4479 = ORIENTED_EDGE('',*,*,#4480,.F.);
#4480 = EDGE_CURVE('',#4481,#4472,#4483,.T.);
#4481 = VERTEX_POINT('',#4482);
#4482 = CARTESIAN_POINT('',(10.,16.354046896128,2.189783121447));
#4483 = CIRCLE('',#4484,5.999999999997);
#4484 = AXIS2_PLACEMENT_3D('',#4485,#4486,#4487);
#4485 = CARTESIAN_POINT('',(10.,12.399867498274,6.702483564591));
#4486 = DIRECTION('',(-1.,-0.,-0.));
#4487 = DIRECTION('',(0.,0.,-1.));
#4488 = ORIENTED_EDGE('',*,*,#4489,.F.);
#4489 = EDGE_CURVE('',#4490,#4481,#4492,.T.);
#4490 = VERTEX_POINT('',#4491);
#4491 = CARTESIAN_POINT('',(10.,16.230303066882,2.971070910783));
#4492 = CIRCLE('',#4493,16.499999999992);
#4493 = AXIS2_PLACEMENT_3D('',#4494,#4495,#4496);
#4494 = CARTESIAN_POINT('',(10.,0.,0.));
#4495 = DIRECTION('',(-1.,0.,-0.));
#4496 = DIRECTION('',(-0.,0.,1.));
#4497 = ORIENTED_EDGE('',*,*,#4498,.F.);
#4498 = EDGE_CURVE('',#3874,#4490,#4499,.T.);
#4499 = CIRCLE('',#4500,5.999999999997);
#4500 = AXIS2_PLACEMENT_3D('',#4501,#4502,#4503);
#4501 = CARTESIAN_POINT('',(10.,13.864156111408,-2.542670884502));
#4502 = DIRECTION('',(-1.,0.,-0.));
#4503 = DIRECTION('',(0.,0.309016994375,-0.951056516295));
#4504 = ORIENTED_EDGE('',*,*,#3871,.F.);
#4505 = ORIENTED_EDGE('',*,*,#4506,.F.);
#4506 = EDGE_CURVE('',#4507,#3872,#4509,.T.);
#4507 = VERTEX_POINT('',#4508);
#4508 = CARTESIAN_POINT('',(10.,12.231751779708,4.756429795491));
#4509 = CIRCLE('',#4510,13.123999999993);
#4510 = AXIS2_PLACEMENT_3D('',#4511,#4512,#4513);
#4511 = CARTESIAN_POINT('',(10.,0.,0.));
#4512 = DIRECTION('',(-1.,0.,-0.));
#4513 = DIRECTION('',(0.,0.309016994375,-0.951056516295));
#4514 = ORIENTED_EDGE('',*,*,#4515,.F.);
#4515 = EDGE_CURVE('',#4516,#4507,#4518,.T.);
#4516 = VERTEX_POINT('',#4517);
#4517 = CARTESIAN_POINT('',(10.,14.876942669836,7.136285924634));
#4518 = CIRCLE('',#4519,5.999999999997);
#4519 = AXIS2_PLACEMENT_3D('',#4520,#4521,#4522);
#4520 = CARTESIAN_POINT('',(10.,9.721793459453,10.20621045443));
#4521 = DIRECTION('',(-1.,0.,-0.));
#4522 = DIRECTION('',(0.,0.309016994375,-0.951056516295));
#4523 = ORIENTED_EDGE('',*,*,#4524,.F.);
#4524 = EDGE_CURVE('',#4525,#4516,#4527,.T.);
#4525 = VERTEX_POINT('',#4526);
#4526 = CARTESIAN_POINT('',(10.,14.517824090278,7.841095821597));
#4527 = CIRCLE('',#4528,16.499999999992);
#4528 = AXIS2_PLACEMENT_3D('',#4529,#4530,#4531);
#4529 = CARTESIAN_POINT('',(10.,0.,0.));
#4530 = DIRECTION('',(-1.,0.,-0.));
#4531 = DIRECTION('',(-0.,0.,1.));
#4532 = ORIENTED_EDGE('',*,*,#4533,.F.);
#4533 = EDGE_CURVE('',#3748,#4525,#4534,.T.);
#4534 = CIRCLE('',#4535,5.999999999997);
#4535 = AXIS2_PLACEMENT_3D('',#4536,#4537,#4538);
#4536 = CARTESIAN_POINT('',(10.,13.971324527101,1.866036137593));
#4537 = DIRECTION('',(-1.,0.,-0.));
#4538 = DIRECTION('',(0.,0.587785252292,-0.809016994375));
#4539 = ORIENTED_EDGE('',*,*,#3745,.F.);
#4540 = ORIENTED_EDGE('',*,*,#4541,.F.);
#4541 = EDGE_CURVE('',#4542,#3746,#4544,.T.);
#4542 = VERTEX_POINT('',#4543);
#4543 = CARTESIAN_POINT('',(10.,10.163269596438,8.303452722208));
#4544 = CIRCLE('',#4545,13.123999999993);
#4545 = AXIS2_PLACEMENT_3D('',#4546,#4547,#4548);
#4546 = CARTESIAN_POINT('',(10.,0.,0.));
#4547 = DIRECTION('',(-1.,0.,-0.));
#4548 = DIRECTION('',(0.,0.587785252292,-0.809016994375));
#4549 = ORIENTED_EDGE('',*,*,#4550,.F.);
#4550 = EDGE_CURVE('',#4551,#4542,#4553,.T.);
#4551 = VERTEX_POINT('',#4552);
#4552 = CARTESIAN_POINT('',(10.,11.943579641267,11.38423934009));
#4553 = CIRCLE('',#4554,5.999999999997);
#4554 = AXIS2_PLACEMENT_3D('',#4555,#4556,#4557);
#4555 = CARTESIAN_POINT('',(10.,6.092082541102,12.71088235414));
#4556 = DIRECTION('',(-1.,0.,-0.));
#4557 = DIRECTION('',(0.,0.587785252292,-0.809016994375));
#4558 = ORIENTED_EDGE('',*,*,#4559,.F.);
#4559 = EDGE_CURVE('',#4560,#4551,#4562,.T.);
#4560 = VERTEX_POINT('',#4561);
#4561 = CARTESIAN_POINT('',(10.,11.38423934009,11.943579641267));
#4562 = CIRCLE('',#4563,16.499999999992);
#4563 = AXIS2_PLACEMENT_3D('',#4564,#4565,#4566);
#4564 = CARTESIAN_POINT('',(10.,0.,0.));
#4565 = DIRECTION('',(-1.,0.,-0.));
#4566 = DIRECTION('',(-0.,0.,1.));
#4567 = ORIENTED_EDGE('',*,*,#4568,.F.);
#4568 = EDGE_CURVE('',#4569,#4560,#4571,.T.);
#4569 = VERTEX_POINT('',#4570);
#4570 = CARTESIAN_POINT('',(10.,8.303452722208,10.163269596438));
#4571 = CIRCLE('',#4572,5.999999999997);
#4572 = AXIS2_PLACEMENT_3D('',#4573,#4574,#4575);
#4573 = CARTESIAN_POINT('',(10.,12.71088235414,6.092082541102));
#4574 = DIRECTION('',(-1.,0.,-0.));
#4575 = DIRECTION('',(0.,0.809016994375,-0.587785252292));
#4576 = ORIENTED_EDGE('',*,*,#4577,.F.);
#4577 = EDGE_CURVE('',#4578,#4569,#4580,.T.);
#4578 = VERTEX_POINT('',#4579);
#4579 = CARTESIAN_POINT('',(10.,7.099935773406,11.037675842918));
#4580 = CIRCLE('',#4581,13.123999999993);
#4581 = AXIS2_PLACEMENT_3D('',#4582,#4583,#4584);
#4582 = CARTESIAN_POINT('',(10.,0.,0.));
#4583 = DIRECTION('',(-1.,0.,-0.));
#4584 = DIRECTION('',(0.,0.809016994375,-0.587785252292));
#4585 = ORIENTED_EDGE('',*,*,#4586,.F.);
#4586 = EDGE_CURVE('',#4587,#4578,#4589,.T.);
#4587 = VERTEX_POINT('',#4588);
#4588 = CARTESIAN_POINT('',(10.,7.841095821597,14.517824090278));
#4589 = CIRCLE('',#4590,5.999999999997);
#4590 = AXIS2_PLACEMENT_3D('',#4591,#4592,#4593);
#4591 = CARTESIAN_POINT('',(10.,1.866036137593,13.971324527101));
#4592 = DIRECTION('',(-1.,0.,-0.));
#4593 = DIRECTION('',(0.,0.809016994375,-0.587785252292));
#4594 = ORIENTED_EDGE('',*,*,#4595,.F.);
#4595 = EDGE_CURVE('',#4596,#4587,#4598,.T.);
#4596 = VERTEX_POINT('',#4597);
#4597 = CARTESIAN_POINT('',(10.,7.136285924634,14.876942669836));
#4598 = CIRCLE('',#4599,16.499999999992);
#4599 = AXIS2_PLACEMENT_3D('',#4600,#4601,#4602);
#4600 = CARTESIAN_POINT('',(10.,0.,0.));
#4601 = DIRECTION('',(-1.,0.,-0.));
#4602 = DIRECTION('',(-0.,0.,1.));
#4603 = ORIENTED_EDGE('',*,*,#4604,.F.);
#4604 = EDGE_CURVE('',#4605,#4596,#4607,.T.);
#4605 = VERTEX_POINT('',#4606);
#4606 = CARTESIAN_POINT('',(10.,4.756429795491,12.231751779708));
#4607 = CIRCLE('',#4608,5.999999999997);
#4608 = AXIS2_PLACEMENT_3D('',#4609,#4610,#4611);
#4609 = CARTESIAN_POINT('',(10.,10.20621045443,9.721793459453));
#4610 = DIRECTION('',(-1.,0.,-0.));
#4611 = DIRECTION('',(0.,0.951056516295,-0.309016994375));
#4612 = ORIENTED_EDGE('',*,*,#4613,.F.);
#4613 = EDGE_CURVE('',#4614,#4605,#4616,.T.);
#4614 = VERTEX_POINT('',#4615);
#4615 = CARTESIAN_POINT('',(10.,3.341610768711,12.691454348114));
#4616 = CIRCLE('',#4617,13.123999999993);
#4617 = AXIS2_PLACEMENT_3D('',#4618,#4619,#4620);
#4618 = CARTESIAN_POINT('',(10.,0.,0.));
#4619 = DIRECTION('',(-1.,0.,-0.));
#4620 = DIRECTION('',(0.,0.951056516295,-0.309016994375));
#4621 = ORIENTED_EDGE('',*,*,#4622,.F.);
#4622 = EDGE_CURVE('',#4623,#4614,#4625,.T.);
#4623 = VERTEX_POINT('',#4624);
#4624 = CARTESIAN_POINT('',(10.,2.971070910783,16.230303066882));
#4625 = CIRCLE('',#4626,5.999999999997);
#4626 = AXIS2_PLACEMENT_3D('',#4627,#4628,#4629);
#4627 = CARTESIAN_POINT('',(10.,-2.542670884502,13.864156111408));
#4628 = DIRECTION('',(-1.,0.,-0.));
#4629 = DIRECTION('',(0.,0.951056516295,-0.309016994375));
#4630 = ORIENTED_EDGE('',*,*,#4631,.F.);
#4631 = EDGE_CURVE('',#3926,#4623,#4632,.T.);
#4632 = CIRCLE('',#4633,16.499999999992);
#4633 = AXIS2_PLACEMENT_3D('',#4634,#4635,#4636);
#4634 = CARTESIAN_POINT('',(10.,0.,0.));
#4635 = DIRECTION('',(-1.,0.,-0.));
#4636 = DIRECTION('',(-0.,0.,1.));
#4637 = PLANE('',#4638);
#4638 = AXIS2_PLACEMENT_3D('',#4639,#4640,#4641);
#4639 = CARTESIAN_POINT('',(10.,0.,0.));
#4640 = DIRECTION('',(-1.,0.,-0.));
#4641 = DIRECTION('',(0.,0.,1.));
#4642 = ADVANCED_FACE('',(#4643),#4669,.T.);
#4643 = FACE_BOUND('',#4644,.T.);
#4644 = EDGE_LOOP('',(#4645,#4653,#4654,#4662));
#4645 = ORIENTED_EDGE('',*,*,#4646,.F.);
#4646 = EDGE_CURVE('',#3926,#4647,#4649,.T.);
#4647 = VERTEX_POINT('',#4648);
#4648 = CARTESIAN_POINT('',(0.,2.189783121447,16.354046896128));
#4649 = LINE('',#4650,#4651);
#4650 = CARTESIAN_POINT('',(5.,2.189783121447,16.354046896128));
#4651 = VECTOR('',#4652,1.);
#4652 = DIRECTION('',(-1.,0.,0.));
#4653 = ORIENTED_EDGE('',*,*,#4631,.T.);
#4654 = ORIENTED_EDGE('',*,*,#4655,.F.);
#4655 = EDGE_CURVE('',#4656,#4623,#4658,.T.);
#4656 = VERTEX_POINT('',#4657);
#4657 = CARTESIAN_POINT('',(0.,2.971070910783,16.230303066882));
#4658 = LINE('',#4659,#4660);
#4659 = CARTESIAN_POINT('',(5.,2.971070910783,16.230303066882));
#4660 = VECTOR('',#4661,1.);
#4661 = DIRECTION('',(1.,-0.,-0.));
#4662 = ORIENTED_EDGE('',*,*,#4663,.F.);
#4663 = EDGE_CURVE('',#4647,#4656,#4664,.T.);
#4664 = CIRCLE('',#4665,16.499999999992);
#4665 = AXIS2_PLACEMENT_3D('',#4666,#4667,#4668);
#4666 = CARTESIAN_POINT('',(0.,0.,0.));
#4667 = DIRECTION('',(-1.,0.,-0.));
#4668 = DIRECTION('',(-0.,0.,1.));
#4669 = CYLINDRICAL_SURFACE('',#4670,16.499999999992);
#4670 = AXIS2_PLACEMENT_3D('',#4671,#4672,#4673);
#4671 = CARTESIAN_POINT('',(-10.,0.,0.));
#4672 = DIRECTION('',(-1.,-0.,-0.));
#4673 = DIRECTION('',(-0.,0.,1.));
#4674 = ADVANCED_FACE('',(#4675),#4701,.T.);
#4675 = FACE_BOUND('',#4676,.T.);
#4676 = EDGE_LOOP('',(#4677,#4685,#4694,#4700));
#4677 = ORIENTED_EDGE('',*,*,#4678,.F.);
#4678 = EDGE_CURVE('',#4679,#3943,#4681,.T.);
#4679 = VERTEX_POINT('',#4680);
#4680 = CARTESIAN_POINT('',(0.,-2.189783121447,16.354046896128));
#4681 = LINE('',#4682,#4683);
#4682 = CARTESIAN_POINT('',(5.,-2.189783121447,16.354046896128));
#4683 = VECTOR('',#4684,1.);
#4684 = DIRECTION('',(1.,-0.,-0.));
#4685 = ORIENTED_EDGE('',*,*,#4686,.F.);
#4686 = EDGE_CURVE('',#4687,#4679,#4689,.T.);
#4687 = VERTEX_POINT('',#4688);
#4688 = CARTESIAN_POINT('',(0.,-2.971070910783,16.230303066882));
#4689 = CIRCLE('',#4690,16.499999999992);
#4690 = AXIS2_PLACEMENT_3D('',#4691,#4692,#4693);
#4691 = CARTESIAN_POINT('',(0.,0.,0.));
#4692 = DIRECTION('',(-1.,0.,-0.));
#4693 = DIRECTION('',(-0.,0.,1.));
#4694 = ORIENTED_EDGE('',*,*,#4695,.F.);
#4695 = EDGE_CURVE('',#3952,#4687,#4696,.T.);
#4696 = LINE('',#4697,#4698);
#4697 = CARTESIAN_POINT('',(5.,-2.971070910783,16.230303066882));
#4698 = VECTOR('',#4699,1.);
#4699 = DIRECTION('',(-1.,0.,0.));
#4700 = ORIENTED_EDGE('',*,*,#3951,.T.);
#4701 = CYLINDRICAL_SURFACE('',#4702,16.499999999992);
#4702 = AXIS2_PLACEMENT_3D('',#4703,#4704,#4705);
#4703 = CARTESIAN_POINT('',(-10.,0.,0.));
#4704 = DIRECTION('',(-1.,-0.,-0.));
#4705 = DIRECTION('',(-0.,0.,1.));
#4706 = ADVANCED_FACE('',(#4707),#4733,.T.);
#4707 = FACE_BOUND('',#4708,.T.);
#4708 = EDGE_LOOP('',(#4709,#4717,#4718,#4726));
#4709 = ORIENTED_EDGE('',*,*,#4710,.F.);
#4710 = EDGE_CURVE('',#4596,#4711,#4713,.T.);
#4711 = VERTEX_POINT('',#4712);
#4712 = CARTESIAN_POINT('',(0.,7.136285924634,14.876942669836));
#4713 = LINE('',#4714,#4715);
#4714 = CARTESIAN_POINT('',(5.,7.136285924634,14.876942669836));
#4715 = VECTOR('',#4716,1.);
#4716 = DIRECTION('',(-1.,0.,0.));
#4717 = ORIENTED_EDGE('',*,*,#4595,.T.);
#4718 = ORIENTED_EDGE('',*,*,#4719,.F.);
#4719 = EDGE_CURVE('',#4720,#4587,#4722,.T.);
#4720 = VERTEX_POINT('',#4721);
#4721 = CARTESIAN_POINT('',(0.,7.841095821597,14.517824090278));
#4722 = LINE('',#4723,#4724);
#4723 = CARTESIAN_POINT('',(5.,7.841095821597,14.517824090278));
#4724 = VECTOR('',#4725,1.);
#4725 = DIRECTION('',(1.,-0.,-0.));
#4726 = ORIENTED_EDGE('',*,*,#4727,.F.);
#4727 = EDGE_CURVE('',#4711,#4720,#4728,.T.);
#4728 = CIRCLE('',#4729,16.499999999992);
#4729 = AXIS2_PLACEMENT_3D('',#4730,#4731,#4732);
#4730 = CARTESIAN_POINT('',(0.,0.,0.));
#4731 = DIRECTION('',(-1.,0.,-0.));
#4732 = DIRECTION('',(-0.,0.,1.));
#4733 = CYLINDRICAL_SURFACE('',#4734,16.499999999992);
#4734 = AXIS2_PLACEMENT_3D('',#4735,#4736,#4737);
#4735 = CARTESIAN_POINT('',(-10.,0.,0.));
#4736 = DIRECTION('',(-1.,-0.,-0.));
#4737 = DIRECTION('',(-0.,0.,1.));
#4738 = ADVANCED_FACE('',(#4739),#4765,.T.);
#4739 = FACE_BOUND('',#4740,.T.);
#4740 = EDGE_LOOP('',(#4741,#4749,#4750,#4758));
#4741 = ORIENTED_EDGE('',*,*,#4742,.F.);
#4742 = EDGE_CURVE('',#4525,#4743,#4745,.T.);
#4743 = VERTEX_POINT('',#4744);
#4744 = CARTESIAN_POINT('',(0.,14.517824090278,7.841095821597));
#4745 = LINE('',#4746,#4747);
#4746 = CARTESIAN_POINT('',(5.,14.517824090278,7.841095821597));
#4747 = VECTOR('',#4748,1.);
#4748 = DIRECTION('',(-1.,0.,0.));
#4749 = ORIENTED_EDGE('',*,*,#4524,.T.);
#4750 = ORIENTED_EDGE('',*,*,#4751,.F.);
#4751 = EDGE_CURVE('',#4752,#4516,#4754,.T.);
#4752 = VERTEX_POINT('',#4753);
#4753 = CARTESIAN_POINT('',(0.,14.876942669836,7.136285924634));
#4754 = LINE('',#4755,#4756);
#4755 = CARTESIAN_POINT('',(5.,14.876942669836,7.136285924634));
#4756 = VECTOR('',#4757,1.);
#4757 = DIRECTION('',(1.,-0.,-0.));
#4758 = ORIENTED_EDGE('',*,*,#4759,.F.);
#4759 = EDGE_CURVE('',#4743,#4752,#4760,.T.);
#4760 = CIRCLE('',#4761,16.499999999992);
#4761 = AXIS2_PLACEMENT_3D('',#4762,#4763,#4764);
#4762 = CARTESIAN_POINT('',(0.,0.,0.));
#4763 = DIRECTION('',(-1.,0.,-0.));
#4764 = DIRECTION('',(-0.,0.,1.));
#4765 = CYLINDRICAL_SURFACE('',#4766,16.499999999992);
#4766 = AXIS2_PLACEMENT_3D('',#4767,#4768,#4769);
#4767 = CARTESIAN_POINT('',(-10.,0.,0.));
#4768 = DIRECTION('',(-1.,-0.,-0.));
#4769 = DIRECTION('',(-0.,0.,1.));
#4770 = ADVANCED_FACE('',(#4771),#4797,.T.);
#4771 = FACE_BOUND('',#4772,.T.);
#4772 = EDGE_LOOP('',(#4773,#4781,#4790,#4796));
#4773 = ORIENTED_EDGE('',*,*,#4774,.F.);
#4774 = EDGE_CURVE('',#4775,#4551,#4777,.T.);
#4775 = VERTEX_POINT('',#4776);
#4776 = CARTESIAN_POINT('',(0.,11.943579641267,11.38423934009));
#4777 = LINE('',#4778,#4779);
#4778 = CARTESIAN_POINT('',(5.,11.943579641267,11.38423934009));
#4779 = VECTOR('',#4780,1.);
#4780 = DIRECTION('',(1.,-0.,-0.));
#4781 = ORIENTED_EDGE('',*,*,#4782,.F.);
#4782 = EDGE_CURVE('',#4783,#4775,#4785,.T.);
#4783 = VERTEX_POINT('',#4784);
#4784 = CARTESIAN_POINT('',(0.,11.38423934009,11.943579641267));
#4785 = CIRCLE('',#4786,16.499999999992);
#4786 = AXIS2_PLACEMENT_3D('',#4787,#4788,#4789);
#4787 = CARTESIAN_POINT('',(0.,0.,0.));
#4788 = DIRECTION('',(-1.,0.,-0.));
#4789 = DIRECTION('',(-0.,0.,1.));
#4790 = ORIENTED_EDGE('',*,*,#4791,.F.);
#4791 = EDGE_CURVE('',#4560,#4783,#4792,.T.);
#4792 = LINE('',#4793,#4794);
#4793 = CARTESIAN_POINT('',(5.,11.38423934009,11.943579641267));
#4794 = VECTOR('',#4795,1.);
#4795 = DIRECTION('',(-1.,0.,0.));
#4796 = ORIENTED_EDGE('',*,*,#4559,.T.);
#4797 = CYLINDRICAL_SURFACE('',#4798,16.499999999992);
#4798 = AXIS2_PLACEMENT_3D('',#4799,#4800,#4801);
#4799 = CARTESIAN_POINT('',(-10.,0.,0.));
#4800 = DIRECTION('',(-1.,-0.,-0.));
#4801 = DIRECTION('',(-0.,0.,1.));
#4802 = ADVANCED_FACE('',(#4803),#4829,.T.);
#4803 = FACE_BOUND('',#4804,.T.);
#4804 = EDGE_LOOP('',(#4805,#4813,#4814,#4822));
#4805 = ORIENTED_EDGE('',*,*,#4806,.F.);
#4806 = EDGE_CURVE('',#4024,#4807,#4809,.T.);
#4807 = VERTEX_POINT('',#4808);
#4808 = CARTESIAN_POINT('',(0.,-11.94357964126,11.38423934009));
#4809 = LINE('',#4810,#4811);
#4810 = CARTESIAN_POINT('',(5.,-11.94357964126,11.38423934009));
#4811 = VECTOR('',#4812,1.);
#4812 = DIRECTION('',(-1.,0.,0.));
#4813 = ORIENTED_EDGE('',*,*,#4023,.T.);
#4814 = ORIENTED_EDGE('',*,*,#4815,.F.);
#4815 = EDGE_CURVE('',#4816,#4015,#4818,.T.);
#4816 = VERTEX_POINT('',#4817);
#4817 = CARTESIAN_POINT('',(0.,-11.38423934009,11.943579641267));
#4818 = LINE('',#4819,#4820);
#4819 = CARTESIAN_POINT('',(5.,-11.38423934009,11.943579641267));
#4820 = VECTOR('',#4821,1.);
#4821 = DIRECTION('',(1.,-0.,-0.));
#4822 = ORIENTED_EDGE('',*,*,#4823,.F.);
#4823 = EDGE_CURVE('',#4807,#4816,#4824,.T.);
#4824 = CIRCLE('',#4825,16.499999999992);
#4825 = AXIS2_PLACEMENT_3D('',#4826,#4827,#4828);
#4826 = CARTESIAN_POINT('',(0.,0.,0.));
#4827 = DIRECTION('',(-1.,0.,-0.));
#4828 = DIRECTION('',(-0.,0.,1.));
#4829 = CYLINDRICAL_SURFACE('',#4830,16.499999999992);
#4830 = AXIS2_PLACEMENT_3D('',#4831,#4832,#4833);
#4831 = CARTESIAN_POINT('',(-10.,0.,0.));
#4832 = DIRECTION('',(-1.,-0.,-0.));
#4833 = DIRECTION('',(-0.,0.,1.));
#4834 = ADVANCED_FACE('',(#4835),#4854,.T.);
#4835 = FACE_BOUND('',#4836,.T.);
#4836 = EDGE_LOOP('',(#4837,#4838,#4847,#4853));
#4837 = ORIENTED_EDGE('',*,*,#3815,.F.);
#4838 = ORIENTED_EDGE('',*,*,#4839,.F.);
#4839 = EDGE_CURVE('',#4840,#3807,#4842,.T.);
#4840 = VERTEX_POINT('',#4841);
#4841 = CARTESIAN_POINT('',(0.,-14.87694266983,7.136285924634));
#4842 = CIRCLE('',#4843,16.499999999992);
#4843 = AXIS2_PLACEMENT_3D('',#4844,#4845,#4846);
#4844 = CARTESIAN_POINT('',(0.,0.,0.));
#4845 = DIRECTION('',(-1.,0.,-0.));
#4846 = DIRECTION('',(-0.,0.,1.));
#4847 = ORIENTED_EDGE('',*,*,#4848,.F.);
#4848 = EDGE_CURVE('',#4059,#4840,#4849,.T.);
#4849 = LINE('',#4850,#4851);
#4850 = CARTESIAN_POINT('',(5.,-14.87694266983,7.136285924634));
#4851 = VECTOR('',#4852,1.);
#4852 = DIRECTION('',(-1.,0.,0.));
#4853 = ORIENTED_EDGE('',*,*,#4058,.T.);
#4854 = CYLINDRICAL_SURFACE('',#4855,16.499999999992);
#4855 = AXIS2_PLACEMENT_3D('',#4856,#4857,#4858);
#4856 = CARTESIAN_POINT('',(-10.,0.,0.));
#4857 = DIRECTION('',(-1.,-0.,-0.));
#4858 = DIRECTION('',(-0.,0.,1.));
#4859 = ADVANCED_FACE('',(#4860),#4879,.T.);
#4860 = FACE_BOUND('',#4861,.T.);
#4861 = EDGE_LOOP('',(#4862,#4863,#4872,#4878));
#4862 = ORIENTED_EDGE('',*,*,#3857,.F.);
#4863 = ORIENTED_EDGE('',*,*,#4864,.F.);
#4864 = EDGE_CURVE('',#4865,#3849,#4867,.T.);
#4865 = VERTEX_POINT('',#4866);
#4866 = CARTESIAN_POINT('',(0.,-16.35404689612,2.189783121447));
#4867 = CIRCLE('',#4868,16.499999999992);
#4868 = AXIS2_PLACEMENT_3D('',#4869,#4870,#4871);
#4869 = CARTESIAN_POINT('',(0.,0.,0.));
#4870 = DIRECTION('',(-1.,0.,-0.));
#4871 = DIRECTION('',(-0.,0.,1.));
#4872 = ORIENTED_EDGE('',*,*,#4873,.F.);
#4873 = EDGE_CURVE('',#4094,#4865,#4874,.T.);
#4874 = LINE('',#4875,#4876);
#4875 = CARTESIAN_POINT('',(5.,-16.35404689612,2.189783121447));
#4876 = VECTOR('',#4877,1.);
#4877 = DIRECTION('',(-1.,-0.,0.));
#4878 = ORIENTED_EDGE('',*,*,#4093,.T.);
#4879 = CYLINDRICAL_SURFACE('',#4880,16.499999999992);
#4880 = AXIS2_PLACEMENT_3D('',#4881,#4882,#4883);
#4881 = CARTESIAN_POINT('',(-10.,0.,0.));
#4882 = DIRECTION('',(-1.,-0.,-0.));
#4883 = DIRECTION('',(-0.,0.,1.));
#4884 = ADVANCED_FACE('',(#4885),#4911,.T.);
#4885 = FACE_BOUND('',#4886,.T.);
#4886 = EDGE_LOOP('',(#4887,#4895,#4904,#4910));
#4887 = ORIENTED_EDGE('',*,*,#4888,.F.);
#4888 = EDGE_CURVE('',#4889,#4121,#4891,.T.);
#4889 = VERTEX_POINT('',#4890);
#4890 = CARTESIAN_POINT('',(0.,-16.35404689612,-2.189783121447));
#4891 = LINE('',#4892,#4893);
#4892 = CARTESIAN_POINT('',(5.,-16.35404689612,-2.189783121447));
#4893 = VECTOR('',#4894,1.);
#4894 = DIRECTION('',(1.,0.,-0.));
#4895 = ORIENTED_EDGE('',*,*,#4896,.F.);
#4896 = EDGE_CURVE('',#4897,#4889,#4899,.T.);
#4897 = VERTEX_POINT('',#4898);
#4898 = CARTESIAN_POINT('',(0.,-16.23030306688,-2.971070910783));
#4899 = CIRCLE('',#4900,16.499999999992);
#4900 = AXIS2_PLACEMENT_3D('',#4901,#4902,#4903);
#4901 = CARTESIAN_POINT('',(0.,0.,0.));
#4902 = DIRECTION('',(-1.,0.,-0.));
#4903 = DIRECTION('',(-0.,0.,1.));
#4904 = ORIENTED_EDGE('',*,*,#4905,.F.);
#4905 = EDGE_CURVE('',#4130,#4897,#4906,.T.);
#4906 = LINE('',#4907,#4908);
#4907 = CARTESIAN_POINT('',(5.,-16.23030306688,-2.971070910783));
#4908 = VECTOR('',#4909,1.);
#4909 = DIRECTION('',(-1.,-0.,0.));
#4910 = ORIENTED_EDGE('',*,*,#4129,.T.);
#4911 = CYLINDRICAL_SURFACE('',#4912,16.499999999992);
#4912 = AXIS2_PLACEMENT_3D('',#4913,#4914,#4915);
#4913 = CARTESIAN_POINT('',(-10.,0.,0.));
#4914 = DIRECTION('',(-1.,-0.,-0.));
#4915 = DIRECTION('',(-0.,0.,1.));
#4916 = ADVANCED_FACE('',(#4917),#4943,.T.);
#4917 = FACE_BOUND('',#4918,.T.);
#4918 = EDGE_LOOP('',(#4919,#4927,#4936,#4942));
#4919 = ORIENTED_EDGE('',*,*,#4920,.F.);
#4920 = EDGE_CURVE('',#4921,#3979,#4923,.T.);
#4921 = VERTEX_POINT('',#4922);
#4922 = CARTESIAN_POINT('',(0.,-7.136285924634,14.876942669836));
#4923 = LINE('',#4924,#4925);
#4924 = CARTESIAN_POINT('',(5.,-7.136285924634,14.876942669836));
#4925 = VECTOR('',#4926,1.);
#4926 = DIRECTION('',(1.,-0.,-0.));
#4927 = ORIENTED_EDGE('',*,*,#4928,.F.);
#4928 = EDGE_CURVE('',#4929,#4921,#4931,.T.);
#4929 = VERTEX_POINT('',#4930);
#4930 = CARTESIAN_POINT('',(0.,-7.841095821597,14.517824090278));
#4931 = CIRCLE('',#4932,16.499999999992);
#4932 = AXIS2_PLACEMENT_3D('',#4933,#4934,#4935);
#4933 = CARTESIAN_POINT('',(0.,0.,0.));
#4934 = DIRECTION('',(-1.,0.,-0.));
#4935 = DIRECTION('',(-0.,0.,1.));
#4936 = ORIENTED_EDGE('',*,*,#4937,.F.);
#4937 = EDGE_CURVE('',#3988,#4929,#4938,.T.);
#4938 = LINE('',#4939,#4940);
#4939 = CARTESIAN_POINT('',(5.,-7.841095821597,14.517824090278));
#4940 = VECTOR('',#4941,1.);
#4941 = DIRECTION('',(-1.,0.,0.));
#4942 = ORIENTED_EDGE('',*,*,#3987,.T.);
#4943 = CYLINDRICAL_SURFACE('',#4944,16.499999999992);
#4944 = AXIS2_PLACEMENT_3D('',#4945,#4946,#4947);
#4945 = CARTESIAN_POINT('',(-10.,0.,0.));
#4946 = DIRECTION('',(-1.,-0.,-0.));
#4947 = DIRECTION('',(-0.,0.,1.));
#4948 = ADVANCED_FACE('',(#4949),#4975,.T.);
#4949 = FACE_BOUND('',#4950,.T.);
#4950 = EDGE_LOOP('',(#4951,#4959,#4960,#4968));
#4951 = ORIENTED_EDGE('',*,*,#4952,.F.);
#4952 = EDGE_CURVE('',#4202,#4953,#4955,.T.);
#4953 = VERTEX_POINT('',#4954);
#4954 = CARTESIAN_POINT('',(0.,-11.38423934009,-11.94357964126));
#4955 = LINE('',#4956,#4957);
#4956 = CARTESIAN_POINT('',(5.,-11.38423934009,-11.94357964126));
#4957 = VECTOR('',#4958,1.);
#4958 = DIRECTION('',(-1.,-0.,0.));
#4959 = ORIENTED_EDGE('',*,*,#4201,.T.);
#4960 = ORIENTED_EDGE('',*,*,#4961,.F.);
#4961 = EDGE_CURVE('',#4962,#4193,#4964,.T.);
#4962 = VERTEX_POINT('',#4963);
#4963 = CARTESIAN_POINT('',(0.,-11.94357964126,-11.38423934009));
#4964 = LINE('',#4965,#4966);
#4965 = CARTESIAN_POINT('',(5.,-11.94357964126,-11.38423934009));
#4966 = VECTOR('',#4967,1.);
#4967 = DIRECTION('',(1.,0.,-0.));
#4968 = ORIENTED_EDGE('',*,*,#4969,.F.);
#4969 = EDGE_CURVE('',#4953,#4962,#4970,.T.);
#4970 = CIRCLE('',#4971,16.499999999992);
#4971 = AXIS2_PLACEMENT_3D('',#4972,#4973,#4974);
#4972 = CARTESIAN_POINT('',(0.,0.,0.));
#4973 = DIRECTION('',(-1.,0.,-0.));
#4974 = DIRECTION('',(-0.,0.,1.));
#4975 = CYLINDRICAL_SURFACE('',#4976,16.499999999992);
#4976 = AXIS2_PLACEMENT_3D('',#4977,#4978,#4979);
#4977 = CARTESIAN_POINT('',(-10.,0.,0.));
#4978 = DIRECTION('',(-1.,-0.,-0.));
#4979 = DIRECTION('',(-0.,0.,1.));
#4980 = ADVANCED_FACE('',(#4981),#5007,.T.);
#4981 = FACE_BOUND('',#4982,.T.);
#4982 = EDGE_LOOP('',(#4983,#4991,#5000,#5006));
#4983 = ORIENTED_EDGE('',*,*,#4984,.F.);
#4984 = EDGE_CURVE('',#4985,#4229,#4987,.T.);
#4985 = VERTEX_POINT('',#4986);
#4986 = CARTESIAN_POINT('',(0.,-7.841095821597,-14.51782409027));
#4987 = LINE('',#4988,#4989);
#4988 = CARTESIAN_POINT('',(5.,-7.841095821597,-14.51782409027));
#4989 = VECTOR('',#4990,1.);
#4990 = DIRECTION('',(1.,0.,-0.));
#4991 = ORIENTED_EDGE('',*,*,#4992,.F.);
#4992 = EDGE_CURVE('',#4993,#4985,#4995,.T.);
#4993 = VERTEX_POINT('',#4994);
#4994 = CARTESIAN_POINT('',(0.,-7.136285924634,-14.87694266983));
#4995 = CIRCLE('',#4996,16.499999999992);
#4996 = AXIS2_PLACEMENT_3D('',#4997,#4998,#4999);
#4997 = CARTESIAN_POINT('',(0.,0.,0.));
#4998 = DIRECTION('',(-1.,0.,-0.));
#4999 = DIRECTION('',(-0.,0.,1.));
#5000 = ORIENTED_EDGE('',*,*,#5001,.F.);
#5001 = EDGE_CURVE('',#4238,#4993,#5002,.T.);
#5002 = LINE('',#5003,#5004);
#5003 = CARTESIAN_POINT('',(5.,-7.136285924634,-14.87694266983));
#5004 = VECTOR('',#5005,1.);
#5005 = DIRECTION('',(-1.,-0.,0.));
#5006 = ORIENTED_EDGE('',*,*,#4237,.T.);
#5007 = CYLINDRICAL_SURFACE('',#5008,16.499999999992);
#5008 = AXIS2_PLACEMENT_3D('',#5009,#5010,#5011);
#5009 = CARTESIAN_POINT('',(-10.,0.,0.));
#5010 = DIRECTION('',(-1.,-0.,-0.));
#5011 = DIRECTION('',(-0.,0.,1.));
#5012 = ADVANCED_FACE('',(#5013),#5039,.T.);
#5013 = FACE_BOUND('',#5014,.T.);
#5014 = EDGE_LOOP('',(#5015,#5023,#5032,#5038));
#5015 = ORIENTED_EDGE('',*,*,#5016,.F.);
#5016 = EDGE_CURVE('',#5017,#4265,#5019,.T.);
#5017 = VERTEX_POINT('',#5018);
#5018 = CARTESIAN_POINT('',(0.,-2.971070910783,-16.23030306688));
#5019 = LINE('',#5020,#5021);
#5020 = CARTESIAN_POINT('',(5.,-2.971070910783,-16.23030306688));
#5021 = VECTOR('',#5022,1.);
#5022 = DIRECTION('',(1.,0.,-0.));
#5023 = ORIENTED_EDGE('',*,*,#5024,.F.);
#5024 = EDGE_CURVE('',#5025,#5017,#5027,.T.);
#5025 = VERTEX_POINT('',#5026);
#5026 = CARTESIAN_POINT('',(0.,-2.189783121447,-16.35404689612));
#5027 = CIRCLE('',#5028,16.499999999992);
#5028 = AXIS2_PLACEMENT_3D('',#5029,#5030,#5031);
#5029 = CARTESIAN_POINT('',(0.,0.,0.));
#5030 = DIRECTION('',(-1.,0.,-0.));
#5031 = DIRECTION('',(-0.,0.,1.));
#5032 = ORIENTED_EDGE('',*,*,#5033,.F.);
#5033 = EDGE_CURVE('',#4274,#5025,#5034,.T.);
#5034 = LINE('',#5035,#5036);
#5035 = CARTESIAN_POINT('',(5.,-2.189783121447,-16.35404689612));
#5036 = VECTOR('',#5037,1.);
#5037 = DIRECTION('',(-1.,0.,-0.));
#5038 = ORIENTED_EDGE('',*,*,#4273,.T.);
#5039 = CYLINDRICAL_SURFACE('',#5040,16.499999999992);
#5040 = AXIS2_PLACEMENT_3D('',#5041,#5042,#5043);
#5041 = CARTESIAN_POINT('',(-10.,0.,0.));
#5042 = DIRECTION('',(-1.,-0.,-0.));
#5043 = DIRECTION('',(-0.,0.,1.));
#5044 = ADVANCED_FACE('',(#5045),#5071,.T.);
#5045 = FACE_BOUND('',#5046,.T.);
#5046 = EDGE_LOOP('',(#5047,#5055,#5064,#5070));
#5047 = ORIENTED_EDGE('',*,*,#5048,.F.);
#5048 = EDGE_CURVE('',#5049,#4157,#5051,.T.);
#5049 = VERTEX_POINT('',#5050);
#5050 = CARTESIAN_POINT('',(0.,-14.87694266983,-7.136285924634));
#5051 = LINE('',#5052,#5053);
#5052 = CARTESIAN_POINT('',(5.,-14.87694266983,-7.136285924634));
#5053 = VECTOR('',#5054,1.);
#5054 = DIRECTION('',(1.,0.,-0.));
#5055 = ORIENTED_EDGE('',*,*,#5056,.F.);
#5056 = EDGE_CURVE('',#5057,#5049,#5059,.T.);
#5057 = VERTEX_POINT('',#5058);
#5058 = CARTESIAN_POINT('',(0.,-14.51782409027,-7.841095821597));
#5059 = CIRCLE('',#5060,16.499999999992);
#5060 = AXIS2_PLACEMENT_3D('',#5061,#5062,#5063);
#5061 = CARTESIAN_POINT('',(0.,0.,0.));
#5062 = DIRECTION('',(-1.,0.,-0.));
#5063 = DIRECTION('',(-0.,0.,1.));
#5064 = ORIENTED_EDGE('',*,*,#5065,.F.);
#5065 = EDGE_CURVE('',#4166,#5057,#5066,.T.);
#5066 = LINE('',#5067,#5068);
#5067 = CARTESIAN_POINT('',(5.,-14.51782409027,-7.841095821597));
#5068 = VECTOR('',#5069,1.);
#5069 = DIRECTION('',(-1.,-0.,0.));
#5070 = ORIENTED_EDGE('',*,*,#4165,.T.);
#5071 = CYLINDRICAL_SURFACE('',#5072,16.499999999992);
#5072 = AXIS2_PLACEMENT_3D('',#5073,#5074,#5075);
#5073 = CARTESIAN_POINT('',(-10.,0.,0.));
#5074 = DIRECTION('',(-1.,-0.,-0.));
#5075 = DIRECTION('',(-0.,0.,1.));
#5076 = ADVANCED_FACE('',(#5077),#5103,.T.);
#5077 = FACE_BOUND('',#5078,.T.);
#5078 = EDGE_LOOP('',(#5079,#5087,#5088,#5096));
#5079 = ORIENTED_EDGE('',*,*,#5080,.F.);
#5080 = EDGE_CURVE('',#4346,#5081,#5083,.T.);
#5081 = VERTEX_POINT('',#5082);
#5082 = CARTESIAN_POINT('',(0.,7.841095821597,-14.51782409027));
#5083 = LINE('',#5084,#5085);
#5084 = CARTESIAN_POINT('',(5.,7.841095821597,-14.51782409027));
#5085 = VECTOR('',#5086,1.);
#5086 = DIRECTION('',(-1.,0.,-0.));
#5087 = ORIENTED_EDGE('',*,*,#4345,.T.);
#5088 = ORIENTED_EDGE('',*,*,#5089,.F.);
#5089 = EDGE_CURVE('',#5090,#4337,#5092,.T.);
#5090 = VERTEX_POINT('',#5091);
#5091 = CARTESIAN_POINT('',(0.,7.136285924634,-14.87694266983));
#5092 = LINE('',#5093,#5094);
#5093 = CARTESIAN_POINT('',(5.,7.136285924634,-14.87694266983));
#5094 = VECTOR('',#5095,1.);
#5095 = DIRECTION('',(1.,-0.,0.));
#5096 = ORIENTED_EDGE('',*,*,#5097,.F.);
#5097 = EDGE_CURVE('',#5081,#5090,#5098,.T.);
#5098 = CIRCLE('',#5099,16.499999999992);
#5099 = AXIS2_PLACEMENT_3D('',#5100,#5101,#5102);
#5100 = CARTESIAN_POINT('',(0.,0.,0.));
#5101 = DIRECTION('',(-1.,0.,-0.));
#5102 = DIRECTION('',(-0.,0.,1.));
#5103 = CYLINDRICAL_SURFACE('',#5104,16.499999999992);
#5104 = AXIS2_PLACEMENT_3D('',#5105,#5106,#5107);
#5105 = CARTESIAN_POINT('',(-10.,0.,0.));
#5106 = DIRECTION('',(-1.,-0.,-0.));
#5107 = DIRECTION('',(-0.,0.,1.));
#5108 = ADVANCED_FACE('',(#5109),#5135,.T.);
#5109 = FACE_BOUND('',#5110,.T.);
#5110 = EDGE_LOOP('',(#5111,#5119,#5128,#5134));
#5111 = ORIENTED_EDGE('',*,*,#5112,.F.);
#5112 = EDGE_CURVE('',#5113,#4373,#5115,.T.);
#5113 = VERTEX_POINT('',#5114);
#5114 = CARTESIAN_POINT('',(0.,11.38423934009,-11.94357964126));
#5115 = LINE('',#5116,#5117);
#5116 = CARTESIAN_POINT('',(5.,11.38423934009,-11.94357964126));
#5117 = VECTOR('',#5118,1.);
#5118 = DIRECTION('',(1.,-0.,0.));
#5119 = ORIENTED_EDGE('',*,*,#5120,.F.);
#5120 = EDGE_CURVE('',#5121,#5113,#5123,.T.);
#5121 = VERTEX_POINT('',#5122);
#5122 = CARTESIAN_POINT('',(0.,11.943579641267,-11.38423934009));
#5123 = CIRCLE('',#5124,16.499999999992);
#5124 = AXIS2_PLACEMENT_3D('',#5125,#5126,#5127);
#5125 = CARTESIAN_POINT('',(0.,0.,0.));
#5126 = DIRECTION('',(-1.,0.,-0.));
#5127 = DIRECTION('',(-0.,0.,1.));
#5128 = ORIENTED_EDGE('',*,*,#5129,.F.);
#5129 = EDGE_CURVE('',#4382,#5121,#5130,.T.);
#5130 = LINE('',#5131,#5132);
#5131 = CARTESIAN_POINT('',(5.,11.943579641267,-11.38423934009));
#5132 = VECTOR('',#5133,1.);
#5133 = DIRECTION('',(-1.,0.,-0.));
#5134 = ORIENTED_EDGE('',*,*,#4381,.T.);
#5135 = CYLINDRICAL_SURFACE('',#5136,16.499999999992);
#5136 = AXIS2_PLACEMENT_3D('',#5137,#5138,#5139);
#5137 = CARTESIAN_POINT('',(-10.,0.,0.));
#5138 = DIRECTION('',(-1.,-0.,-0.));
#5139 = DIRECTION('',(-0.,0.,1.));
#5140 = ADVANCED_FACE('',(#5141),#5167,.T.);
#5141 = FACE_BOUND('',#5142,.T.);
#5142 = EDGE_LOOP('',(#5143,#5151,#5152,#5160));
#5143 = ORIENTED_EDGE('',*,*,#5144,.F.);
#5144 = EDGE_CURVE('',#4418,#5145,#5147,.T.);
#5145 = VERTEX_POINT('',#5146);
#5146 = CARTESIAN_POINT('',(0.,14.876942669836,-7.136285924634));
#5147 = LINE('',#5148,#5149);
#5148 = CARTESIAN_POINT('',(5.,14.876942669836,-7.136285924634));
#5149 = VECTOR('',#5150,1.);
#5150 = DIRECTION('',(-1.,0.,-0.));
#5151 = ORIENTED_EDGE('',*,*,#4417,.T.);
#5152 = ORIENTED_EDGE('',*,*,#5153,.F.);
#5153 = EDGE_CURVE('',#5154,#4409,#5156,.T.);
#5154 = VERTEX_POINT('',#5155);
#5155 = CARTESIAN_POINT('',(0.,14.517824090278,-7.841095821597));
#5156 = LINE('',#5157,#5158);
#5157 = CARTESIAN_POINT('',(5.,14.517824090278,-7.841095821597));
#5158 = VECTOR('',#5159,1.);
#5159 = DIRECTION('',(1.,-0.,0.));
#5160 = ORIENTED_EDGE('',*,*,#5161,.F.);
#5161 = EDGE_CURVE('',#5145,#5154,#5162,.T.);
#5162 = CIRCLE('',#5163,16.499999999992);
#5163 = AXIS2_PLACEMENT_3D('',#5164,#5165,#5166);
#5164 = CARTESIAN_POINT('',(0.,0.,0.));
#5165 = DIRECTION('',(-1.,0.,-0.));
#5166 = DIRECTION('',(-0.,0.,1.));
#5167 = CYLINDRICAL_SURFACE('',#5168,16.499999999992);
#5168 = AXIS2_PLACEMENT_3D('',#5169,#5170,#5171);
#5169 = CARTESIAN_POINT('',(-10.,0.,0.));
#5170 = DIRECTION('',(-1.,-0.,-0.));
#5171 = DIRECTION('',(-0.,0.,1.));
#5172 = ADVANCED_FACE('',(#5173),#5199,.T.);
#5173 = FACE_BOUND('',#5174,.T.);
#5174 = EDGE_LOOP('',(#5175,#5183,#5192,#5198));
#5175 = ORIENTED_EDGE('',*,*,#5176,.F.);
#5176 = EDGE_CURVE('',#5177,#4445,#5179,.T.);
#5177 = VERTEX_POINT('',#5178);
#5178 = CARTESIAN_POINT('',(0.,16.230303066882,-2.971070910783));
#5179 = LINE('',#5180,#5181);
#5180 = CARTESIAN_POINT('',(5.,16.230303066882,-2.971070910783));
#5181 = VECTOR('',#5182,1.);
#5182 = DIRECTION('',(1.,-0.,0.));
#5183 = ORIENTED_EDGE('',*,*,#5184,.F.);
#5184 = EDGE_CURVE('',#5185,#5177,#5187,.T.);
#5185 = VERTEX_POINT('',#5186);
#5186 = CARTESIAN_POINT('',(0.,16.354046896128,-2.189783121447));
#5187 = CIRCLE('',#5188,16.499999999992);
#5188 = AXIS2_PLACEMENT_3D('',#5189,#5190,#5191);
#5189 = CARTESIAN_POINT('',(0.,0.,0.));
#5190 = DIRECTION('',(-1.,0.,-0.));
#5191 = DIRECTION('',(-0.,0.,1.));
#5192 = ORIENTED_EDGE('',*,*,#5193,.F.);
#5193 = EDGE_CURVE('',#4454,#5185,#5194,.T.);
#5194 = LINE('',#5195,#5196);
#5195 = CARTESIAN_POINT('',(5.,16.354046896128,-2.189783121447));
#5196 = VECTOR('',#5197,1.);
#5197 = DIRECTION('',(-1.,0.,0.));
#5198 = ORIENTED_EDGE('',*,*,#4453,.T.);
#5199 = CYLINDRICAL_SURFACE('',#5200,16.499999999992);
#5200 = AXIS2_PLACEMENT_3D('',#5201,#5202,#5203);
#5201 = CARTESIAN_POINT('',(-10.,0.,0.));
#5202 = DIRECTION('',(-1.,-0.,-0.));
#5203 = DIRECTION('',(-0.,0.,1.));
#5204 = ADVANCED_FACE('',(#5205),#5231,.T.);
#5205 = FACE_BOUND('',#5206,.T.);
#5206 = EDGE_LOOP('',(#5207,#5215,#5216,#5224));
#5207 = ORIENTED_EDGE('',*,*,#5208,.F.);
#5208 = EDGE_CURVE('',#4310,#5209,#5211,.T.);
#5209 = VERTEX_POINT('',#5210);
#5210 = CARTESIAN_POINT('',(0.,2.971070910783,-16.23030306688));
#5211 = LINE('',#5212,#5213);
#5212 = CARTESIAN_POINT('',(5.,2.971070910783,-16.23030306688));
#5213 = VECTOR('',#5214,1.);
#5214 = DIRECTION('',(-1.,0.,-0.));
#5215 = ORIENTED_EDGE('',*,*,#4309,.T.);
#5216 = ORIENTED_EDGE('',*,*,#5217,.F.);
#5217 = EDGE_CURVE('',#5218,#4301,#5220,.T.);
#5218 = VERTEX_POINT('',#5219);
#5219 = CARTESIAN_POINT('',(0.,2.189783121448,-16.35404689612));
#5220 = LINE('',#5221,#5222);
#5221 = CARTESIAN_POINT('',(5.,2.189783121448,-16.35404689612));
#5222 = VECTOR('',#5223,1.);
#5223 = DIRECTION('',(1.,-0.,0.));
#5224 = ORIENTED_EDGE('',*,*,#5225,.F.);
#5225 = EDGE_CURVE('',#5209,#5218,#5226,.T.);
#5226 = CIRCLE('',#5227,16.499999999992);
#5227 = AXIS2_PLACEMENT_3D('',#5228,#5229,#5230);
#5228 = CARTESIAN_POINT('',(0.,0.,0.));
#5229 = DIRECTION('',(-1.,0.,-0.));
#5230 = DIRECTION('',(-0.,0.,1.));
#5231 = CYLINDRICAL_SURFACE('',#5232,16.499999999992);
#5232 = AXIS2_PLACEMENT_3D('',#5233,#5234,#5235);
#5233 = CARTESIAN_POINT('',(-10.,0.,0.));
#5234 = DIRECTION('',(-1.,-0.,-0.));
#5235 = DIRECTION('',(-0.,0.,1.));
#5236 = ADVANCED_FACE('',(#5237,#5247),#5778,.F.);
#5237 = FACE_BOUND('',#5238,.T.);
#5238 = EDGE_LOOP('',(#5239,#5246));
#5239 = ORIENTED_EDGE('',*,*,#5240,.F.);
#5240 = EDGE_CURVE('',#3664,#3672,#5241,.T.);
#5241 = CIRCLE('',#5242,5.);
#5242 = AXIS2_PLACEMENT_3D('',#5243,#5244,#5245);
#5243 = CARTESIAN_POINT('',(0.,0.,0.));
#5244 = DIRECTION('',(-1.,-0.,-0.));
#5245 = DIRECTION('',(0.,0.,-1.));
#5246 = ORIENTED_EDGE('',*,*,#3671,.F.);
#5247 = FACE_BOUND('',#5248,.T.);
#5248 = EDGE_LOOP('',(#5249,#5258,#5259,#5268,#5277,#5284,#5285,#5294,
    #5303,#5310,#5311,#5320,#5327,#5328,#5335,#5336,#5345,#5352,#5353,
    #5362,#5371,#5380,#5389,#5396,#5397,#5406,#5415,#5422,#5423,#5432,
    #5441,#5448,#5449,#5458,#5467,#5474,#5475,#5484,#5493,#5500,#5501,
    #5510,#5519,#5526,#5527,#5536,#5545,#5552,#5553,#5562,#5571,#5578,
    #5579,#5588,#5597,#5604,#5605,#5614,#5623,#5630,#5631,#5640,#5649,
    #5656,#5657,#5658,#5667,#5676,#5683,#5684,#5685,#5694,#5703,#5710,
    #5711,#5720,#5729,#5736,#5737,#5746,#5755,#5762,#5763,#5770,#5771));
#5249 = ORIENTED_EDGE('',*,*,#5250,.T.);
#5250 = EDGE_CURVE('',#5251,#4647,#5253,.T.);
#5251 = VERTEX_POINT('',#5252);
#5252 = CARTESIAN_POINT('',(0.,0.743814380396,13.102904875154));
#5253 = CIRCLE('',#5254,5.999999999997);
#5254 = AXIS2_PLACEMENT_3D('',#5255,#5256,#5257);
#5255 = CARTESIAN_POINT('',(0.,6.702483564591,12.399867498274));
#5256 = DIRECTION('',(-1.,0.,0.));
#5257 = DIRECTION('',(0.,1.,3.469446951955E-15));
#5258 = ORIENTED_EDGE('',*,*,#4663,.T.);
#5259 = ORIENTED_EDGE('',*,*,#5260,.F.);
#5260 = EDGE_CURVE('',#5261,#4656,#5263,.T.);
#5261 = VERTEX_POINT('',#5262);
#5262 = CARTESIAN_POINT('',(0.,3.341610768711,12.691454348114));
#5263 = CIRCLE('',#5264,5.999999999997);
#5264 = AXIS2_PLACEMENT_3D('',#5265,#5266,#5267);
#5265 = CARTESIAN_POINT('',(0.,-2.542670884502,13.864156111408));
#5266 = DIRECTION('',(1.,0.,0.));
#5267 = DIRECTION('',(0.,0.,-1.));
#5268 = ORIENTED_EDGE('',*,*,#5269,.T.);
#5269 = EDGE_CURVE('',#5261,#5270,#5272,.T.);
#5270 = VERTEX_POINT('',#5271);
#5271 = CARTESIAN_POINT('',(0.,4.756429795491,12.231751779708));
#5272 = CIRCLE('',#5273,13.123999999993);
#5273 = AXIS2_PLACEMENT_3D('',#5274,#5275,#5276);
#5274 = CARTESIAN_POINT('',(0.,0.,0.));
#5275 = DIRECTION('',(-1.,0.,-0.));
#5276 = DIRECTION('',(0.,0.951056516295,-0.309016994375));
#5277 = ORIENTED_EDGE('',*,*,#5278,.T.);
#5278 = EDGE_CURVE('',#5270,#4711,#5279,.T.);
#5279 = CIRCLE('',#5280,5.999999999997);
#5280 = AXIS2_PLACEMENT_3D('',#5281,#5282,#5283);
#5281 = CARTESIAN_POINT('',(0.,10.20621045443,9.721793459453));
#5282 = DIRECTION('',(-1.,0.,-0.));
#5283 = DIRECTION('',(0.,0.951056516295,-0.309016994375));
#5284 = ORIENTED_EDGE('',*,*,#4727,.T.);
#5285 = ORIENTED_EDGE('',*,*,#5286,.F.);
#5286 = EDGE_CURVE('',#5287,#4720,#5289,.T.);
#5287 = VERTEX_POINT('',#5288);
#5288 = CARTESIAN_POINT('',(0.,7.099935773406,11.037675842918));
#5289 = CIRCLE('',#5290,5.999999999997);
#5290 = AXIS2_PLACEMENT_3D('',#5291,#5292,#5293);
#5291 = CARTESIAN_POINT('',(0.,1.866036137593,13.971324527101));
#5292 = DIRECTION('',(1.,0.,0.));
#5293 = DIRECTION('',(0.,0.,-1.));
#5294 = ORIENTED_EDGE('',*,*,#5295,.T.);
#5295 = EDGE_CURVE('',#5287,#5296,#5298,.T.);
#5296 = VERTEX_POINT('',#5297);
#5297 = CARTESIAN_POINT('',(0.,8.303452722208,10.163269596438));
#5298 = CIRCLE('',#5299,13.123999999993);
#5299 = AXIS2_PLACEMENT_3D('',#5300,#5301,#5302);
#5300 = CARTESIAN_POINT('',(0.,0.,0.));
#5301 = DIRECTION('',(-1.,0.,-0.));
#5302 = DIRECTION('',(0.,0.809016994375,-0.587785252292));
#5303 = ORIENTED_EDGE('',*,*,#5304,.T.);
#5304 = EDGE_CURVE('',#5296,#4783,#5305,.T.);
#5305 = CIRCLE('',#5306,5.999999999997);
#5306 = AXIS2_PLACEMENT_3D('',#5307,#5308,#5309);
#5307 = CARTESIAN_POINT('',(0.,12.71088235414,6.092082541102));
#5308 = DIRECTION('',(-1.,0.,-0.));
#5309 = DIRECTION('',(0.,0.809016994375,-0.587785252292));
#5310 = ORIENTED_EDGE('',*,*,#4782,.T.);
#5311 = ORIENTED_EDGE('',*,*,#5312,.F.);
#5312 = EDGE_CURVE('',#5313,#4775,#5315,.T.);
#5313 = VERTEX_POINT('',#5314);
#5314 = CARTESIAN_POINT('',(0.,10.163269596438,8.303452722208));
#5315 = CIRCLE('',#5316,5.999999999997);
#5316 = AXIS2_PLACEMENT_3D('',#5317,#5318,#5319);
#5317 = CARTESIAN_POINT('',(0.,6.092082541102,12.71088235414));
#5318 = DIRECTION('',(1.,0.,0.));
#5319 = DIRECTION('',(0.,0.,-1.));
#5320 = ORIENTED_EDGE('',*,*,#5321,.T.);
#5321 = EDGE_CURVE('',#5313,#3765,#5322,.T.);
#5322 = CIRCLE('',#5323,13.123999999993);
#5323 = AXIS2_PLACEMENT_3D('',#5324,#5325,#5326);
#5324 = CARTESIAN_POINT('',(0.,0.,0.));
#5325 = DIRECTION('',(-1.,0.,-0.));
#5326 = DIRECTION('',(0.,0.587785252292,-0.809016994375));
#5327 = ORIENTED_EDGE('',*,*,#3764,.T.);
#5328 = ORIENTED_EDGE('',*,*,#5329,.T.);
#5329 = EDGE_CURVE('',#3757,#4743,#5330,.T.);
#5330 = CIRCLE('',#5331,5.999999999997);
#5331 = AXIS2_PLACEMENT_3D('',#5332,#5333,#5334);
#5332 = CARTESIAN_POINT('',(0.,13.971324527101,1.866036137593));
#5333 = DIRECTION('',(-1.,0.,-0.));
#5334 = DIRECTION('',(0.,0.587785252292,-0.809016994375));
#5335 = ORIENTED_EDGE('',*,*,#4759,.T.);
#5336 = ORIENTED_EDGE('',*,*,#5337,.F.);
#5337 = EDGE_CURVE('',#5338,#4752,#5340,.T.);
#5338 = VERTEX_POINT('',#5339);
#5339 = CARTESIAN_POINT('',(0.,12.231751779708,4.756429795491));
#5340 = CIRCLE('',#5341,5.999999999997);
#5341 = AXIS2_PLACEMENT_3D('',#5342,#5343,#5344);
#5342 = CARTESIAN_POINT('',(0.,9.721793459453,10.20621045443));
#5343 = DIRECTION('',(1.,0.,0.));
#5344 = DIRECTION('',(0.,0.,-1.));
#5345 = ORIENTED_EDGE('',*,*,#5346,.T.);
#5346 = EDGE_CURVE('',#5338,#3891,#5347,.T.);
#5347 = CIRCLE('',#5348,13.123999999993);
#5348 = AXIS2_PLACEMENT_3D('',#5349,#5350,#5351);
#5349 = CARTESIAN_POINT('',(0.,0.,0.));
#5350 = DIRECTION('',(-1.,0.,-0.));
#5351 = DIRECTION('',(0.,0.309016994375,-0.951056516295));
#5352 = ORIENTED_EDGE('',*,*,#3890,.T.);
#5353 = ORIENTED_EDGE('',*,*,#5354,.T.);
#5354 = EDGE_CURVE('',#3883,#5355,#5357,.T.);
#5355 = VERTEX_POINT('',#5356);
#5356 = CARTESIAN_POINT('',(0.,16.230303066882,2.971070910783));
#5357 = CIRCLE('',#5358,5.999999999997);
#5358 = AXIS2_PLACEMENT_3D('',#5359,#5360,#5361);
#5359 = CARTESIAN_POINT('',(0.,13.864156111408,-2.542670884502));
#5360 = DIRECTION('',(-1.,0.,-0.));
#5361 = DIRECTION('',(0.,0.309016994375,-0.951056516295));
#5362 = ORIENTED_EDGE('',*,*,#5363,.T.);
#5363 = EDGE_CURVE('',#5355,#5364,#5366,.T.);
#5364 = VERTEX_POINT('',#5365);
#5365 = CARTESIAN_POINT('',(0.,16.354046896128,2.189783121447));
#5366 = CIRCLE('',#5367,16.499999999992);
#5367 = AXIS2_PLACEMENT_3D('',#5368,#5369,#5370);
#5368 = CARTESIAN_POINT('',(0.,0.,0.));
#5369 = DIRECTION('',(-1.,0.,-0.));
#5370 = DIRECTION('',(-0.,0.,1.));
#5371 = ORIENTED_EDGE('',*,*,#5372,.F.);
#5372 = EDGE_CURVE('',#5373,#5364,#5375,.T.);
#5373 = VERTEX_POINT('',#5374);
#5374 = CARTESIAN_POINT('',(0.,13.102904875154,0.743814380397));
#5375 = CIRCLE('',#5376,5.999999999997);
#5376 = AXIS2_PLACEMENT_3D('',#5377,#5378,#5379);
#5377 = CARTESIAN_POINT('',(0.,12.399867498274,6.702483564591));
#5378 = DIRECTION('',(1.,0.,0.));
#5379 = DIRECTION('',(0.,0.,-1.));
#5380 = ORIENTED_EDGE('',*,*,#5381,.T.);
#5381 = EDGE_CURVE('',#5373,#5382,#5384,.T.);
#5382 = VERTEX_POINT('',#5383);
#5383 = CARTESIAN_POINT('',(0.,13.102904875154,-0.743814380397));
#5384 = CIRCLE('',#5385,13.123999999993);
#5385 = AXIS2_PLACEMENT_3D('',#5386,#5387,#5388);
#5386 = CARTESIAN_POINT('',(0.,0.,0.));
#5387 = DIRECTION('',(-1.,-0.,-0.));
#5388 = DIRECTION('',(0.,0.,-1.));
#5389 = ORIENTED_EDGE('',*,*,#5390,.T.);
#5390 = EDGE_CURVE('',#5382,#5185,#5391,.T.);
#5391 = CIRCLE('',#5392,5.999999999997);
#5392 = AXIS2_PLACEMENT_3D('',#5393,#5394,#5395);
#5393 = CARTESIAN_POINT('',(0.,12.399867498274,-6.702483564591));
#5394 = DIRECTION('',(-1.,-0.,-0.));
#5395 = DIRECTION('',(0.,0.,-1.));
#5396 = ORIENTED_EDGE('',*,*,#5184,.T.);
#5397 = ORIENTED_EDGE('',*,*,#5398,.F.);
#5398 = EDGE_CURVE('',#5399,#5177,#5401,.T.);
#5399 = VERTEX_POINT('',#5400);
#5400 = CARTESIAN_POINT('',(0.,12.691454348114,-3.341610768711));
#5401 = CIRCLE('',#5402,5.999999999997);
#5402 = AXIS2_PLACEMENT_3D('',#5403,#5404,#5405);
#5403 = CARTESIAN_POINT('',(0.,13.864156111408,2.542670884502));
#5404 = DIRECTION('',(1.,0.,0.));
#5405 = DIRECTION('',(0.,0.,-1.));
#5406 = ORIENTED_EDGE('',*,*,#5407,.T.);
#5407 = EDGE_CURVE('',#5399,#5408,#5410,.T.);
#5408 = VERTEX_POINT('',#5409);
#5409 = CARTESIAN_POINT('',(0.,12.231751779708,-4.756429795491));
#5410 = CIRCLE('',#5411,13.123999999993);
#5411 = AXIS2_PLACEMENT_3D('',#5412,#5413,#5414);
#5412 = CARTESIAN_POINT('',(0.,0.,0.));
#5413 = DIRECTION('',(-1.,-0.,0.));
#5414 = DIRECTION('',(0.,-0.309016994375,-0.951056516295));
#5415 = ORIENTED_EDGE('',*,*,#5416,.T.);
#5416 = EDGE_CURVE('',#5408,#5145,#5417,.T.);
#5417 = CIRCLE('',#5418,5.999999999997);
#5418 = AXIS2_PLACEMENT_3D('',#5419,#5420,#5421);
#5419 = CARTESIAN_POINT('',(0.,9.721793459453,-10.20621045443));
#5420 = DIRECTION('',(-1.,-0.,0.));
#5421 = DIRECTION('',(0.,-0.309016994375,-0.951056516295));
#5422 = ORIENTED_EDGE('',*,*,#5161,.T.);
#5423 = ORIENTED_EDGE('',*,*,#5424,.F.);
#5424 = EDGE_CURVE('',#5425,#5154,#5427,.T.);
#5425 = VERTEX_POINT('',#5426);
#5426 = CARTESIAN_POINT('',(0.,11.037675842918,-7.099935773405));
#5427 = CIRCLE('',#5428,5.999999999997);
#5428 = AXIS2_PLACEMENT_3D('',#5429,#5430,#5431);
#5429 = CARTESIAN_POINT('',(0.,13.971324527101,-1.866036137593));
#5430 = DIRECTION('',(1.,0.,0.));
#5431 = DIRECTION('',(0.,0.,-1.));
#5432 = ORIENTED_EDGE('',*,*,#5433,.T.);
#5433 = EDGE_CURVE('',#5425,#5434,#5436,.T.);
#5434 = VERTEX_POINT('',#5435);
#5435 = CARTESIAN_POINT('',(0.,10.163269596438,-8.303452722208));
#5436 = CIRCLE('',#5437,13.123999999993);
#5437 = AXIS2_PLACEMENT_3D('',#5438,#5439,#5440);
#5438 = CARTESIAN_POINT('',(0.,0.,0.));
#5439 = DIRECTION('',(-1.,-0.,0.));
#5440 = DIRECTION('',(0.,-0.587785252292,-0.809016994375));
#5441 = ORIENTED_EDGE('',*,*,#5442,.T.);
#5442 = EDGE_CURVE('',#5434,#5121,#5443,.T.);
#5443 = CIRCLE('',#5444,5.999999999997);
#5444 = AXIS2_PLACEMENT_3D('',#5445,#5446,#5447);
#5445 = CARTESIAN_POINT('',(0.,6.092082541102,-12.71088235413));
#5446 = DIRECTION('',(-1.,-0.,0.));
#5447 = DIRECTION('',(0.,-0.587785252292,-0.809016994375));
#5448 = ORIENTED_EDGE('',*,*,#5120,.T.);
#5449 = ORIENTED_EDGE('',*,*,#5450,.F.);
#5450 = EDGE_CURVE('',#5451,#5113,#5453,.T.);
#5451 = VERTEX_POINT('',#5452);
#5452 = CARTESIAN_POINT('',(0.,8.303452722208,-10.16326959643));
#5453 = CIRCLE('',#5454,5.999999999997);
#5454 = AXIS2_PLACEMENT_3D('',#5455,#5456,#5457);
#5455 = CARTESIAN_POINT('',(0.,12.71088235414,-6.092082541102));
#5456 = DIRECTION('',(1.,0.,0.));
#5457 = DIRECTION('',(0.,0.,-1.));
#5458 = ORIENTED_EDGE('',*,*,#5459,.T.);
#5459 = EDGE_CURVE('',#5451,#5460,#5462,.T.);
#5460 = VERTEX_POINT('',#5461);
#5461 = CARTESIAN_POINT('',(0.,7.099935773406,-11.03767584291));
#5462 = CIRCLE('',#5463,13.123999999993);
#5463 = AXIS2_PLACEMENT_3D('',#5464,#5465,#5466);
#5464 = CARTESIAN_POINT('',(0.,0.,0.));
#5465 = DIRECTION('',(-1.,-0.,0.));
#5466 = DIRECTION('',(0.,-0.809016994375,-0.587785252292));
#5467 = ORIENTED_EDGE('',*,*,#5468,.T.);
#5468 = EDGE_CURVE('',#5460,#5081,#5469,.T.);
#5469 = CIRCLE('',#5470,5.999999999997);
#5470 = AXIS2_PLACEMENT_3D('',#5471,#5472,#5473);
#5471 = CARTESIAN_POINT('',(0.,1.866036137593,-13.9713245271));
#5472 = DIRECTION('',(-1.,-0.,0.));
#5473 = DIRECTION('',(0.,-0.809016994375,-0.587785252292));
#5474 = ORIENTED_EDGE('',*,*,#5097,.T.);
#5475 = ORIENTED_EDGE('',*,*,#5476,.F.);
#5476 = EDGE_CURVE('',#5477,#5090,#5479,.T.);
#5477 = VERTEX_POINT('',#5478);
#5478 = CARTESIAN_POINT('',(0.,4.756429795491,-12.2317517797));
#5479 = CIRCLE('',#5480,5.999999999997);
#5480 = AXIS2_PLACEMENT_3D('',#5481,#5482,#5483);
#5481 = CARTESIAN_POINT('',(0.,10.20621045443,-9.721793459452));
#5482 = DIRECTION('',(1.,0.,0.));
#5483 = DIRECTION('',(0.,0.,-1.));
#5484 = ORIENTED_EDGE('',*,*,#5485,.T.);
#5485 = EDGE_CURVE('',#5477,#5486,#5488,.T.);
#5486 = VERTEX_POINT('',#5487);
#5487 = CARTESIAN_POINT('',(0.,3.341610768711,-12.69145434811));
#5488 = CIRCLE('',#5489,13.123999999993);
#5489 = AXIS2_PLACEMENT_3D('',#5490,#5491,#5492);
#5490 = CARTESIAN_POINT('',(0.,0.,0.));
#5491 = DIRECTION('',(-1.,-0.,0.));
#5492 = DIRECTION('',(0.,-0.951056516295,-0.309016994375));
#5493 = ORIENTED_EDGE('',*,*,#5494,.T.);
#5494 = EDGE_CURVE('',#5486,#5209,#5495,.T.);
#5495 = CIRCLE('',#5496,5.999999999997);
#5496 = AXIS2_PLACEMENT_3D('',#5497,#5498,#5499);
#5497 = CARTESIAN_POINT('',(0.,-2.542670884501,-13.8641561114));
#5498 = DIRECTION('',(-1.,-0.,0.));
#5499 = DIRECTION('',(0.,-0.951056516295,-0.309016994375));
#5500 = ORIENTED_EDGE('',*,*,#5225,.T.);
#5501 = ORIENTED_EDGE('',*,*,#5502,.F.);
#5502 = EDGE_CURVE('',#5503,#5218,#5505,.T.);
#5503 = VERTEX_POINT('',#5504);
#5504 = CARTESIAN_POINT('',(0.,0.743814380397,-13.10290487515));
#5505 = CIRCLE('',#5506,5.999999999997);
#5506 = AXIS2_PLACEMENT_3D('',#5507,#5508,#5509);
#5507 = CARTESIAN_POINT('',(0.,6.702483564592,-12.39986749827));
#5508 = DIRECTION('',(1.,0.,0.));
#5509 = DIRECTION('',(0.,0.,-1.));
#5510 = ORIENTED_EDGE('',*,*,#5511,.T.);
#5511 = EDGE_CURVE('',#5503,#5512,#5514,.T.);
#5512 = VERTEX_POINT('',#5513);
#5513 = CARTESIAN_POINT('',(0.,-0.743814380396,-13.10290487515));
#5514 = CIRCLE('',#5515,13.123999999993);
#5515 = AXIS2_PLACEMENT_3D('',#5516,#5517,#5518);
#5516 = CARTESIAN_POINT('',(0.,0.,0.));
#5517 = DIRECTION('',(-1.,-0.,0.));
#5518 = DIRECTION('',(0.,-1.,-1.047444401653E-14));
#5519 = ORIENTED_EDGE('',*,*,#5520,.T.);
#5520 = EDGE_CURVE('',#5512,#5025,#5521,.T.);
#5521 = CIRCLE('',#5522,5.999999999997);
#5522 = AXIS2_PLACEMENT_3D('',#5523,#5524,#5525);
#5523 = CARTESIAN_POINT('',(0.,-6.702483564591,-12.39986749827));
#5524 = DIRECTION('',(-1.,-0.,0.));
#5525 = DIRECTION('',(0.,-1.,-1.040834085587E-14));
#5526 = ORIENTED_EDGE('',*,*,#5024,.T.);
#5527 = ORIENTED_EDGE('',*,*,#5528,.F.);
#5528 = EDGE_CURVE('',#5529,#5017,#5531,.T.);
#5529 = VERTEX_POINT('',#5530);
#5530 = CARTESIAN_POINT('',(0.,-3.341610768711,-12.69145434811));
#5531 = CIRCLE('',#5532,5.999999999997);
#5532 = AXIS2_PLACEMENT_3D('',#5533,#5534,#5535);
#5533 = CARTESIAN_POINT('',(0.,2.542670884502,-13.8641561114));
#5534 = DIRECTION('',(1.,0.,0.));
#5535 = DIRECTION('',(0.,0.,-1.));
#5536 = ORIENTED_EDGE('',*,*,#5537,.T.);
#5537 = EDGE_CURVE('',#5529,#5538,#5540,.T.);
#5538 = VERTEX_POINT('',#5539);
#5539 = CARTESIAN_POINT('',(0.,-4.756429795491,-12.2317517797));
#5540 = CIRCLE('',#5541,13.123999999993);
#5541 = AXIS2_PLACEMENT_3D('',#5542,#5543,#5544);
#5542 = CARTESIAN_POINT('',(0.,0.,0.));
#5543 = DIRECTION('',(-1.,0.,0.));
#5544 = DIRECTION('',(0.,-0.951056516295,0.309016994375));
#5545 = ORIENTED_EDGE('',*,*,#5546,.T.);
#5546 = EDGE_CURVE('',#5538,#4993,#5547,.T.);
#5547 = CIRCLE('',#5548,5.999999999997);
#5548 = AXIS2_PLACEMENT_3D('',#5549,#5550,#5551);
#5549 = CARTESIAN_POINT('',(0.,-10.20621045443,-9.721793459453));
#5550 = DIRECTION('',(-1.,0.,0.));
#5551 = DIRECTION('',(0.,-0.951056516295,0.309016994375));
#5552 = ORIENTED_EDGE('',*,*,#4992,.T.);
#5553 = ORIENTED_EDGE('',*,*,#5554,.F.);
#5554 = EDGE_CURVE('',#5555,#4985,#5557,.T.);
#5555 = VERTEX_POINT('',#5556);
#5556 = CARTESIAN_POINT('',(0.,-7.099935773405,-11.03767584291));
#5557 = CIRCLE('',#5558,5.999999999997);
#5558 = AXIS2_PLACEMENT_3D('',#5559,#5560,#5561);
#5559 = CARTESIAN_POINT('',(0.,-1.866036137593,-13.9713245271));
#5560 = DIRECTION('',(1.,0.,0.));
#5561 = DIRECTION('',(0.,0.,-1.));
#5562 = ORIENTED_EDGE('',*,*,#5563,.T.);
#5563 = EDGE_CURVE('',#5555,#5564,#5566,.T.);
#5564 = VERTEX_POINT('',#5565);
#5565 = CARTESIAN_POINT('',(0.,-8.303452722208,-10.16326959643));
#5566 = CIRCLE('',#5567,13.123999999993);
#5567 = AXIS2_PLACEMENT_3D('',#5568,#5569,#5570);
#5568 = CARTESIAN_POINT('',(0.,0.,0.));
#5569 = DIRECTION('',(-1.,0.,0.));
#5570 = DIRECTION('',(0.,-0.809016994375,0.587785252292));
#5571 = ORIENTED_EDGE('',*,*,#5572,.T.);
#5572 = EDGE_CURVE('',#5564,#4953,#5573,.T.);
#5573 = CIRCLE('',#5574,5.999999999997);
#5574 = AXIS2_PLACEMENT_3D('',#5575,#5576,#5577);
#5575 = CARTESIAN_POINT('',(0.,-12.71088235413,-6.092082541102));
#5576 = DIRECTION('',(-1.,0.,0.));
#5577 = DIRECTION('',(0.,-0.809016994375,0.587785252292));
#5578 = ORIENTED_EDGE('',*,*,#4969,.T.);
#5579 = ORIENTED_EDGE('',*,*,#5580,.F.);
#5580 = EDGE_CURVE('',#5581,#4962,#5583,.T.);
#5581 = VERTEX_POINT('',#5582);
#5582 = CARTESIAN_POINT('',(0.,-10.16326959643,-8.303452722208));
#5583 = CIRCLE('',#5584,5.999999999997);
#5584 = AXIS2_PLACEMENT_3D('',#5585,#5586,#5587);
#5585 = CARTESIAN_POINT('',(0.,-6.092082541102,-12.71088235414));
#5586 = DIRECTION('',(1.,0.,0.));
#5587 = DIRECTION('',(0.,0.,-1.));
#5588 = ORIENTED_EDGE('',*,*,#5589,.T.);
#5589 = EDGE_CURVE('',#5581,#5590,#5592,.T.);
#5590 = VERTEX_POINT('',#5591);
#5591 = CARTESIAN_POINT('',(0.,-11.03767584291,-7.099935773406));
#5592 = CIRCLE('',#5593,13.123999999993);
#5593 = AXIS2_PLACEMENT_3D('',#5594,#5595,#5596);
#5594 = CARTESIAN_POINT('',(0.,0.,0.));
#5595 = DIRECTION('',(-1.,0.,0.));
#5596 = DIRECTION('',(0.,-0.587785252292,0.809016994375));
#5597 = ORIENTED_EDGE('',*,*,#5598,.T.);
#5598 = EDGE_CURVE('',#5590,#5057,#5599,.T.);
#5599 = CIRCLE('',#5600,5.999999999997);
#5600 = AXIS2_PLACEMENT_3D('',#5601,#5602,#5603);
#5601 = CARTESIAN_POINT('',(0.,-13.9713245271,-1.866036137593));
#5602 = DIRECTION('',(-1.,0.,0.));
#5603 = DIRECTION('',(0.,-0.587785252292,0.809016994375));
#5604 = ORIENTED_EDGE('',*,*,#5056,.T.);
#5605 = ORIENTED_EDGE('',*,*,#5606,.F.);
#5606 = EDGE_CURVE('',#5607,#5049,#5609,.T.);
#5607 = VERTEX_POINT('',#5608);
#5608 = CARTESIAN_POINT('',(0.,-12.2317517797,-4.756429795491));
#5609 = CIRCLE('',#5610,5.999999999997);
#5610 = AXIS2_PLACEMENT_3D('',#5611,#5612,#5613);
#5611 = CARTESIAN_POINT('',(0.,-9.721793459453,-10.20621045443));
#5612 = DIRECTION('',(1.,0.,0.));
#5613 = DIRECTION('',(0.,0.,-1.));
#5614 = ORIENTED_EDGE('',*,*,#5615,.T.);
#5615 = EDGE_CURVE('',#5607,#5616,#5618,.T.);
#5616 = VERTEX_POINT('',#5617);
#5617 = CARTESIAN_POINT('',(0.,-12.69145434811,-3.341610768711));
#5618 = CIRCLE('',#5619,13.123999999993);
#5619 = AXIS2_PLACEMENT_3D('',#5620,#5621,#5622);
#5620 = CARTESIAN_POINT('',(0.,0.,0.));
#5621 = DIRECTION('',(-1.,0.,0.));
#5622 = DIRECTION('',(0.,-0.309016994375,0.951056516295));
#5623 = ORIENTED_EDGE('',*,*,#5624,.T.);
#5624 = EDGE_CURVE('',#5616,#4897,#5625,.T.);
#5625 = CIRCLE('',#5626,5.999999999997);
#5626 = AXIS2_PLACEMENT_3D('',#5627,#5628,#5629);
#5627 = CARTESIAN_POINT('',(0.,-13.8641561114,2.542670884501));
#5628 = DIRECTION('',(-1.,0.,0.));
#5629 = DIRECTION('',(0.,-0.309016994375,0.951056516295));
#5630 = ORIENTED_EDGE('',*,*,#4896,.T.);
#5631 = ORIENTED_EDGE('',*,*,#5632,.F.);
#5632 = EDGE_CURVE('',#5633,#4889,#5635,.T.);
#5633 = VERTEX_POINT('',#5634);
#5634 = CARTESIAN_POINT('',(0.,-13.10290487515,-0.743814380397));
#5635 = CIRCLE('',#5636,5.999999999997);
#5636 = AXIS2_PLACEMENT_3D('',#5637,#5638,#5639);
#5637 = CARTESIAN_POINT('',(0.,-12.39986749827,-6.702483564591));
#5638 = DIRECTION('',(1.,0.,0.));
#5639 = DIRECTION('',(0.,0.,-1.));
#5640 = ORIENTED_EDGE('',*,*,#5641,.T.);
#5641 = EDGE_CURVE('',#5633,#5642,#5644,.T.);
#5642 = VERTEX_POINT('',#5643);
#5643 = CARTESIAN_POINT('',(0.,-13.10290487515,0.743814380396));
#5644 = CIRCLE('',#5645,13.123999999993);
#5645 = AXIS2_PLACEMENT_3D('',#5646,#5647,#5648);
#5646 = CARTESIAN_POINT('',(0.,0.,0.));
#5647 = DIRECTION('',(-1.,0.,0.));
#5648 = DIRECTION('',(0.,-6.982962677686E-15,1.));
#5649 = ORIENTED_EDGE('',*,*,#5650,.T.);
#5650 = EDGE_CURVE('',#5642,#4865,#5651,.T.);
#5651 = CIRCLE('',#5652,5.999999999997);
#5652 = AXIS2_PLACEMENT_3D('',#5653,#5654,#5655);
#5653 = CARTESIAN_POINT('',(0.,-12.39986749827,6.702483564591));
#5654 = DIRECTION('',(-1.,0.,0.));
#5655 = DIRECTION('',(0.,-6.938893903911E-15,1.));
#5656 = ORIENTED_EDGE('',*,*,#4864,.T.);
#5657 = ORIENTED_EDGE('',*,*,#3848,.F.);
#5658 = ORIENTED_EDGE('',*,*,#5659,.F.);
#5659 = EDGE_CURVE('',#5660,#3841,#5662,.T.);
#5660 = VERTEX_POINT('',#5661);
#5661 = CARTESIAN_POINT('',(0.,-12.69145434811,3.341610768711));
#5662 = CIRCLE('',#5663,5.999999999997);
#5663 = AXIS2_PLACEMENT_3D('',#5664,#5665,#5666);
#5664 = CARTESIAN_POINT('',(0.,-13.8641561114,-2.542670884502));
#5665 = DIRECTION('',(1.,0.,0.));
#5666 = DIRECTION('',(0.,0.,-1.));
#5667 = ORIENTED_EDGE('',*,*,#5668,.T.);
#5668 = EDGE_CURVE('',#5660,#5669,#5671,.T.);
#5669 = VERTEX_POINT('',#5670);
#5670 = CARTESIAN_POINT('',(0.,-12.2317517797,4.756429795491));
#5671 = CIRCLE('',#5672,13.123999999993);
#5672 = AXIS2_PLACEMENT_3D('',#5673,#5674,#5675);
#5673 = CARTESIAN_POINT('',(0.,0.,0.));
#5674 = DIRECTION('',(-1.,0.,0.));
#5675 = DIRECTION('',(0.,0.309016994375,0.951056516295));
#5676 = ORIENTED_EDGE('',*,*,#5677,.T.);
#5677 = EDGE_CURVE('',#5669,#4840,#5678,.T.);
#5678 = CIRCLE('',#5679,5.999999999997);
#5679 = AXIS2_PLACEMENT_3D('',#5680,#5681,#5682);
#5680 = CARTESIAN_POINT('',(0.,-9.721793459453,10.20621045443));
#5681 = DIRECTION('',(-1.,0.,0.));
#5682 = DIRECTION('',(0.,0.309016994375,0.951056516295));
#5683 = ORIENTED_EDGE('',*,*,#4839,.T.);
#5684 = ORIENTED_EDGE('',*,*,#3806,.F.);
#5685 = ORIENTED_EDGE('',*,*,#5686,.F.);
#5686 = EDGE_CURVE('',#5687,#3799,#5689,.T.);
#5687 = VERTEX_POINT('',#5688);
#5688 = CARTESIAN_POINT('',(0.,-11.03767584291,7.099935773406));
#5689 = CIRCLE('',#5690,5.999999999997);
#5690 = AXIS2_PLACEMENT_3D('',#5691,#5692,#5693);
#5691 = CARTESIAN_POINT('',(0.,-13.9713245271,1.866036137593));
#5692 = DIRECTION('',(1.,0.,0.));
#5693 = DIRECTION('',(0.,0.,-1.));
#5694 = ORIENTED_EDGE('',*,*,#5695,.T.);
#5695 = EDGE_CURVE('',#5687,#5696,#5698,.T.);
#5696 = VERTEX_POINT('',#5697);
#5697 = CARTESIAN_POINT('',(0.,-10.16326959643,8.303452722208));
#5698 = CIRCLE('',#5699,13.123999999993);
#5699 = AXIS2_PLACEMENT_3D('',#5700,#5701,#5702);
#5700 = CARTESIAN_POINT('',(0.,0.,0.));
#5701 = DIRECTION('',(-1.,0.,0.));
#5702 = DIRECTION('',(0.,0.587785252292,0.809016994375));
#5703 = ORIENTED_EDGE('',*,*,#5704,.T.);
#5704 = EDGE_CURVE('',#5696,#4807,#5705,.T.);
#5705 = CIRCLE('',#5706,5.999999999997);
#5706 = AXIS2_PLACEMENT_3D('',#5707,#5708,#5709);
#5707 = CARTESIAN_POINT('',(0.,-6.092082541102,12.710882354139));
#5708 = DIRECTION('',(-1.,0.,0.));
#5709 = DIRECTION('',(0.,0.587785252292,0.809016994375));
#5710 = ORIENTED_EDGE('',*,*,#4823,.T.);
#5711 = ORIENTED_EDGE('',*,*,#5712,.F.);
#5712 = EDGE_CURVE('',#5713,#4816,#5715,.T.);
#5713 = VERTEX_POINT('',#5714);
#5714 = CARTESIAN_POINT('',(0.,-8.303452722208,10.163269596438));
#5715 = CIRCLE('',#5716,5.999999999997);
#5716 = AXIS2_PLACEMENT_3D('',#5717,#5718,#5719);
#5717 = CARTESIAN_POINT('',(0.,-12.71088235414,6.092082541102));
#5718 = DIRECTION('',(1.,0.,0.));
#5719 = DIRECTION('',(0.,0.,-1.));
#5720 = ORIENTED_EDGE('',*,*,#5721,.T.);
#5721 = EDGE_CURVE('',#5713,#5722,#5724,.T.);
#5722 = VERTEX_POINT('',#5723);
#5723 = CARTESIAN_POINT('',(0.,-7.099935773406,11.037675842918));
#5724 = CIRCLE('',#5725,13.123999999993);
#5725 = AXIS2_PLACEMENT_3D('',#5726,#5727,#5728);
#5726 = CARTESIAN_POINT('',(0.,0.,0.));
#5727 = DIRECTION('',(-1.,0.,0.));
#5728 = DIRECTION('',(0.,0.809016994375,0.587785252292));
#5729 = ORIENTED_EDGE('',*,*,#5730,.T.);
#5730 = EDGE_CURVE('',#5722,#4929,#5731,.T.);
#5731 = CIRCLE('',#5732,5.999999999997);
#5732 = AXIS2_PLACEMENT_3D('',#5733,#5734,#5735);
#5733 = CARTESIAN_POINT('',(0.,-1.866036137593,13.971324527101));
#5734 = DIRECTION('',(-1.,0.,0.));
#5735 = DIRECTION('',(0.,0.809016994375,0.587785252292));
#5736 = ORIENTED_EDGE('',*,*,#4928,.T.);
#5737 = ORIENTED_EDGE('',*,*,#5738,.F.);
#5738 = EDGE_CURVE('',#5739,#4921,#5741,.T.);
#5739 = VERTEX_POINT('',#5740);
#5740 = CARTESIAN_POINT('',(0.,-4.756429795491,12.231751779708));
#5741 = CIRCLE('',#5742,5.999999999997);
#5742 = AXIS2_PLACEMENT_3D('',#5743,#5744,#5745);
#5743 = CARTESIAN_POINT('',(0.,-10.20621045443,9.721793459453));
#5744 = DIRECTION('',(1.,0.,0.));
#5745 = DIRECTION('',(0.,0.,-1.));
#5746 = ORIENTED_EDGE('',*,*,#5747,.T.);
#5747 = EDGE_CURVE('',#5739,#5748,#5750,.T.);
#5748 = VERTEX_POINT('',#5749);
#5749 = CARTESIAN_POINT('',(0.,-3.341610768711,12.691454348114));
#5750 = CIRCLE('',#5751,13.123999999993);
#5751 = AXIS2_PLACEMENT_3D('',#5752,#5753,#5754);
#5752 = CARTESIAN_POINT('',(0.,0.,0.));
#5753 = DIRECTION('',(-1.,0.,0.));
#5754 = DIRECTION('',(0.,0.951056516295,0.309016994375));
#5755 = ORIENTED_EDGE('',*,*,#5756,.T.);
#5756 = EDGE_CURVE('',#5748,#4687,#5757,.T.);
#5757 = CIRCLE('',#5758,5.999999999997);
#5758 = AXIS2_PLACEMENT_3D('',#5759,#5760,#5761);
#5759 = CARTESIAN_POINT('',(0.,2.542670884501,13.864156111408));
#5760 = DIRECTION('',(-1.,0.,0.));
#5761 = DIRECTION('',(0.,0.951056516295,0.309016994375));
#5762 = ORIENTED_EDGE('',*,*,#4686,.T.);
#5763 = ORIENTED_EDGE('',*,*,#5764,.F.);
#5764 = EDGE_CURVE('',#3723,#4679,#5765,.T.);
#5765 = CIRCLE('',#5766,5.999999999997);
#5766 = AXIS2_PLACEMENT_3D('',#5767,#5768,#5769);
#5767 = CARTESIAN_POINT('',(0.,-6.702483564591,12.399867498274));
#5768 = DIRECTION('',(1.,0.,0.));
#5769 = DIRECTION('',(0.,0.,-1.));
#5770 = ORIENTED_EDGE('',*,*,#3722,.T.);
#5771 = ORIENTED_EDGE('',*,*,#5772,.T.);
#5772 = EDGE_CURVE('',#3715,#5251,#5773,.T.);
#5773 = CIRCLE('',#5774,13.123999999993);
#5774 = AXIS2_PLACEMENT_3D('',#5775,#5776,#5777);
#5775 = CARTESIAN_POINT('',(0.,0.,0.));
#5776 = DIRECTION('',(-1.,0.,0.));
#5777 = DIRECTION('',(0.,1.,3.491481338843E-15));
#5778 = PLANE('',#5779);
#5779 = AXIS2_PLACEMENT_3D('',#5780,#5781,#5782);
#5780 = CARTESIAN_POINT('',(0.,0.,0.));
#5781 = DIRECTION('',(1.,0.,0.));
#5782 = DIRECTION('',(0.,0.,-1.));
#5783 = ADVANCED_FACE('',(#5784),#5800,.T.);
#5784 = FACE_BOUND('',#5785,.T.);
#5785 = EDGE_LOOP('',(#5786,#5792,#5793,#5799));
#5786 = ORIENTED_EDGE('',*,*,#5787,.F.);
#5787 = EDGE_CURVE('',#4490,#5355,#5788,.T.);
#5788 = LINE('',#5789,#5790);
#5789 = CARTESIAN_POINT('',(5.,16.230303066882,2.971070910783));
#5790 = VECTOR('',#5791,1.);
#5791 = DIRECTION('',(-1.,0.,0.));
#5792 = ORIENTED_EDGE('',*,*,#4489,.T.);
#5793 = ORIENTED_EDGE('',*,*,#5794,.F.);
#5794 = EDGE_CURVE('',#5364,#4481,#5795,.T.);
#5795 = LINE('',#5796,#5797);
#5796 = CARTESIAN_POINT('',(5.,16.354046896128,2.189783121447));
#5797 = VECTOR('',#5798,1.);
#5798 = DIRECTION('',(1.,-0.,-0.));
#5799 = ORIENTED_EDGE('',*,*,#5363,.F.);
#5800 = CYLINDRICAL_SURFACE('',#5801,16.499999999992);
#5801 = AXIS2_PLACEMENT_3D('',#5802,#5803,#5804);
#5802 = CARTESIAN_POINT('',(-10.,0.,0.));
#5803 = DIRECTION('',(-1.,-0.,-0.));
#5804 = DIRECTION('',(-0.,0.,1.));
#5805 = ADVANCED_FACE('',(#5806),#5817,.T.);
#5806 = FACE_BOUND('',#5807,.T.);
#5807 = EDGE_LOOP('',(#5808,#5809,#5810,#5816));
#5808 = ORIENTED_EDGE('',*,*,#5193,.T.);
#5809 = ORIENTED_EDGE('',*,*,#5390,.F.);
#5810 = ORIENTED_EDGE('',*,*,#5811,.F.);
#5811 = EDGE_CURVE('',#4463,#5382,#5812,.T.);
#5812 = LINE('',#5813,#5814);
#5813 = CARTESIAN_POINT('',(10.,13.102904875154,-0.743814380397));
#5814 = VECTOR('',#5815,1.);
#5815 = DIRECTION('',(-1.,0.,0.));
#5816 = ORIENTED_EDGE('',*,*,#4462,.T.);
#5817 = CYLINDRICAL_SURFACE('',#5818,5.999999999997);
#5818 = AXIS2_PLACEMENT_3D('',#5819,#5820,#5821);
#5819 = CARTESIAN_POINT('',(10.,12.399867498274,-6.702483564591));
#5820 = DIRECTION('',(-1.,0.,0.));
#5821 = DIRECTION('',(0.,0.,1.));
#5822 = ADVANCED_FACE('',(#5823),#5834,.T.);
#5823 = FACE_BOUND('',#5824,.T.);
#5824 = EDGE_LOOP('',(#5825,#5826,#5827,#5833));
#5825 = ORIENTED_EDGE('',*,*,#5794,.T.);
#5826 = ORIENTED_EDGE('',*,*,#4480,.T.);
#5827 = ORIENTED_EDGE('',*,*,#5828,.T.);
#5828 = EDGE_CURVE('',#4472,#5373,#5829,.T.);
#5829 = LINE('',#5830,#5831);
#5830 = CARTESIAN_POINT('',(10.,13.102904875154,0.743814380397));
#5831 = VECTOR('',#5832,1.);
#5832 = DIRECTION('',(-1.,0.,0.));
#5833 = ORIENTED_EDGE('',*,*,#5372,.T.);
#5834 = CYLINDRICAL_SURFACE('',#5835,5.999999999997);
#5835 = AXIS2_PLACEMENT_3D('',#5836,#5837,#5838);
#5836 = CARTESIAN_POINT('',(10.,12.399867498274,6.702483564591));
#5837 = DIRECTION('',(-1.,0.,0.));
#5838 = DIRECTION('',(0.,0.,1.));
#5839 = ADVANCED_FACE('',(#5840),#5846,.T.);
#5840 = FACE_BOUND('',#5841,.T.);
#5841 = EDGE_LOOP('',(#5842,#5843,#5844,#5845));
#5842 = ORIENTED_EDGE('',*,*,#5381,.F.);
#5843 = ORIENTED_EDGE('',*,*,#5828,.F.);
#5844 = ORIENTED_EDGE('',*,*,#4471,.T.);
#5845 = ORIENTED_EDGE('',*,*,#5811,.T.);
#5846 = CYLINDRICAL_SURFACE('',#5847,13.123999999993);
#5847 = AXIS2_PLACEMENT_3D('',#5848,#5849,#5850);
#5848 = CARTESIAN_POINT('',(10.,0.,0.));
#5849 = DIRECTION('',(-1.,0.,0.));
#5850 = DIRECTION('',(0.,0.,1.));
#5851 = ADVANCED_FACE('',(#5852),#5858,.T.);
#5852 = FACE_BOUND('',#5853,.T.);
#5853 = EDGE_LOOP('',(#5854,#5855,#5856,#5857));
#5854 = ORIENTED_EDGE('',*,*,#3882,.F.);
#5855 = ORIENTED_EDGE('',*,*,#4498,.T.);
#5856 = ORIENTED_EDGE('',*,*,#5787,.T.);
#5857 = ORIENTED_EDGE('',*,*,#5354,.F.);
#5858 = CYLINDRICAL_SURFACE('',#5859,5.999999999997);
#5859 = AXIS2_PLACEMENT_3D('',#5860,#5861,#5862);
#5860 = CARTESIAN_POINT('',(10.,13.864156111408,-2.542670884502));
#5861 = DIRECTION('',(-1.,0.,0.));
#5862 = DIRECTION('',(0.,0.,1.));
#5863 = ADVANCED_FACE('',(#5864),#5875,.T.);
#5864 = FACE_BOUND('',#5865,.T.);
#5865 = EDGE_LOOP('',(#5866,#5867,#5868,#5874));
#5866 = ORIENTED_EDGE('',*,*,#4751,.T.);
#5867 = ORIENTED_EDGE('',*,*,#4515,.T.);
#5868 = ORIENTED_EDGE('',*,*,#5869,.T.);
#5869 = EDGE_CURVE('',#4507,#5338,#5870,.T.);
#5870 = LINE('',#5871,#5872);
#5871 = CARTESIAN_POINT('',(10.,12.231751779708,4.756429795491));
#5872 = VECTOR('',#5873,1.);
#5873 = DIRECTION('',(-1.,0.,0.));
#5874 = ORIENTED_EDGE('',*,*,#5337,.T.);
#5875 = CYLINDRICAL_SURFACE('',#5876,5.999999999997);
#5876 = AXIS2_PLACEMENT_3D('',#5877,#5878,#5879);
#5877 = CARTESIAN_POINT('',(10.,9.721793459453,10.20621045443));
#5878 = DIRECTION('',(-1.,0.,0.));
#5879 = DIRECTION('',(0.,0.,1.));
#5880 = ADVANCED_FACE('',(#5881),#5887,.T.);
#5881 = FACE_BOUND('',#5882,.T.);
#5882 = EDGE_LOOP('',(#5883,#5884,#5885,#5886));
#5883 = ORIENTED_EDGE('',*,*,#5346,.F.);
#5884 = ORIENTED_EDGE('',*,*,#5869,.F.);
#5885 = ORIENTED_EDGE('',*,*,#4506,.T.);
#5886 = ORIENTED_EDGE('',*,*,#3899,.T.);
#5887 = CYLINDRICAL_SURFACE('',#5888,13.123999999993);
#5888 = AXIS2_PLACEMENT_3D('',#5889,#5890,#5891);
#5889 = CARTESIAN_POINT('',(10.,0.,0.));
#5890 = DIRECTION('',(-1.,0.,0.));
#5891 = DIRECTION('',(0.,0.,1.));
#5892 = ADVANCED_FACE('',(#5893),#5904,.T.);
#5893 = FACE_BOUND('',#5894,.T.);
#5894 = EDGE_LOOP('',(#5895,#5896,#5897,#5903));
#5895 = ORIENTED_EDGE('',*,*,#5033,.T.);
#5896 = ORIENTED_EDGE('',*,*,#5520,.F.);
#5897 = ORIENTED_EDGE('',*,*,#5898,.F.);
#5898 = EDGE_CURVE('',#4283,#5512,#5899,.T.);
#5899 = LINE('',#5900,#5901);
#5900 = CARTESIAN_POINT('',(10.,-0.743814380396,-13.10290487515));
#5901 = VECTOR('',#5902,1.);
#5902 = DIRECTION('',(-1.,0.,-0.));
#5903 = ORIENTED_EDGE('',*,*,#4282,.T.);
#5904 = CYLINDRICAL_SURFACE('',#5905,5.999999999997);
#5905 = AXIS2_PLACEMENT_3D('',#5906,#5907,#5908);
#5906 = CARTESIAN_POINT('',(10.,-6.702483564591,-12.39986749827));
#5907 = DIRECTION('',(-1.,0.,-0.));
#5908 = DIRECTION('',(0.,0.,1.));
#5909 = ADVANCED_FACE('',(#5910),#5921,.T.);
#5910 = FACE_BOUND('',#5911,.T.);
#5911 = EDGE_LOOP('',(#5912,#5913,#5914,#5920));
#5912 = ORIENTED_EDGE('',*,*,#5217,.T.);
#5913 = ORIENTED_EDGE('',*,*,#4300,.T.);
#5914 = ORIENTED_EDGE('',*,*,#5915,.T.);
#5915 = EDGE_CURVE('',#4292,#5503,#5916,.T.);
#5916 = LINE('',#5917,#5918);
#5917 = CARTESIAN_POINT('',(10.,0.743814380397,-13.10290487515));
#5918 = VECTOR('',#5919,1.);
#5919 = DIRECTION('',(-1.,0.,-0.));
#5920 = ORIENTED_EDGE('',*,*,#5502,.T.);
#5921 = CYLINDRICAL_SURFACE('',#5922,5.999999999997);
#5922 = AXIS2_PLACEMENT_3D('',#5923,#5924,#5925);
#5923 = CARTESIAN_POINT('',(10.,6.702483564592,-12.39986749827));
#5924 = DIRECTION('',(-1.,0.,-0.));
#5925 = DIRECTION('',(0.,0.,1.));
#5926 = ADVANCED_FACE('',(#5927),#5933,.T.);
#5927 = FACE_BOUND('',#5928,.T.);
#5928 = EDGE_LOOP('',(#5929,#5930,#5931,#5932));
#5929 = ORIENTED_EDGE('',*,*,#5511,.F.);
#5930 = ORIENTED_EDGE('',*,*,#5915,.F.);
#5931 = ORIENTED_EDGE('',*,*,#4291,.T.);
#5932 = ORIENTED_EDGE('',*,*,#5898,.T.);
#5933 = CYLINDRICAL_SURFACE('',#5934,13.123999999993);
#5934 = AXIS2_PLACEMENT_3D('',#5935,#5936,#5937);
#5935 = CARTESIAN_POINT('',(10.,0.,0.));
#5936 = DIRECTION('',(-1.,0.,-0.));
#5937 = DIRECTION('',(0.,0.,1.));
#5938 = ADVANCED_FACE('',(#5939),#5950,.T.);
#5939 = FACE_BOUND('',#5940,.T.);
#5940 = EDGE_LOOP('',(#5941,#5942,#5943,#5949));
#5941 = ORIENTED_EDGE('',*,*,#5208,.T.);
#5942 = ORIENTED_EDGE('',*,*,#5494,.F.);
#5943 = ORIENTED_EDGE('',*,*,#5944,.F.);
#5944 = EDGE_CURVE('',#4319,#5486,#5945,.T.);
#5945 = LINE('',#5946,#5947);
#5946 = CARTESIAN_POINT('',(10.,3.341610768711,-12.69145434811));
#5947 = VECTOR('',#5948,1.);
#5948 = DIRECTION('',(-1.,0.,-0.));
#5949 = ORIENTED_EDGE('',*,*,#4318,.T.);
#5950 = CYLINDRICAL_SURFACE('',#5951,5.999999999997);
#5951 = AXIS2_PLACEMENT_3D('',#5952,#5953,#5954);
#5952 = CARTESIAN_POINT('',(10.,-2.542670884501,-13.8641561114));
#5953 = DIRECTION('',(-1.,0.,-0.));
#5954 = DIRECTION('',(0.,0.,1.));
#5955 = ADVANCED_FACE('',(#5956),#5967,.T.);
#5956 = FACE_BOUND('',#5957,.T.);
#5957 = EDGE_LOOP('',(#5958,#5959,#5960,#5966));
#5958 = ORIENTED_EDGE('',*,*,#5089,.T.);
#5959 = ORIENTED_EDGE('',*,*,#4336,.T.);
#5960 = ORIENTED_EDGE('',*,*,#5961,.T.);
#5961 = EDGE_CURVE('',#4328,#5477,#5962,.T.);
#5962 = LINE('',#5963,#5964);
#5963 = CARTESIAN_POINT('',(10.,4.756429795491,-12.2317517797));
#5964 = VECTOR('',#5965,1.);
#5965 = DIRECTION('',(-1.,0.,-0.));
#5966 = ORIENTED_EDGE('',*,*,#5476,.T.);
#5967 = CYLINDRICAL_SURFACE('',#5968,5.999999999997);
#5968 = AXIS2_PLACEMENT_3D('',#5969,#5970,#5971);
#5969 = CARTESIAN_POINT('',(10.,10.20621045443,-9.721793459452));
#5970 = DIRECTION('',(-1.,0.,-0.));
#5971 = DIRECTION('',(0.,0.,1.));
#5972 = ADVANCED_FACE('',(#5973),#5979,.T.);
#5973 = FACE_BOUND('',#5974,.T.);
#5974 = EDGE_LOOP('',(#5975,#5976,#5977,#5978));
#5975 = ORIENTED_EDGE('',*,*,#5485,.F.);
#5976 = ORIENTED_EDGE('',*,*,#5961,.F.);
#5977 = ORIENTED_EDGE('',*,*,#4327,.T.);
#5978 = ORIENTED_EDGE('',*,*,#5944,.T.);
#5979 = CYLINDRICAL_SURFACE('',#5980,13.123999999993);
#5980 = AXIS2_PLACEMENT_3D('',#5981,#5982,#5983);
#5981 = CARTESIAN_POINT('',(10.,0.,0.));
#5982 = DIRECTION('',(-1.,0.,-0.));
#5983 = DIRECTION('',(0.,0.,1.));
#5984 = ADVANCED_FACE('',(#5985),#5996,.T.);
#5985 = FACE_BOUND('',#5986,.T.);
#5986 = EDGE_LOOP('',(#5987,#5988,#5989,#5995));
#5987 = ORIENTED_EDGE('',*,*,#5129,.T.);
#5988 = ORIENTED_EDGE('',*,*,#5442,.F.);
#5989 = ORIENTED_EDGE('',*,*,#5990,.F.);
#5990 = EDGE_CURVE('',#4391,#5434,#5991,.T.);
#5991 = LINE('',#5992,#5993);
#5992 = CARTESIAN_POINT('',(10.,10.163269596438,-8.303452722208));
#5993 = VECTOR('',#5994,1.);
#5994 = DIRECTION('',(-1.,0.,-0.));
#5995 = ORIENTED_EDGE('',*,*,#4390,.T.);
#5996 = CYLINDRICAL_SURFACE('',#5997,5.999999999997);
#5997 = AXIS2_PLACEMENT_3D('',#5998,#5999,#6000);
#5998 = CARTESIAN_POINT('',(10.,6.092082541102,-12.71088235413));
#5999 = DIRECTION('',(-1.,0.,-0.));
#6000 = DIRECTION('',(0.,0.,1.));
#6001 = ADVANCED_FACE('',(#6002),#6013,.T.);
#6002 = FACE_BOUND('',#6003,.T.);
#6003 = EDGE_LOOP('',(#6004,#6005,#6006,#6012));
#6004 = ORIENTED_EDGE('',*,*,#5153,.T.);
#6005 = ORIENTED_EDGE('',*,*,#4408,.T.);
#6006 = ORIENTED_EDGE('',*,*,#6007,.T.);
#6007 = EDGE_CURVE('',#4400,#5425,#6008,.T.);
#6008 = LINE('',#6009,#6010);
#6009 = CARTESIAN_POINT('',(10.,11.037675842918,-7.099935773405));
#6010 = VECTOR('',#6011,1.);
#6011 = DIRECTION('',(-1.,0.,-0.));
#6012 = ORIENTED_EDGE('',*,*,#5424,.T.);
#6013 = CYLINDRICAL_SURFACE('',#6014,5.999999999997);
#6014 = AXIS2_PLACEMENT_3D('',#6015,#6016,#6017);
#6015 = CARTESIAN_POINT('',(10.,13.971324527101,-1.866036137593));
#6016 = DIRECTION('',(-1.,0.,-0.));
#6017 = DIRECTION('',(0.,0.,1.));
#6018 = ADVANCED_FACE('',(#6019),#6025,.T.);
#6019 = FACE_BOUND('',#6020,.T.);
#6020 = EDGE_LOOP('',(#6021,#6022,#6023,#6024));
#6021 = ORIENTED_EDGE('',*,*,#5433,.F.);
#6022 = ORIENTED_EDGE('',*,*,#6007,.F.);
#6023 = ORIENTED_EDGE('',*,*,#4399,.T.);
#6024 = ORIENTED_EDGE('',*,*,#5990,.T.);
#6025 = CYLINDRICAL_SURFACE('',#6026,13.123999999993);
#6026 = AXIS2_PLACEMENT_3D('',#6027,#6028,#6029);
#6027 = CARTESIAN_POINT('',(10.,0.,0.));
#6028 = DIRECTION('',(-1.,0.,-0.));
#6029 = DIRECTION('',(0.,0.,1.));
#6030 = ADVANCED_FACE('',(#6031),#6042,.T.);
#6031 = FACE_BOUND('',#6032,.T.);
#6032 = EDGE_LOOP('',(#6033,#6034,#6035,#6041));
#6033 = ORIENTED_EDGE('',*,*,#5144,.T.);
#6034 = ORIENTED_EDGE('',*,*,#5416,.F.);
#6035 = ORIENTED_EDGE('',*,*,#6036,.F.);
#6036 = EDGE_CURVE('',#4427,#5408,#6037,.T.);
#6037 = LINE('',#6038,#6039);
#6038 = CARTESIAN_POINT('',(10.,12.231751779708,-4.756429795491));
#6039 = VECTOR('',#6040,1.);
#6040 = DIRECTION('',(-1.,0.,-0.));
#6041 = ORIENTED_EDGE('',*,*,#4426,.T.);
#6042 = CYLINDRICAL_SURFACE('',#6043,5.999999999997);
#6043 = AXIS2_PLACEMENT_3D('',#6044,#6045,#6046);
#6044 = CARTESIAN_POINT('',(10.,9.721793459453,-10.20621045443));
#6045 = DIRECTION('',(-1.,0.,-0.));
#6046 = DIRECTION('',(0.,0.,1.));
#6047 = ADVANCED_FACE('',(#6048),#6059,.T.);
#6048 = FACE_BOUND('',#6049,.T.);
#6049 = EDGE_LOOP('',(#6050,#6051,#6052,#6058));
#6050 = ORIENTED_EDGE('',*,*,#5176,.T.);
#6051 = ORIENTED_EDGE('',*,*,#4444,.T.);
#6052 = ORIENTED_EDGE('',*,*,#6053,.T.);
#6053 = EDGE_CURVE('',#4436,#5399,#6054,.T.);
#6054 = LINE('',#6055,#6056);
#6055 = CARTESIAN_POINT('',(10.,12.691454348114,-3.341610768711));
#6056 = VECTOR('',#6057,1.);
#6057 = DIRECTION('',(-1.,0.,-0.));
#6058 = ORIENTED_EDGE('',*,*,#5398,.T.);
#6059 = CYLINDRICAL_SURFACE('',#6060,5.999999999997);
#6060 = AXIS2_PLACEMENT_3D('',#6061,#6062,#6063);
#6061 = CARTESIAN_POINT('',(10.,13.864156111408,2.542670884502));
#6062 = DIRECTION('',(-1.,0.,-0.));
#6063 = DIRECTION('',(0.,0.,1.));
#6064 = ADVANCED_FACE('',(#6065),#6071,.T.);
#6065 = FACE_BOUND('',#6066,.T.);
#6066 = EDGE_LOOP('',(#6067,#6068,#6069,#6070));
#6067 = ORIENTED_EDGE('',*,*,#5407,.F.);
#6068 = ORIENTED_EDGE('',*,*,#6053,.F.);
#6069 = ORIENTED_EDGE('',*,*,#4435,.T.);
#6070 = ORIENTED_EDGE('',*,*,#6036,.T.);
#6071 = CYLINDRICAL_SURFACE('',#6072,13.123999999993);
#6072 = AXIS2_PLACEMENT_3D('',#6073,#6074,#6075);
#6073 = CARTESIAN_POINT('',(10.,0.,0.));
#6074 = DIRECTION('',(-1.,0.,-0.));
#6075 = DIRECTION('',(0.,0.,1.));
#6076 = ADVANCED_FACE('',(#6077),#6088,.T.);
#6077 = FACE_BOUND('',#6078,.T.);
#6078 = EDGE_LOOP('',(#6079,#6080,#6081,#6087));
#6079 = ORIENTED_EDGE('',*,*,#5080,.T.);
#6080 = ORIENTED_EDGE('',*,*,#5468,.F.);
#6081 = ORIENTED_EDGE('',*,*,#6082,.F.);
#6082 = EDGE_CURVE('',#4355,#5460,#6083,.T.);
#6083 = LINE('',#6084,#6085);
#6084 = CARTESIAN_POINT('',(10.,7.099935773406,-11.03767584291));
#6085 = VECTOR('',#6086,1.);
#6086 = DIRECTION('',(-1.,0.,-0.));
#6087 = ORIENTED_EDGE('',*,*,#4354,.T.);
#6088 = CYLINDRICAL_SURFACE('',#6089,5.999999999997);
#6089 = AXIS2_PLACEMENT_3D('',#6090,#6091,#6092);
#6090 = CARTESIAN_POINT('',(10.,1.866036137593,-13.9713245271));
#6091 = DIRECTION('',(-1.,0.,-0.));
#6092 = DIRECTION('',(0.,0.,1.));
#6093 = ADVANCED_FACE('',(#6094),#6105,.T.);
#6094 = FACE_BOUND('',#6095,.T.);
#6095 = EDGE_LOOP('',(#6096,#6097,#6098,#6104));
#6096 = ORIENTED_EDGE('',*,*,#5112,.T.);
#6097 = ORIENTED_EDGE('',*,*,#4372,.T.);
#6098 = ORIENTED_EDGE('',*,*,#6099,.T.);
#6099 = EDGE_CURVE('',#4364,#5451,#6100,.T.);
#6100 = LINE('',#6101,#6102);
#6101 = CARTESIAN_POINT('',(10.,8.303452722208,-10.16326959643));
#6102 = VECTOR('',#6103,1.);
#6103 = DIRECTION('',(-1.,0.,-0.));
#6104 = ORIENTED_EDGE('',*,*,#5450,.T.);
#6105 = CYLINDRICAL_SURFACE('',#6106,5.999999999997);
#6106 = AXIS2_PLACEMENT_3D('',#6107,#6108,#6109);
#6107 = CARTESIAN_POINT('',(10.,12.71088235414,-6.092082541102));
#6108 = DIRECTION('',(-1.,0.,-0.));
#6109 = DIRECTION('',(0.,0.,1.));
#6110 = ADVANCED_FACE('',(#6111),#6117,.T.);
#6111 = FACE_BOUND('',#6112,.T.);
#6112 = EDGE_LOOP('',(#6113,#6114,#6115,#6116));
#6113 = ORIENTED_EDGE('',*,*,#5459,.F.);
#6114 = ORIENTED_EDGE('',*,*,#6099,.F.);
#6115 = ORIENTED_EDGE('',*,*,#4363,.T.);
#6116 = ORIENTED_EDGE('',*,*,#6082,.T.);
#6117 = CYLINDRICAL_SURFACE('',#6118,13.123999999993);
#6118 = AXIS2_PLACEMENT_3D('',#6119,#6120,#6121);
#6119 = CARTESIAN_POINT('',(10.,0.,0.));
#6120 = DIRECTION('',(-1.,0.,-0.));
#6121 = DIRECTION('',(0.,0.,1.));
#6122 = ADVANCED_FACE('',(#6123),#6134,.T.);
#6123 = FACE_BOUND('',#6124,.T.);
#6124 = EDGE_LOOP('',(#6125,#6126,#6127,#6133));
#6125 = ORIENTED_EDGE('',*,*,#5065,.T.);
#6126 = ORIENTED_EDGE('',*,*,#5598,.F.);
#6127 = ORIENTED_EDGE('',*,*,#6128,.F.);
#6128 = EDGE_CURVE('',#4175,#5590,#6129,.T.);
#6129 = LINE('',#6130,#6131);
#6130 = CARTESIAN_POINT('',(10.,-11.03767584291,-7.099935773406));
#6131 = VECTOR('',#6132,1.);
#6132 = DIRECTION('',(-1.,-0.,0.));
#6133 = ORIENTED_EDGE('',*,*,#4174,.T.);
#6134 = CYLINDRICAL_SURFACE('',#6135,5.999999999997);
#6135 = AXIS2_PLACEMENT_3D('',#6136,#6137,#6138);
#6136 = CARTESIAN_POINT('',(10.,-13.9713245271,-1.866036137593));
#6137 = DIRECTION('',(-1.,-0.,0.));
#6138 = DIRECTION('',(0.,0.,1.));
#6139 = ADVANCED_FACE('',(#6140),#6151,.T.);
#6140 = FACE_BOUND('',#6141,.T.);
#6141 = EDGE_LOOP('',(#6142,#6143,#6144,#6150));
#6142 = ORIENTED_EDGE('',*,*,#4961,.T.);
#6143 = ORIENTED_EDGE('',*,*,#4192,.T.);
#6144 = ORIENTED_EDGE('',*,*,#6145,.T.);
#6145 = EDGE_CURVE('',#4184,#5581,#6146,.T.);
#6146 = LINE('',#6147,#6148);
#6147 = CARTESIAN_POINT('',(10.,-10.16326959643,-8.303452722208));
#6148 = VECTOR('',#6149,1.);
#6149 = DIRECTION('',(-1.,-0.,0.));
#6150 = ORIENTED_EDGE('',*,*,#5580,.T.);
#6151 = CYLINDRICAL_SURFACE('',#6152,5.999999999997);
#6152 = AXIS2_PLACEMENT_3D('',#6153,#6154,#6155);
#6153 = CARTESIAN_POINT('',(10.,-6.092082541102,-12.71088235414));
#6154 = DIRECTION('',(-1.,-0.,0.));
#6155 = DIRECTION('',(0.,0.,1.));
#6156 = ADVANCED_FACE('',(#6157),#6163,.T.);
#6157 = FACE_BOUND('',#6158,.T.);
#6158 = EDGE_LOOP('',(#6159,#6160,#6161,#6162));
#6159 = ORIENTED_EDGE('',*,*,#5589,.F.);
#6160 = ORIENTED_EDGE('',*,*,#6145,.F.);
#6161 = ORIENTED_EDGE('',*,*,#4183,.T.);
#6162 = ORIENTED_EDGE('',*,*,#6128,.T.);
#6163 = CYLINDRICAL_SURFACE('',#6164,13.123999999993);
#6164 = AXIS2_PLACEMENT_3D('',#6165,#6166,#6167);
#6165 = CARTESIAN_POINT('',(10.,0.,0.));
#6166 = DIRECTION('',(-1.,-0.,0.));
#6167 = DIRECTION('',(0.,0.,1.));
#6168 = ADVANCED_FACE('',(#6169),#6180,.T.);
#6169 = FACE_BOUND('',#6170,.T.);
#6170 = EDGE_LOOP('',(#6171,#6172,#6173,#6179));
#6171 = ORIENTED_EDGE('',*,*,#4905,.T.);
#6172 = ORIENTED_EDGE('',*,*,#5624,.F.);
#6173 = ORIENTED_EDGE('',*,*,#6174,.F.);
#6174 = EDGE_CURVE('',#4139,#5616,#6175,.T.);
#6175 = LINE('',#6176,#6177);
#6176 = CARTESIAN_POINT('',(10.,-12.69145434811,-3.341610768711));
#6177 = VECTOR('',#6178,1.);
#6178 = DIRECTION('',(-1.,-0.,0.));
#6179 = ORIENTED_EDGE('',*,*,#4138,.T.);
#6180 = CYLINDRICAL_SURFACE('',#6181,5.999999999997);
#6181 = AXIS2_PLACEMENT_3D('',#6182,#6183,#6184);
#6182 = CARTESIAN_POINT('',(10.,-13.8641561114,2.542670884501));
#6183 = DIRECTION('',(-1.,-0.,0.));
#6184 = DIRECTION('',(0.,0.,1.));
#6185 = ADVANCED_FACE('',(#6186),#6197,.T.);
#6186 = FACE_BOUND('',#6187,.T.);
#6187 = EDGE_LOOP('',(#6188,#6189,#6190,#6196));
#6188 = ORIENTED_EDGE('',*,*,#5048,.T.);
#6189 = ORIENTED_EDGE('',*,*,#4156,.T.);
#6190 = ORIENTED_EDGE('',*,*,#6191,.T.);
#6191 = EDGE_CURVE('',#4148,#5607,#6192,.T.);
#6192 = LINE('',#6193,#6194);
#6193 = CARTESIAN_POINT('',(10.,-12.2317517797,-4.756429795491));
#6194 = VECTOR('',#6195,1.);
#6195 = DIRECTION('',(-1.,-0.,0.));
#6196 = ORIENTED_EDGE('',*,*,#5606,.T.);
#6197 = CYLINDRICAL_SURFACE('',#6198,5.999999999997);
#6198 = AXIS2_PLACEMENT_3D('',#6199,#6200,#6201);
#6199 = CARTESIAN_POINT('',(10.,-9.721793459453,-10.20621045443));
#6200 = DIRECTION('',(-1.,-0.,0.));
#6201 = DIRECTION('',(0.,0.,1.));
#6202 = ADVANCED_FACE('',(#6203),#6209,.T.);
#6203 = FACE_BOUND('',#6204,.T.);
#6204 = EDGE_LOOP('',(#6205,#6206,#6207,#6208));
#6205 = ORIENTED_EDGE('',*,*,#5615,.F.);
#6206 = ORIENTED_EDGE('',*,*,#6191,.F.);
#6207 = ORIENTED_EDGE('',*,*,#4147,.T.);
#6208 = ORIENTED_EDGE('',*,*,#6174,.T.);
#6209 = CYLINDRICAL_SURFACE('',#6210,13.123999999993);
#6210 = AXIS2_PLACEMENT_3D('',#6211,#6212,#6213);
#6211 = CARTESIAN_POINT('',(10.,0.,0.));
#6212 = DIRECTION('',(-1.,-0.,0.));
#6213 = DIRECTION('',(0.,0.,1.));
#6214 = ADVANCED_FACE('',(#6215),#6226,.T.);
#6215 = FACE_BOUND('',#6216,.T.);
#6216 = EDGE_LOOP('',(#6217,#6218,#6219,#6225));
#6217 = ORIENTED_EDGE('',*,*,#5001,.T.);
#6218 = ORIENTED_EDGE('',*,*,#5546,.F.);
#6219 = ORIENTED_EDGE('',*,*,#6220,.F.);
#6220 = EDGE_CURVE('',#4247,#5538,#6221,.T.);
#6221 = LINE('',#6222,#6223);
#6222 = CARTESIAN_POINT('',(10.,-4.756429795491,-12.2317517797));
#6223 = VECTOR('',#6224,1.);
#6224 = DIRECTION('',(-1.,-0.,0.));
#6225 = ORIENTED_EDGE('',*,*,#4246,.T.);
#6226 = CYLINDRICAL_SURFACE('',#6227,5.999999999997);
#6227 = AXIS2_PLACEMENT_3D('',#6228,#6229,#6230);
#6228 = CARTESIAN_POINT('',(10.,-10.20621045443,-9.721793459453));
#6229 = DIRECTION('',(-1.,-0.,0.));
#6230 = DIRECTION('',(0.,0.,1.));
#6231 = ADVANCED_FACE('',(#6232),#6243,.T.);
#6232 = FACE_BOUND('',#6233,.T.);
#6233 = EDGE_LOOP('',(#6234,#6235,#6236,#6242));
#6234 = ORIENTED_EDGE('',*,*,#5016,.T.);
#6235 = ORIENTED_EDGE('',*,*,#4264,.T.);
#6236 = ORIENTED_EDGE('',*,*,#6237,.T.);
#6237 = EDGE_CURVE('',#4256,#5529,#6238,.T.);
#6238 = LINE('',#6239,#6240);
#6239 = CARTESIAN_POINT('',(10.,-3.341610768711,-12.69145434811));
#6240 = VECTOR('',#6241,1.);
#6241 = DIRECTION('',(-1.,-0.,0.));
#6242 = ORIENTED_EDGE('',*,*,#5528,.T.);
#6243 = CYLINDRICAL_SURFACE('',#6244,5.999999999997);
#6244 = AXIS2_PLACEMENT_3D('',#6245,#6246,#6247);
#6245 = CARTESIAN_POINT('',(10.,2.542670884502,-13.8641561114));
#6246 = DIRECTION('',(-1.,-0.,0.));
#6247 = DIRECTION('',(0.,0.,1.));
#6248 = ADVANCED_FACE('',(#6249),#6255,.T.);
#6249 = FACE_BOUND('',#6250,.T.);
#6250 = EDGE_LOOP('',(#6251,#6252,#6253,#6254));
#6251 = ORIENTED_EDGE('',*,*,#5537,.F.);
#6252 = ORIENTED_EDGE('',*,*,#6237,.F.);
#6253 = ORIENTED_EDGE('',*,*,#4255,.T.);
#6254 = ORIENTED_EDGE('',*,*,#6220,.T.);
#6255 = CYLINDRICAL_SURFACE('',#6256,13.123999999993);
#6256 = AXIS2_PLACEMENT_3D('',#6257,#6258,#6259);
#6257 = CARTESIAN_POINT('',(10.,0.,0.));
#6258 = DIRECTION('',(-1.,-0.,0.));
#6259 = DIRECTION('',(0.,0.,1.));
#6260 = ADVANCED_FACE('',(#6261),#6272,.T.);
#6261 = FACE_BOUND('',#6262,.T.);
#6262 = EDGE_LOOP('',(#6263,#6264,#6265,#6271));
#6263 = ORIENTED_EDGE('',*,*,#4952,.T.);
#6264 = ORIENTED_EDGE('',*,*,#5572,.F.);
#6265 = ORIENTED_EDGE('',*,*,#6266,.F.);
#6266 = EDGE_CURVE('',#4211,#5564,#6267,.T.);
#6267 = LINE('',#6268,#6269);
#6268 = CARTESIAN_POINT('',(10.,-8.303452722208,-10.16326959643));
#6269 = VECTOR('',#6270,1.);
#6270 = DIRECTION('',(-1.,-0.,0.));
#6271 = ORIENTED_EDGE('',*,*,#4210,.T.);
#6272 = CYLINDRICAL_SURFACE('',#6273,5.999999999997);
#6273 = AXIS2_PLACEMENT_3D('',#6274,#6275,#6276);
#6274 = CARTESIAN_POINT('',(10.,-12.71088235413,-6.092082541102));
#6275 = DIRECTION('',(-1.,-0.,0.));
#6276 = DIRECTION('',(0.,0.,1.));
#6277 = ADVANCED_FACE('',(#6278),#6289,.T.);
#6278 = FACE_BOUND('',#6279,.T.);
#6279 = EDGE_LOOP('',(#6280,#6281,#6282,#6288));
#6280 = ORIENTED_EDGE('',*,*,#4984,.T.);
#6281 = ORIENTED_EDGE('',*,*,#4228,.T.);
#6282 = ORIENTED_EDGE('',*,*,#6283,.T.);
#6283 = EDGE_CURVE('',#4220,#5555,#6284,.T.);
#6284 = LINE('',#6285,#6286);
#6285 = CARTESIAN_POINT('',(10.,-7.099935773405,-11.03767584291));
#6286 = VECTOR('',#6287,1.);
#6287 = DIRECTION('',(-1.,-0.,0.));
#6288 = ORIENTED_EDGE('',*,*,#5554,.T.);
#6289 = CYLINDRICAL_SURFACE('',#6290,5.999999999997);
#6290 = AXIS2_PLACEMENT_3D('',#6291,#6292,#6293);
#6291 = CARTESIAN_POINT('',(10.,-1.866036137593,-13.9713245271));
#6292 = DIRECTION('',(-1.,-0.,0.));
#6293 = DIRECTION('',(0.,0.,1.));
#6294 = ADVANCED_FACE('',(#6295),#6301,.T.);
#6295 = FACE_BOUND('',#6296,.T.);
#6296 = EDGE_LOOP('',(#6297,#6298,#6299,#6300));
#6297 = ORIENTED_EDGE('',*,*,#5563,.F.);
#6298 = ORIENTED_EDGE('',*,*,#6283,.F.);
#6299 = ORIENTED_EDGE('',*,*,#4219,.T.);
#6300 = ORIENTED_EDGE('',*,*,#6266,.T.);
#6301 = CYLINDRICAL_SURFACE('',#6302,13.123999999993);
#6302 = AXIS2_PLACEMENT_3D('',#6303,#6304,#6305);
#6303 = CARTESIAN_POINT('',(10.,0.,0.));
#6304 = DIRECTION('',(-1.,-0.,0.));
#6305 = DIRECTION('',(0.,0.,1.));
#6306 = ADVANCED_FACE('',(#6307),#6318,.T.);
#6307 = FACE_BOUND('',#6308,.T.);
#6308 = EDGE_LOOP('',(#6309,#6310,#6311,#6317));
#6309 = ORIENTED_EDGE('',*,*,#4937,.T.);
#6310 = ORIENTED_EDGE('',*,*,#5730,.F.);
#6311 = ORIENTED_EDGE('',*,*,#6312,.F.);
#6312 = EDGE_CURVE('',#3997,#5722,#6313,.T.);
#6313 = LINE('',#6314,#6315);
#6314 = CARTESIAN_POINT('',(10.,-7.099935773406,11.037675842918));
#6315 = VECTOR('',#6316,1.);
#6316 = DIRECTION('',(-1.,0.,0.));
#6317 = ORIENTED_EDGE('',*,*,#3996,.T.);
#6318 = CYLINDRICAL_SURFACE('',#6319,5.999999999997);
#6319 = AXIS2_PLACEMENT_3D('',#6320,#6321,#6322);
#6320 = CARTESIAN_POINT('',(10.,-1.866036137593,13.971324527101));
#6321 = DIRECTION('',(-1.,0.,0.));
#6322 = DIRECTION('',(0.,0.,1.));
#6323 = ADVANCED_FACE('',(#6324),#6335,.T.);
#6324 = FACE_BOUND('',#6325,.T.);
#6325 = EDGE_LOOP('',(#6326,#6327,#6328,#6334));
#6326 = ORIENTED_EDGE('',*,*,#4815,.T.);
#6327 = ORIENTED_EDGE('',*,*,#4014,.T.);
#6328 = ORIENTED_EDGE('',*,*,#6329,.T.);
#6329 = EDGE_CURVE('',#4006,#5713,#6330,.T.);
#6330 = LINE('',#6331,#6332);
#6331 = CARTESIAN_POINT('',(10.,-8.303452722208,10.163269596438));
#6332 = VECTOR('',#6333,1.);
#6333 = DIRECTION('',(-1.,0.,0.));
#6334 = ORIENTED_EDGE('',*,*,#5712,.T.);
#6335 = CYLINDRICAL_SURFACE('',#6336,5.999999999997);
#6336 = AXIS2_PLACEMENT_3D('',#6337,#6338,#6339);
#6337 = CARTESIAN_POINT('',(10.,-12.71088235414,6.092082541102));
#6338 = DIRECTION('',(-1.,0.,0.));
#6339 = DIRECTION('',(0.,0.,1.));
#6340 = ADVANCED_FACE('',(#6341),#6347,.T.);
#6341 = FACE_BOUND('',#6342,.T.);
#6342 = EDGE_LOOP('',(#6343,#6344,#6345,#6346));
#6343 = ORIENTED_EDGE('',*,*,#5721,.F.);
#6344 = ORIENTED_EDGE('',*,*,#6329,.F.);
#6345 = ORIENTED_EDGE('',*,*,#4005,.T.);
#6346 = ORIENTED_EDGE('',*,*,#6312,.T.);
#6347 = CYLINDRICAL_SURFACE('',#6348,13.123999999993);
#6348 = AXIS2_PLACEMENT_3D('',#6349,#6350,#6351);
#6349 = CARTESIAN_POINT('',(10.,0.,0.));
#6350 = DIRECTION('',(-1.,0.,0.));
#6351 = DIRECTION('',(0.,0.,1.));
#6352 = ADVANCED_FACE('',(#6353),#6364,.T.);
#6353 = FACE_BOUND('',#6354,.T.);
#6354 = EDGE_LOOP('',(#6355,#6356,#6357,#6363));
#6355 = ORIENTED_EDGE('',*,*,#4695,.T.);
#6356 = ORIENTED_EDGE('',*,*,#5756,.F.);
#6357 = ORIENTED_EDGE('',*,*,#6358,.F.);
#6358 = EDGE_CURVE('',#3961,#5748,#6359,.T.);
#6359 = LINE('',#6360,#6361);
#6360 = CARTESIAN_POINT('',(10.,-3.341610768711,12.691454348114));
#6361 = VECTOR('',#6362,1.);
#6362 = DIRECTION('',(-1.,0.,0.));
#6363 = ORIENTED_EDGE('',*,*,#3960,.T.);
#6364 = CYLINDRICAL_SURFACE('',#6365,5.999999999997);
#6365 = AXIS2_PLACEMENT_3D('',#6366,#6367,#6368);
#6366 = CARTESIAN_POINT('',(10.,2.542670884501,13.864156111408));
#6367 = DIRECTION('',(-1.,0.,0.));
#6368 = DIRECTION('',(0.,0.,1.));
#6369 = ADVANCED_FACE('',(#6370),#6381,.T.);
#6370 = FACE_BOUND('',#6371,.T.);
#6371 = EDGE_LOOP('',(#6372,#6373,#6374,#6380));
#6372 = ORIENTED_EDGE('',*,*,#4920,.T.);
#6373 = ORIENTED_EDGE('',*,*,#3978,.T.);
#6374 = ORIENTED_EDGE('',*,*,#6375,.T.);
#6375 = EDGE_CURVE('',#3970,#5739,#6376,.T.);
#6376 = LINE('',#6377,#6378);
#6377 = CARTESIAN_POINT('',(10.,-4.756429795491,12.231751779708));
#6378 = VECTOR('',#6379,1.);
#6379 = DIRECTION('',(-1.,0.,0.));
#6380 = ORIENTED_EDGE('',*,*,#5738,.T.);
#6381 = CYLINDRICAL_SURFACE('',#6382,5.999999999997);
#6382 = AXIS2_PLACEMENT_3D('',#6383,#6384,#6385);
#6383 = CARTESIAN_POINT('',(10.,-10.20621045443,9.721793459453));
#6384 = DIRECTION('',(-1.,0.,0.));
#6385 = DIRECTION('',(0.,0.,1.));
#6386 = ADVANCED_FACE('',(#6387),#6393,.T.);
#6387 = FACE_BOUND('',#6388,.T.);
#6388 = EDGE_LOOP('',(#6389,#6390,#6391,#6392));
#6389 = ORIENTED_EDGE('',*,*,#5747,.F.);
#6390 = ORIENTED_EDGE('',*,*,#6375,.F.);
#6391 = ORIENTED_EDGE('',*,*,#3969,.T.);
#6392 = ORIENTED_EDGE('',*,*,#6358,.T.);
#6393 = CYLINDRICAL_SURFACE('',#6394,13.123999999993);
#6394 = AXIS2_PLACEMENT_3D('',#6395,#6396,#6397);
#6395 = CARTESIAN_POINT('',(10.,0.,0.));
#6396 = DIRECTION('',(-1.,0.,0.));
#6397 = DIRECTION('',(0.,0.,1.));
#6398 = ADVANCED_FACE('',(#6399),#6410,.T.);
#6399 = FACE_BOUND('',#6400,.T.);
#6400 = EDGE_LOOP('',(#6401,#6402,#6403,#6409));
#6401 = ORIENTED_EDGE('',*,*,#4873,.T.);
#6402 = ORIENTED_EDGE('',*,*,#5650,.F.);
#6403 = ORIENTED_EDGE('',*,*,#6404,.F.);
#6404 = EDGE_CURVE('',#4103,#5642,#6405,.T.);
#6405 = LINE('',#6406,#6407);
#6406 = CARTESIAN_POINT('',(10.,-13.10290487515,0.743814380396));
#6407 = VECTOR('',#6408,1.);
#6408 = DIRECTION('',(-1.,-0.,0.));
#6409 = ORIENTED_EDGE('',*,*,#4102,.T.);
#6410 = CYLINDRICAL_SURFACE('',#6411,5.999999999997);
#6411 = AXIS2_PLACEMENT_3D('',#6412,#6413,#6414);
#6412 = CARTESIAN_POINT('',(10.,-12.39986749827,6.702483564591));
#6413 = DIRECTION('',(-1.,-0.,0.));
#6414 = DIRECTION('',(0.,0.,1.));
#6415 = ADVANCED_FACE('',(#6416),#6427,.T.);
#6416 = FACE_BOUND('',#6417,.T.);
#6417 = EDGE_LOOP('',(#6418,#6419,#6420,#6426));
#6418 = ORIENTED_EDGE('',*,*,#4888,.T.);
#6419 = ORIENTED_EDGE('',*,*,#4120,.T.);
#6420 = ORIENTED_EDGE('',*,*,#6421,.T.);
#6421 = EDGE_CURVE('',#4112,#5633,#6422,.T.);
#6422 = LINE('',#6423,#6424);
#6423 = CARTESIAN_POINT('',(10.,-13.10290487515,-0.743814380397));
#6424 = VECTOR('',#6425,1.);
#6425 = DIRECTION('',(-1.,-0.,0.));
#6426 = ORIENTED_EDGE('',*,*,#5632,.T.);
#6427 = CYLINDRICAL_SURFACE('',#6428,5.999999999997);
#6428 = AXIS2_PLACEMENT_3D('',#6429,#6430,#6431);
#6429 = CARTESIAN_POINT('',(10.,-12.39986749827,-6.702483564591));
#6430 = DIRECTION('',(-1.,-0.,0.));
#6431 = DIRECTION('',(0.,0.,1.));
#6432 = ADVANCED_FACE('',(#6433),#6439,.T.);
#6433 = FACE_BOUND('',#6434,.T.);
#6434 = EDGE_LOOP('',(#6435,#6436,#6437,#6438));
#6435 = ORIENTED_EDGE('',*,*,#5641,.F.);
#6436 = ORIENTED_EDGE('',*,*,#6421,.F.);
#6437 = ORIENTED_EDGE('',*,*,#4111,.T.);
#6438 = ORIENTED_EDGE('',*,*,#6404,.T.);
#6439 = CYLINDRICAL_SURFACE('',#6440,13.123999999993);
#6440 = AXIS2_PLACEMENT_3D('',#6441,#6442,#6443);
#6441 = CARTESIAN_POINT('',(10.,0.,0.));
#6442 = DIRECTION('',(-1.,-0.,0.));
#6443 = DIRECTION('',(0.,0.,1.));
#6444 = ADVANCED_FACE('',(#6445),#6456,.T.);
#6445 = FACE_BOUND('',#6446,.T.);
#6446 = EDGE_LOOP('',(#6447,#6448,#6449,#6455));
#6447 = ORIENTED_EDGE('',*,*,#4848,.T.);
#6448 = ORIENTED_EDGE('',*,*,#5677,.F.);
#6449 = ORIENTED_EDGE('',*,*,#6450,.F.);
#6450 = EDGE_CURVE('',#4068,#5669,#6451,.T.);
#6451 = LINE('',#6452,#6453);
#6452 = CARTESIAN_POINT('',(10.,-12.2317517797,4.756429795491));
#6453 = VECTOR('',#6454,1.);
#6454 = DIRECTION('',(-1.,0.,0.));
#6455 = ORIENTED_EDGE('',*,*,#4067,.T.);
#6456 = CYLINDRICAL_SURFACE('',#6457,5.999999999997);
#6457 = AXIS2_PLACEMENT_3D('',#6458,#6459,#6460);
#6458 = CARTESIAN_POINT('',(10.,-9.721793459453,10.20621045443));
#6459 = DIRECTION('',(-1.,0.,0.));
#6460 = DIRECTION('',(0.,0.,1.));
#6461 = ADVANCED_FACE('',(#6462),#6473,.T.);
#6462 = FACE_BOUND('',#6463,.T.);
#6463 = EDGE_LOOP('',(#6464,#6465,#6466,#6472));
#6464 = ORIENTED_EDGE('',*,*,#3840,.F.);
#6465 = ORIENTED_EDGE('',*,*,#4085,.T.);
#6466 = ORIENTED_EDGE('',*,*,#6467,.T.);
#6467 = EDGE_CURVE('',#4077,#5660,#6468,.T.);
#6468 = LINE('',#6469,#6470);
#6469 = CARTESIAN_POINT('',(10.,-12.69145434811,3.341610768711));
#6470 = VECTOR('',#6471,1.);
#6471 = DIRECTION('',(-1.,0.,0.));
#6472 = ORIENTED_EDGE('',*,*,#5659,.T.);
#6473 = CYLINDRICAL_SURFACE('',#6474,5.999999999997);
#6474 = AXIS2_PLACEMENT_3D('',#6475,#6476,#6477);
#6475 = CARTESIAN_POINT('',(10.,-13.8641561114,-2.542670884502));
#6476 = DIRECTION('',(-1.,0.,0.));
#6477 = DIRECTION('',(0.,0.,1.));
#6478 = ADVANCED_FACE('',(#6479),#6485,.T.);
#6479 = FACE_BOUND('',#6480,.T.);
#6480 = EDGE_LOOP('',(#6481,#6482,#6483,#6484));
#6481 = ORIENTED_EDGE('',*,*,#5668,.F.);
#6482 = ORIENTED_EDGE('',*,*,#6467,.F.);
#6483 = ORIENTED_EDGE('',*,*,#4076,.T.);
#6484 = ORIENTED_EDGE('',*,*,#6450,.T.);
#6485 = CYLINDRICAL_SURFACE('',#6486,13.123999999993);
#6486 = AXIS2_PLACEMENT_3D('',#6487,#6488,#6489);
#6487 = CARTESIAN_POINT('',(10.,0.,0.));
#6488 = DIRECTION('',(-1.,0.,0.));
#6489 = DIRECTION('',(0.,0.,1.));
#6490 = ADVANCED_FACE('',(#6491),#6502,.T.);
#6491 = FACE_BOUND('',#6492,.T.);
#6492 = EDGE_LOOP('',(#6493,#6494,#6495,#6501));
#6493 = ORIENTED_EDGE('',*,*,#4806,.T.);
#6494 = ORIENTED_EDGE('',*,*,#5704,.F.);
#6495 = ORIENTED_EDGE('',*,*,#6496,.F.);
#6496 = EDGE_CURVE('',#4033,#5696,#6497,.T.);
#6497 = LINE('',#6498,#6499);
#6498 = CARTESIAN_POINT('',(10.,-10.16326959643,8.303452722208));
#6499 = VECTOR('',#6500,1.);
#6500 = DIRECTION('',(-1.,0.,0.));
#6501 = ORIENTED_EDGE('',*,*,#4032,.T.);
#6502 = CYLINDRICAL_SURFACE('',#6503,5.999999999997);
#6503 = AXIS2_PLACEMENT_3D('',#6504,#6505,#6506);
#6504 = CARTESIAN_POINT('',(10.,-6.092082541102,12.710882354139));
#6505 = DIRECTION('',(-1.,0.,0.));
#6506 = DIRECTION('',(0.,0.,1.));
#6507 = ADVANCED_FACE('',(#6508),#6519,.T.);
#6508 = FACE_BOUND('',#6509,.T.);
#6509 = EDGE_LOOP('',(#6510,#6511,#6512,#6518));
#6510 = ORIENTED_EDGE('',*,*,#3798,.F.);
#6511 = ORIENTED_EDGE('',*,*,#4050,.T.);
#6512 = ORIENTED_EDGE('',*,*,#6513,.T.);
#6513 = EDGE_CURVE('',#4042,#5687,#6514,.T.);
#6514 = LINE('',#6515,#6516);
#6515 = CARTESIAN_POINT('',(10.,-11.03767584291,7.099935773406));
#6516 = VECTOR('',#6517,1.);
#6517 = DIRECTION('',(-1.,0.,0.));
#6518 = ORIENTED_EDGE('',*,*,#5686,.T.);
#6519 = CYLINDRICAL_SURFACE('',#6520,5.999999999997);
#6520 = AXIS2_PLACEMENT_3D('',#6521,#6522,#6523);
#6521 = CARTESIAN_POINT('',(10.,-13.9713245271,1.866036137593));
#6522 = DIRECTION('',(-1.,0.,0.));
#6523 = DIRECTION('',(0.,0.,1.));
#6524 = ADVANCED_FACE('',(#6525),#6531,.T.);
#6525 = FACE_BOUND('',#6526,.T.);
#6526 = EDGE_LOOP('',(#6527,#6528,#6529,#6530));
#6527 = ORIENTED_EDGE('',*,*,#5695,.F.);
#6528 = ORIENTED_EDGE('',*,*,#6513,.F.);
#6529 = ORIENTED_EDGE('',*,*,#4041,.T.);
#6530 = ORIENTED_EDGE('',*,*,#6496,.T.);
#6531 = CYLINDRICAL_SURFACE('',#6532,13.123999999993);
#6532 = AXIS2_PLACEMENT_3D('',#6533,#6534,#6535);
#6533 = CARTESIAN_POINT('',(10.,0.,0.));
#6534 = DIRECTION('',(-1.,0.,0.));
#6535 = DIRECTION('',(0.,0.,1.));
#6536 = ADVANCED_FACE('',(#6537),#6548,.T.);
#6537 = FACE_BOUND('',#6538,.T.);
#6538 = EDGE_LOOP('',(#6539,#6540,#6541,#6547));
#6539 = ORIENTED_EDGE('',*,*,#4791,.T.);
#6540 = ORIENTED_EDGE('',*,*,#5304,.F.);
#6541 = ORIENTED_EDGE('',*,*,#6542,.F.);
#6542 = EDGE_CURVE('',#4569,#5296,#6543,.T.);
#6543 = LINE('',#6544,#6545);
#6544 = CARTESIAN_POINT('',(10.,8.303452722208,10.163269596438));
#6545 = VECTOR('',#6546,1.);
#6546 = DIRECTION('',(-1.,0.,0.));
#6547 = ORIENTED_EDGE('',*,*,#4568,.T.);
#6548 = CYLINDRICAL_SURFACE('',#6549,5.999999999997);
#6549 = AXIS2_PLACEMENT_3D('',#6550,#6551,#6552);
#6550 = CARTESIAN_POINT('',(10.,12.71088235414,6.092082541102));
#6551 = DIRECTION('',(-1.,0.,0.));
#6552 = DIRECTION('',(0.,0.,1.));
#6553 = ADVANCED_FACE('',(#6554),#6565,.T.);
#6554 = FACE_BOUND('',#6555,.T.);
#6555 = EDGE_LOOP('',(#6556,#6557,#6558,#6564));
#6556 = ORIENTED_EDGE('',*,*,#4719,.T.);
#6557 = ORIENTED_EDGE('',*,*,#4586,.T.);
#6558 = ORIENTED_EDGE('',*,*,#6559,.T.);
#6559 = EDGE_CURVE('',#4578,#5287,#6560,.T.);
#6560 = LINE('',#6561,#6562);
#6561 = CARTESIAN_POINT('',(10.,7.099935773406,11.037675842918));
#6562 = VECTOR('',#6563,1.);
#6563 = DIRECTION('',(-1.,0.,0.));
#6564 = ORIENTED_EDGE('',*,*,#5286,.T.);
#6565 = CYLINDRICAL_SURFACE('',#6566,5.999999999997);
#6566 = AXIS2_PLACEMENT_3D('',#6567,#6568,#6569);
#6567 = CARTESIAN_POINT('',(10.,1.866036137593,13.971324527101));
#6568 = DIRECTION('',(-1.,0.,0.));
#6569 = DIRECTION('',(0.,0.,1.));
#6570 = ADVANCED_FACE('',(#6571),#6577,.T.);
#6571 = FACE_BOUND('',#6572,.T.);
#6572 = EDGE_LOOP('',(#6573,#6574,#6575,#6576));
#6573 = ORIENTED_EDGE('',*,*,#5295,.F.);
#6574 = ORIENTED_EDGE('',*,*,#6559,.F.);
#6575 = ORIENTED_EDGE('',*,*,#4577,.T.);
#6576 = ORIENTED_EDGE('',*,*,#6542,.T.);
#6577 = CYLINDRICAL_SURFACE('',#6578,13.123999999993);
#6578 = AXIS2_PLACEMENT_3D('',#6579,#6580,#6581);
#6579 = CARTESIAN_POINT('',(10.,0.,0.));
#6580 = DIRECTION('',(-1.,0.,0.));
#6581 = DIRECTION('',(0.,0.,1.));
#6582 = ADVANCED_FACE('',(#6583),#6589,.T.);
#6583 = FACE_BOUND('',#6584,.T.);
#6584 = EDGE_LOOP('',(#6585,#6586,#6587,#6588));
#6585 = ORIENTED_EDGE('',*,*,#3756,.F.);
#6586 = ORIENTED_EDGE('',*,*,#4533,.T.);
#6587 = ORIENTED_EDGE('',*,*,#4742,.T.);
#6588 = ORIENTED_EDGE('',*,*,#5329,.F.);
#6589 = CYLINDRICAL_SURFACE('',#6590,5.999999999997);
#6590 = AXIS2_PLACEMENT_3D('',#6591,#6592,#6593);
#6591 = CARTESIAN_POINT('',(10.,13.971324527101,1.866036137593));
#6592 = DIRECTION('',(-1.,0.,0.));
#6593 = DIRECTION('',(0.,0.,1.));
#6594 = ADVANCED_FACE('',(#6595),#6606,.T.);
#6595 = FACE_BOUND('',#6596,.T.);
#6596 = EDGE_LOOP('',(#6597,#6598,#6599,#6605));
#6597 = ORIENTED_EDGE('',*,*,#4774,.T.);
#6598 = ORIENTED_EDGE('',*,*,#4550,.T.);
#6599 = ORIENTED_EDGE('',*,*,#6600,.T.);
#6600 = EDGE_CURVE('',#4542,#5313,#6601,.T.);
#6601 = LINE('',#6602,#6603);
#6602 = CARTESIAN_POINT('',(10.,10.163269596438,8.303452722208));
#6603 = VECTOR('',#6604,1.);
#6604 = DIRECTION('',(-1.,0.,0.));
#6605 = ORIENTED_EDGE('',*,*,#5312,.T.);
#6606 = CYLINDRICAL_SURFACE('',#6607,5.999999999997);
#6607 = AXIS2_PLACEMENT_3D('',#6608,#6609,#6610);
#6608 = CARTESIAN_POINT('',(10.,6.092082541102,12.71088235414));
#6609 = DIRECTION('',(-1.,0.,0.));
#6610 = DIRECTION('',(0.,0.,1.));
#6611 = ADVANCED_FACE('',(#6612),#6618,.T.);
#6612 = FACE_BOUND('',#6613,.T.);
#6613 = EDGE_LOOP('',(#6614,#6615,#6616,#6617));
#6614 = ORIENTED_EDGE('',*,*,#5321,.F.);
#6615 = ORIENTED_EDGE('',*,*,#6600,.F.);
#6616 = ORIENTED_EDGE('',*,*,#4541,.T.);
#6617 = ORIENTED_EDGE('',*,*,#3773,.T.);
#6618 = CYLINDRICAL_SURFACE('',#6619,13.123999999993);
#6619 = AXIS2_PLACEMENT_3D('',#6620,#6621,#6622);
#6620 = CARTESIAN_POINT('',(10.,0.,0.));
#6621 = DIRECTION('',(-1.,0.,0.));
#6622 = DIRECTION('',(0.,0.,1.));
#6623 = ADVANCED_FACE('',(#6624),#6635,.T.);
#6624 = FACE_BOUND('',#6625,.T.);
#6625 = EDGE_LOOP('',(#6626,#6627,#6628,#6634));
#6626 = ORIENTED_EDGE('',*,*,#4710,.T.);
#6627 = ORIENTED_EDGE('',*,*,#5278,.F.);
#6628 = ORIENTED_EDGE('',*,*,#6629,.F.);
#6629 = EDGE_CURVE('',#4605,#5270,#6630,.T.);
#6630 = LINE('',#6631,#6632);
#6631 = CARTESIAN_POINT('',(10.,4.756429795491,12.231751779708));
#6632 = VECTOR('',#6633,1.);
#6633 = DIRECTION('',(-1.,0.,0.));
#6634 = ORIENTED_EDGE('',*,*,#4604,.T.);
#6635 = CYLINDRICAL_SURFACE('',#6636,5.999999999997);
#6636 = AXIS2_PLACEMENT_3D('',#6637,#6638,#6639);
#6637 = CARTESIAN_POINT('',(10.,10.20621045443,9.721793459453));
#6638 = DIRECTION('',(-1.,0.,0.));
#6639 = DIRECTION('',(0.,0.,1.));
#6640 = ADVANCED_FACE('',(#6641),#6652,.T.);
#6641 = FACE_BOUND('',#6642,.T.);
#6642 = EDGE_LOOP('',(#6643,#6644,#6645,#6651));
#6643 = ORIENTED_EDGE('',*,*,#4655,.T.);
#6644 = ORIENTED_EDGE('',*,*,#4622,.T.);
#6645 = ORIENTED_EDGE('',*,*,#6646,.T.);
#6646 = EDGE_CURVE('',#4614,#5261,#6647,.T.);
#6647 = LINE('',#6648,#6649);
#6648 = CARTESIAN_POINT('',(10.,3.341610768711,12.691454348114));
#6649 = VECTOR('',#6650,1.);
#6650 = DIRECTION('',(-1.,0.,0.));
#6651 = ORIENTED_EDGE('',*,*,#5260,.T.);
#6652 = CYLINDRICAL_SURFACE('',#6653,5.999999999997);
#6653 = AXIS2_PLACEMENT_3D('',#6654,#6655,#6656);
#6654 = CARTESIAN_POINT('',(10.,-2.542670884502,13.864156111408));
#6655 = DIRECTION('',(-1.,0.,0.));
#6656 = DIRECTION('',(0.,0.,1.));
#6657 = ADVANCED_FACE('',(#6658),#6664,.T.);
#6658 = FACE_BOUND('',#6659,.T.);
#6659 = EDGE_LOOP('',(#6660,#6661,#6662,#6663));
#6660 = ORIENTED_EDGE('',*,*,#5269,.F.);
#6661 = ORIENTED_EDGE('',*,*,#6646,.F.);
#6662 = ORIENTED_EDGE('',*,*,#4613,.T.);
#6663 = ORIENTED_EDGE('',*,*,#6629,.T.);
#6664 = CYLINDRICAL_SURFACE('',#6665,13.123999999993);
#6665 = AXIS2_PLACEMENT_3D('',#6666,#6667,#6668);
#6666 = CARTESIAN_POINT('',(10.,0.,0.));
#6667 = DIRECTION('',(-1.,0.,0.));
#6668 = DIRECTION('',(0.,0.,1.));
#6669 = ADVANCED_FACE('',(#6670),#6681,.T.);
#6670 = FACE_BOUND('',#6671,.T.);
#6671 = EDGE_LOOP('',(#6672,#6673,#6674,#6680));
#6672 = ORIENTED_EDGE('',*,*,#4646,.T.);
#6673 = ORIENTED_EDGE('',*,*,#5250,.F.);
#6674 = ORIENTED_EDGE('',*,*,#6675,.F.);
#6675 = EDGE_CURVE('',#3924,#5251,#6676,.T.);
#6676 = LINE('',#6677,#6678);
#6677 = CARTESIAN_POINT('',(10.,0.743814380396,13.102904875154));
#6678 = VECTOR('',#6679,1.);
#6679 = DIRECTION('',(-1.,0.,0.));
#6680 = ORIENTED_EDGE('',*,*,#3923,.T.);
#6681 = CYLINDRICAL_SURFACE('',#6682,5.999999999997);
#6682 = AXIS2_PLACEMENT_3D('',#6683,#6684,#6685);
#6683 = CARTESIAN_POINT('',(10.,6.702483564591,12.399867498274));
#6684 = DIRECTION('',(-1.,0.,0.));
#6685 = DIRECTION('',(0.,0.,1.));
#6686 = ADVANCED_FACE('',(#6687),#6693,.T.);
#6687 = FACE_BOUND('',#6688,.T.);
#6688 = EDGE_LOOP('',(#6689,#6690,#6691,#6692));
#6689 = ORIENTED_EDGE('',*,*,#4678,.T.);
#6690 = ORIENTED_EDGE('',*,*,#3942,.T.);
#6691 = ORIENTED_EDGE('',*,*,#3731,.T.);
#6692 = ORIENTED_EDGE('',*,*,#5764,.T.);
#6693 = CYLINDRICAL_SURFACE('',#6694,5.999999999997);
#6694 = AXIS2_PLACEMENT_3D('',#6695,#6696,#6697);
#6695 = CARTESIAN_POINT('',(10.,-6.702483564591,12.399867498274));
#6696 = DIRECTION('',(-1.,0.,0.));
#6697 = DIRECTION('',(0.,0.,1.));
#6698 = ADVANCED_FACE('',(#6699),#6705,.T.);
#6699 = FACE_BOUND('',#6700,.T.);
#6700 = EDGE_LOOP('',(#6701,#6702,#6703,#6704));
#6701 = ORIENTED_EDGE('',*,*,#3714,.F.);
#6702 = ORIENTED_EDGE('',*,*,#3934,.T.);
#6703 = ORIENTED_EDGE('',*,*,#6675,.T.);
#6704 = ORIENTED_EDGE('',*,*,#5772,.F.);
#6705 = CYLINDRICAL_SURFACE('',#6706,13.123999999993);
#6706 = AXIS2_PLACEMENT_3D('',#6707,#6708,#6709);
#6707 = CARTESIAN_POINT('',(10.,0.,0.));
#6708 = DIRECTION('',(-1.,0.,0.));
#6709 = DIRECTION('',(0.,0.,1.));
#6710 = ADVANCED_FACE('',(#6711),#6717,.F.);
#6711 = FACE_BOUND('',#6712,.F.);
#6712 = EDGE_LOOP('',(#6713,#6714,#6715,#6716));
#6713 = ORIENTED_EDGE('',*,*,#5240,.F.);
#6714 = ORIENTED_EDGE('',*,*,#3661,.F.);
#6715 = ORIENTED_EDGE('',*,*,#3914,.F.);
#6716 = ORIENTED_EDGE('',*,*,#3680,.T.);
#6717 = CYLINDRICAL_SURFACE('',#6718,5.);
#6718 = AXIS2_PLACEMENT_3D('',#6719,#6720,#6721);
#6719 = CARTESIAN_POINT('',(50.0000508,0.,0.));
#6720 = DIRECTION('',(-1.,0.,0.));
#6721 = DIRECTION('',(0.,0.,1.));
#6722 = ( GEOMETRIC_REPRESENTATION_CONTEXT(3) 
GLOBAL_UNCERTAINTY_ASSIGNED_CONTEXT((#6726)) 
GLOBAL_UNIT_ASSIGNED_CONTEXT((#6723,#6724,#6725)) REPRESENTATION_CONTEXT
('Context #1','3D Context with UNIT and UNCERTAINTY') );
#6723 = ( LENGTH_UNIT() NAMED_UNIT(*) SI_UNIT(.MILLI.,.METRE.) );
#6724 = ( NAMED_UNIT(*) PLANE_ANGLE_UNIT() SI_UNIT($,.RADIAN.) );
#6725 = ( NAMED_UNIT(*) SI_UNIT($,.STERADIAN.) SOLID_ANGLE_UNIT() );
#6726 = UNCERTAINTY_MEASURE_WITH_UNIT(LENGTH_MEASURE(1.E-07),#6723,
  'distance_accuracy_value','confusion accuracy');
#6727 = SHAPE_DEFINITION_REPRESENTATION(#6728,#3654);
#6728 = PRODUCT_DEFINITION_SHAPE('','',#6729);
#6729 = PRODUCT_DEFINITION('design','',#6730,#6733);
#6730 = PRODUCT_DEFINITION_FORMATION('','',#6731);
#6731 = PRODUCT(
'1spur gear_am1_Metric - Spur gear 1.5M 20T 20PA 10FW ---S20N75H50L10N',
'1spur gear_am1_Metric - Spur gear 1.5M 20T 20PA 10FW ---S20N75H50L10N',
  '',(#6732));
#6732 = MECHANICAL_CONTEXT('',#2,'mechanical');
#6733 = PRODUCT_DEFINITION_CONTEXT('part definition',#2,'design');
#6734 = CONTEXT_DEPENDENT_SHAPE_REPRESENTATION(#6735,#6737);
#6735 = ( REPRESENTATION_RELATIONSHIP('','',#3654,#10) 
REPRESENTATION_RELATIONSHIP_WITH_TRANSFORMATION(#6736) 
SHAPE_REPRESENTATION_RELATIONSHIP() );
#6736 = ITEM_DEFINED_TRANSFORMATION('','',#11,#19);
#6737 = PRODUCT_DEFINITION_SHAPE('Placement','Placement of an item',
  #6738);
#6738 = NEXT_ASSEMBLY_USAGE_OCCURRENCE('2','NAUO2','',#5,#6729,$);
#6739 = PRODUCT_TYPE('part',$,(#6731));
#6740 = ADVANCED_BREP_SHAPE_REPRESENTATION('',(#11,#6741),#9399);
#6741 = MANIFOLD_SOLID_BREP('',#6742);
#6742 = CLOSED_SHELL('',(#6743,#6783,#6823,#6863,#6903,#6943,#6983,#7023
    ,#7063,#7103,#7143,#7183,#7223,#7263,#7303,#7343,#7383,#7423,#7463,
    #7526,#7557,#8004,#8451,#8468,#8485,#8502,#8519,#8531,#8548,#8565,
    #8577,#8594,#8611,#8623,#8640,#8657,#8669,#8686,#8703,#8715,#8732,
    #8749,#8761,#8778,#8795,#8807,#8824,#8841,#8853,#8870,#8887,#8899,
    #8916,#8933,#8945,#8962,#8979,#8991,#9008,#9025,#9037,#9054,#9071,
    #9083,#9100,#9117,#9129,#9146,#9163,#9175,#9192,#9209,#9221,#9238,
    #9255,#9267,#9291,#9308,#9332,#9349,#9371,#9387));
#6743 = ADVANCED_FACE('',(#6744),#6778,.T.);
#6744 = FACE_BOUND('',#6745,.T.);
#6745 = EDGE_LOOP('',(#6746,#6756,#6764,#6772));
#6746 = ORIENTED_EDGE('',*,*,#6747,.F.);
#6747 = EDGE_CURVE('',#6748,#6750,#6752,.T.);
#6748 = VERTEX_POINT('',#6749);
#6749 = CARTESIAN_POINT('',(78.227559979812,11.499999999999,-10.));
#6750 = VERTEX_POINT('',#6751);
#6751 = CARTESIAN_POINT('',(78.227559979812,11.499999999999,0.));
#6752 = LINE('',#6753,#6754);
#6753 = CARTESIAN_POINT('',(78.227559979812,11.499999999999,-10.));
#6754 = VECTOR('',#6755,1.);
#6755 = DIRECTION('',(0.,0.,1.));
#6756 = ORIENTED_EDGE('',*,*,#6757,.T.);
#6757 = EDGE_CURVE('',#6748,#6758,#6760,.T.);
#6758 = VERTEX_POINT('',#6759);
#6759 = CARTESIAN_POINT('',(77.281276195111,11.499999999999,-10.));
#6760 = LINE('',#6761,#6762);
#6761 = CARTESIAN_POINT('',(0.,11.499999999999,-10.));
#6762 = VECTOR('',#6763,1.);
#6763 = DIRECTION('',(-1.,-0.,-0.));
#6764 = ORIENTED_EDGE('',*,*,#6765,.F.);
#6765 = EDGE_CURVE('',#6766,#6758,#6768,.T.);
#6766 = VERTEX_POINT('',#6767);
#6767 = CARTESIAN_POINT('',(77.281276195111,11.499999999999,0.));
#6768 = LINE('',#6769,#6770);
#6769 = CARTESIAN_POINT('',(77.281276195111,11.499999999999,-10.));
#6770 = VECTOR('',#6771,1.);
#6771 = DIRECTION('',(0.,0.,-1.));
#6772 = ORIENTED_EDGE('',*,*,#6773,.F.);
#6773 = EDGE_CURVE('',#6750,#6766,#6774,.T.);
#6774 = LINE('',#6775,#6776);
#6775 = CARTESIAN_POINT('',(0.,11.499999999999,0.));
#6776 = VECTOR('',#6777,1.);
#6777 = DIRECTION('',(-1.,-0.,-0.));
#6778 = PLANE('',#6779);
#6779 = AXIS2_PLACEMENT_3D('',#6780,#6781,#6782);
#6780 = CARTESIAN_POINT('',(0.,11.499999999999,-10.));
#6781 = DIRECTION('',(0.,1.,0.));
#6782 = DIRECTION('',(0.,-0.,1.));
#6783 = ADVANCED_FACE('',(#6784),#6818,.T.);
#6784 = FACE_BOUND('',#6785,.T.);
#6785 = EDGE_LOOP('',(#6786,#6796,#6804,#6812));
#6786 = ORIENTED_EDGE('',*,*,#6787,.F.);
#6787 = EDGE_CURVE('',#6788,#6790,#6792,.T.);
#6788 = VERTEX_POINT('',#6789);
#6789 = CARTESIAN_POINT('',(73.515171004814,11.499999999999,-10.));
#6790 = VERTEX_POINT('',#6791);
#6791 = CARTESIAN_POINT('',(73.515171004814,11.499999999999,0.));
#6792 = LINE('',#6793,#6794);
#6793 = CARTESIAN_POINT('',(73.515171004814,11.499999999999,-10.));
#6794 = VECTOR('',#6795,1.);
#6795 = DIRECTION('',(0.,0.,1.));
#6796 = ORIENTED_EDGE('',*,*,#6797,.T.);
#6797 = EDGE_CURVE('',#6788,#6798,#6800,.T.);
#6798 = VERTEX_POINT('',#6799);
#6799 = CARTESIAN_POINT('',(72.568887220113,11.499999999999,-10.));
#6800 = LINE('',#6801,#6802);
#6801 = CARTESIAN_POINT('',(0.,11.499999999999,-10.));
#6802 = VECTOR('',#6803,1.);
#6803 = DIRECTION('',(-1.,-0.,-0.));
#6804 = ORIENTED_EDGE('',*,*,#6805,.F.);
#6805 = EDGE_CURVE('',#6806,#6798,#6808,.T.);
#6806 = VERTEX_POINT('',#6807);
#6807 = CARTESIAN_POINT('',(72.568887220113,11.499999999999,0.));
#6808 = LINE('',#6809,#6810);
#6809 = CARTESIAN_POINT('',(72.568887220113,11.499999999999,-10.));
#6810 = VECTOR('',#6811,1.);
#6811 = DIRECTION('',(0.,0.,-1.));
#6812 = ORIENTED_EDGE('',*,*,#6813,.F.);
#6813 = EDGE_CURVE('',#6790,#6806,#6814,.T.);
#6814 = LINE('',#6815,#6816);
#6815 = CARTESIAN_POINT('',(0.,11.499999999999,0.));
#6816 = VECTOR('',#6817,1.);
#6817 = DIRECTION('',(-1.,-0.,-0.));
#6818 = PLANE('',#6819);
#6819 = AXIS2_PLACEMENT_3D('',#6820,#6821,#6822);
#6820 = CARTESIAN_POINT('',(0.,11.499999999999,-10.));
#6821 = DIRECTION('',(0.,1.,0.));
#6822 = DIRECTION('',(0.,-0.,1.));
#6823 = ADVANCED_FACE('',(#6824),#6858,.T.);
#6824 = FACE_BOUND('',#6825,.T.);
#6825 = EDGE_LOOP('',(#6826,#6836,#6844,#6852));
#6826 = ORIENTED_EDGE('',*,*,#6827,.F.);
#6827 = EDGE_CURVE('',#6828,#6830,#6832,.T.);
#6828 = VERTEX_POINT('',#6829);
#6829 = CARTESIAN_POINT('',(68.802782029816,11.499999999999,-10.));
#6830 = VERTEX_POINT('',#6831);
#6831 = CARTESIAN_POINT('',(68.802782029816,11.499999999999,0.));
#6832 = LINE('',#6833,#6834);
#6833 = CARTESIAN_POINT('',(68.802782029816,11.499999999999,-10.));
#6834 = VECTOR('',#6835,1.);
#6835 = DIRECTION('',(0.,0.,1.));
#6836 = ORIENTED_EDGE('',*,*,#6837,.T.);
#6837 = EDGE_CURVE('',#6828,#6838,#6840,.T.);
#6838 = VERTEX_POINT('',#6839);
#6839 = CARTESIAN_POINT('',(67.856498245115,11.499999999999,-10.));
#6840 = LINE('',#6841,#6842);
#6841 = CARTESIAN_POINT('',(0.,11.499999999999,-10.));
#6842 = VECTOR('',#6843,1.);
#6843 = DIRECTION('',(-1.,-0.,-0.));
#6844 = ORIENTED_EDGE('',*,*,#6845,.F.);
#6845 = EDGE_CURVE('',#6846,#6838,#6848,.T.);
#6846 = VERTEX_POINT('',#6847);
#6847 = CARTESIAN_POINT('',(67.856498245115,11.499999999999,0.));
#6848 = LINE('',#6849,#6850);
#6849 = CARTESIAN_POINT('',(67.856498245115,11.499999999999,-10.));
#6850 = VECTOR('',#6851,1.);
#6851 = DIRECTION('',(0.,0.,-1.));
#6852 = ORIENTED_EDGE('',*,*,#6853,.F.);
#6853 = EDGE_CURVE('',#6830,#6846,#6854,.T.);
#6854 = LINE('',#6855,#6856);
#6855 = CARTESIAN_POINT('',(0.,11.499999999999,0.));
#6856 = VECTOR('',#6857,1.);
#6857 = DIRECTION('',(-1.,-0.,-0.));
#6858 = PLANE('',#6859);
#6859 = AXIS2_PLACEMENT_3D('',#6860,#6861,#6862);
#6860 = CARTESIAN_POINT('',(0.,11.499999999999,-10.));
#6861 = DIRECTION('',(0.,1.,0.));
#6862 = DIRECTION('',(0.,-0.,1.));
#6863 = ADVANCED_FACE('',(#6864),#6898,.T.);
#6864 = FACE_BOUND('',#6865,.T.);
#6865 = EDGE_LOOP('',(#6866,#6876,#6884,#6892));
#6866 = ORIENTED_EDGE('',*,*,#6867,.F.);
#6867 = EDGE_CURVE('',#6868,#6870,#6872,.T.);
#6868 = VERTEX_POINT('',#6869);
#6869 = CARTESIAN_POINT('',(64.090393054819,11.499999999999,-10.));
#6870 = VERTEX_POINT('',#6871);
#6871 = CARTESIAN_POINT('',(64.090393054819,11.499999999999,0.));
#6872 = LINE('',#6873,#6874);
#6873 = CARTESIAN_POINT('',(64.090393054819,11.499999999999,-10.));
#6874 = VECTOR('',#6875,1.);
#6875 = DIRECTION('',(0.,0.,1.));
#6876 = ORIENTED_EDGE('',*,*,#6877,.T.);
#6877 = EDGE_CURVE('',#6868,#6878,#6880,.T.);
#6878 = VERTEX_POINT('',#6879);
#6879 = CARTESIAN_POINT('',(63.144109270118,11.499999999999,-10.));
#6880 = LINE('',#6881,#6882);
#6881 = CARTESIAN_POINT('',(0.,11.499999999999,-10.));
#6882 = VECTOR('',#6883,1.);
#6883 = DIRECTION('',(-1.,-0.,-0.));
#6884 = ORIENTED_EDGE('',*,*,#6885,.F.);
#6885 = EDGE_CURVE('',#6886,#6878,#6888,.T.);
#6886 = VERTEX_POINT('',#6887);
#6887 = CARTESIAN_POINT('',(63.144109270118,11.499999999999,0.));
#6888 = LINE('',#6889,#6890);
#6889 = CARTESIAN_POINT('',(63.144109270118,11.499999999999,-10.));
#6890 = VECTOR('',#6891,1.);
#6891 = DIRECTION('',(0.,0.,-1.));
#6892 = ORIENTED_EDGE('',*,*,#6893,.F.);
#6893 = EDGE_CURVE('',#6870,#6886,#6894,.T.);
#6894 = LINE('',#6895,#6896);
#6895 = CARTESIAN_POINT('',(0.,11.499999999999,0.));
#6896 = VECTOR('',#6897,1.);
#6897 = DIRECTION('',(-1.,-0.,-0.));
#6898 = PLANE('',#6899);
#6899 = AXIS2_PLACEMENT_3D('',#6900,#6901,#6902);
#6900 = CARTESIAN_POINT('',(0.,11.499999999999,-10.));
#6901 = DIRECTION('',(0.,1.,0.));
#6902 = DIRECTION('',(0.,-0.,1.));
#6903 = ADVANCED_FACE('',(#6904),#6938,.T.);
#6904 = FACE_BOUND('',#6905,.T.);
#6905 = EDGE_LOOP('',(#6906,#6916,#6924,#6932));
#6906 = ORIENTED_EDGE('',*,*,#6907,.F.);
#6907 = EDGE_CURVE('',#6908,#6910,#6912,.T.);
#6908 = VERTEX_POINT('',#6909);
#6909 = CARTESIAN_POINT('',(59.378004079821,11.499999999999,-10.));
#6910 = VERTEX_POINT('',#6911);
#6911 = CARTESIAN_POINT('',(59.378004079821,11.499999999999,0.));
#6912 = LINE('',#6913,#6914);
#6913 = CARTESIAN_POINT('',(59.378004079821,11.499999999999,-10.));
#6914 = VECTOR('',#6915,1.);
#6915 = DIRECTION('',(0.,0.,1.));
#6916 = ORIENTED_EDGE('',*,*,#6917,.T.);
#6917 = EDGE_CURVE('',#6908,#6918,#6920,.T.);
#6918 = VERTEX_POINT('',#6919);
#6919 = CARTESIAN_POINT('',(58.43172029512,11.499999999999,-10.));
#6920 = LINE('',#6921,#6922);
#6921 = CARTESIAN_POINT('',(0.,11.499999999999,-10.));
#6922 = VECTOR('',#6923,1.);
#6923 = DIRECTION('',(-1.,-0.,-0.));
#6924 = ORIENTED_EDGE('',*,*,#6925,.F.);
#6925 = EDGE_CURVE('',#6926,#6918,#6928,.T.);
#6926 = VERTEX_POINT('',#6927);
#6927 = CARTESIAN_POINT('',(58.43172029512,11.499999999999,0.));
#6928 = LINE('',#6929,#6930);
#6929 = CARTESIAN_POINT('',(58.43172029512,11.499999999999,-10.));
#6930 = VECTOR('',#6931,1.);
#6931 = DIRECTION('',(0.,0.,-1.));
#6932 = ORIENTED_EDGE('',*,*,#6933,.F.);
#6933 = EDGE_CURVE('',#6910,#6926,#6934,.T.);
#6934 = LINE('',#6935,#6936);
#6935 = CARTESIAN_POINT('',(0.,11.499999999999,0.));
#6936 = VECTOR('',#6937,1.);
#6937 = DIRECTION('',(-1.,-0.,-0.));
#6938 = PLANE('',#6939);
#6939 = AXIS2_PLACEMENT_3D('',#6940,#6941,#6942);
#6940 = CARTESIAN_POINT('',(0.,11.499999999999,-10.));
#6941 = DIRECTION('',(0.,1.,0.));
#6942 = DIRECTION('',(0.,-0.,1.));
#6943 = ADVANCED_FACE('',(#6944),#6978,.T.);
#6944 = FACE_BOUND('',#6945,.T.);
#6945 = EDGE_LOOP('',(#6946,#6956,#6964,#6972));
#6946 = ORIENTED_EDGE('',*,*,#6947,.F.);
#6947 = EDGE_CURVE('',#6948,#6950,#6952,.T.);
#6948 = VERTEX_POINT('',#6949);
#6949 = CARTESIAN_POINT('',(54.665615104823,11.499999999999,-10.));
#6950 = VERTEX_POINT('',#6951);
#6951 = CARTESIAN_POINT('',(54.665615104823,11.499999999999,0.));
#6952 = LINE('',#6953,#6954);
#6953 = CARTESIAN_POINT('',(54.665615104823,11.499999999999,-10.));
#6954 = VECTOR('',#6955,1.);
#6955 = DIRECTION('',(0.,0.,1.));
#6956 = ORIENTED_EDGE('',*,*,#6957,.T.);
#6957 = EDGE_CURVE('',#6948,#6958,#6960,.T.);
#6958 = VERTEX_POINT('',#6959);
#6959 = CARTESIAN_POINT('',(53.719331320123,11.499999999999,-10.));
#6960 = LINE('',#6961,#6962);
#6961 = CARTESIAN_POINT('',(0.,11.499999999999,-10.));
#6962 = VECTOR('',#6963,1.);
#6963 = DIRECTION('',(-1.,-0.,-0.));
#6964 = ORIENTED_EDGE('',*,*,#6965,.F.);
#6965 = EDGE_CURVE('',#6966,#6958,#6968,.T.);
#6966 = VERTEX_POINT('',#6967);
#6967 = CARTESIAN_POINT('',(53.719331320123,11.499999999999,0.));
#6968 = LINE('',#6969,#6970);
#6969 = CARTESIAN_POINT('',(53.719331320123,11.499999999999,-10.));
#6970 = VECTOR('',#6971,1.);
#6971 = DIRECTION('',(0.,0.,-1.));
#6972 = ORIENTED_EDGE('',*,*,#6973,.F.);
#6973 = EDGE_CURVE('',#6950,#6966,#6974,.T.);
#6974 = LINE('',#6975,#6976);
#6975 = CARTESIAN_POINT('',(0.,11.499999999999,0.));
#6976 = VECTOR('',#6977,1.);
#6977 = DIRECTION('',(-1.,-0.,-0.));
#6978 = PLANE('',#6979);
#6979 = AXIS2_PLACEMENT_3D('',#6980,#6981,#6982);
#6980 = CARTESIAN_POINT('',(0.,11.499999999999,-10.));
#6981 = DIRECTION('',(0.,1.,0.));
#6982 = DIRECTION('',(0.,-0.,1.));
#6983 = ADVANCED_FACE('',(#6984),#7018,.T.);
#6984 = FACE_BOUND('',#6985,.T.);
#6985 = EDGE_LOOP('',(#6986,#6996,#7004,#7012));
#6986 = ORIENTED_EDGE('',*,*,#6987,.F.);
#6987 = EDGE_CURVE('',#6988,#6990,#6992,.T.);
#6988 = VERTEX_POINT('',#6989);
#6989 = CARTESIAN_POINT('',(49.953226129826,11.499999999999,-10.));
#6990 = VERTEX_POINT('',#6991);
#6991 = CARTESIAN_POINT('',(49.953226129826,11.499999999999,0.));
#6992 = LINE('',#6993,#6994);
#6993 = CARTESIAN_POINT('',(49.953226129826,11.499999999999,-10.));
#6994 = VECTOR('',#6995,1.);
#6995 = DIRECTION('',(0.,0.,1.));
#6996 = ORIENTED_EDGE('',*,*,#6997,.T.);
#6997 = EDGE_CURVE('',#6988,#6998,#7000,.T.);
#6998 = VERTEX_POINT('',#6999);
#6999 = CARTESIAN_POINT('',(49.006942345125,11.499999999999,-10.));
#7000 = LINE('',#7001,#7002);
#7001 = CARTESIAN_POINT('',(0.,11.499999999999,-10.));
#7002 = VECTOR('',#7003,1.);
#7003 = DIRECTION('',(-1.,-0.,-0.));
#7004 = ORIENTED_EDGE('',*,*,#7005,.F.);
#7005 = EDGE_CURVE('',#7006,#6998,#7008,.T.);
#7006 = VERTEX_POINT('',#7007);
#7007 = CARTESIAN_POINT('',(49.006942345125,11.499999999999,0.));
#7008 = LINE('',#7009,#7010);
#7009 = CARTESIAN_POINT('',(49.006942345125,11.499999999999,-10.));
#7010 = VECTOR('',#7011,1.);
#7011 = DIRECTION('',(0.,0.,-1.));
#7012 = ORIENTED_EDGE('',*,*,#7013,.F.);
#7013 = EDGE_CURVE('',#6990,#7006,#7014,.T.);
#7014 = LINE('',#7015,#7016);
#7015 = CARTESIAN_POINT('',(0.,11.499999999999,0.));
#7016 = VECTOR('',#7017,1.);
#7017 = DIRECTION('',(-1.,-0.,-0.));
#7018 = PLANE('',#7019);
#7019 = AXIS2_PLACEMENT_3D('',#7020,#7021,#7022);
#7020 = CARTESIAN_POINT('',(0.,11.499999999999,-10.));
#7021 = DIRECTION('',(0.,1.,0.));
#7022 = DIRECTION('',(0.,-0.,1.));
#7023 = ADVANCED_FACE('',(#7024),#7058,.T.);
#7024 = FACE_BOUND('',#7025,.T.);
#7025 = EDGE_LOOP('',(#7026,#7036,#7044,#7052));
#7026 = ORIENTED_EDGE('',*,*,#7027,.F.);
#7027 = EDGE_CURVE('',#7028,#7030,#7032,.T.);
#7028 = VERTEX_POINT('',#7029);
#7029 = CARTESIAN_POINT('',(45.240837154828,11.499999999999,-10.));
#7030 = VERTEX_POINT('',#7031);
#7031 = CARTESIAN_POINT('',(45.240837154828,11.499999999999,0.));
#7032 = LINE('',#7033,#7034);
#7033 = CARTESIAN_POINT('',(45.240837154828,11.499999999999,-10.));
#7034 = VECTOR('',#7035,1.);
#7035 = DIRECTION('',(0.,0.,1.));
#7036 = ORIENTED_EDGE('',*,*,#7037,.T.);
#7037 = EDGE_CURVE('',#7028,#7038,#7040,.T.);
#7038 = VERTEX_POINT('',#7039);
#7039 = CARTESIAN_POINT('',(44.294553370127,11.499999999999,-10.));
#7040 = LINE('',#7041,#7042);
#7041 = CARTESIAN_POINT('',(0.,11.499999999999,-10.));
#7042 = VECTOR('',#7043,1.);
#7043 = DIRECTION('',(-1.,-0.,-0.));
#7044 = ORIENTED_EDGE('',*,*,#7045,.F.);
#7045 = EDGE_CURVE('',#7046,#7038,#7048,.T.);
#7046 = VERTEX_POINT('',#7047);
#7047 = CARTESIAN_POINT('',(44.294553370127,11.499999999999,0.));
#7048 = LINE('',#7049,#7050);
#7049 = CARTESIAN_POINT('',(44.294553370127,11.499999999999,-10.));
#7050 = VECTOR('',#7051,1.);
#7051 = DIRECTION('',(0.,0.,-1.));
#7052 = ORIENTED_EDGE('',*,*,#7053,.F.);
#7053 = EDGE_CURVE('',#7030,#7046,#7054,.T.);
#7054 = LINE('',#7055,#7056);
#7055 = CARTESIAN_POINT('',(0.,11.499999999999,0.));
#7056 = VECTOR('',#7057,1.);
#7057 = DIRECTION('',(-1.,-0.,-0.));
#7058 = PLANE('',#7059);
#7059 = AXIS2_PLACEMENT_3D('',#7060,#7061,#7062);
#7060 = CARTESIAN_POINT('',(0.,11.499999999999,-10.));
#7061 = DIRECTION('',(0.,1.,0.));
#7062 = DIRECTION('',(0.,-0.,1.));
#7063 = ADVANCED_FACE('',(#7064),#7098,.T.);
#7064 = FACE_BOUND('',#7065,.T.);
#7065 = EDGE_LOOP('',(#7066,#7076,#7084,#7092));
#7066 = ORIENTED_EDGE('',*,*,#7067,.F.);
#7067 = EDGE_CURVE('',#7068,#7070,#7072,.T.);
#7068 = VERTEX_POINT('',#7069);
#7069 = CARTESIAN_POINT('',(40.52844817983,11.499999999999,-10.));
#7070 = VERTEX_POINT('',#7071);
#7071 = CARTESIAN_POINT('',(40.52844817983,11.499999999999,0.));
#7072 = LINE('',#7073,#7074);
#7073 = CARTESIAN_POINT('',(40.52844817983,11.499999999999,-10.));
#7074 = VECTOR('',#7075,1.);
#7075 = DIRECTION('',(0.,0.,1.));
#7076 = ORIENTED_EDGE('',*,*,#7077,.T.);
#7077 = EDGE_CURVE('',#7068,#7078,#7080,.T.);
#7078 = VERTEX_POINT('',#7079);
#7079 = CARTESIAN_POINT('',(39.58216439513,11.499999999999,-10.));
#7080 = LINE('',#7081,#7082);
#7081 = CARTESIAN_POINT('',(0.,11.499999999999,-10.));
#7082 = VECTOR('',#7083,1.);
#7083 = DIRECTION('',(-1.,-0.,-0.));
#7084 = ORIENTED_EDGE('',*,*,#7085,.F.);
#7085 = EDGE_CURVE('',#7086,#7078,#7088,.T.);
#7086 = VERTEX_POINT('',#7087);
#7087 = CARTESIAN_POINT('',(39.58216439513,11.499999999999,0.));
#7088 = LINE('',#7089,#7090);
#7089 = CARTESIAN_POINT('',(39.58216439513,11.499999999999,-10.));
#7090 = VECTOR('',#7091,1.);
#7091 = DIRECTION('',(0.,0.,-1.));
#7092 = ORIENTED_EDGE('',*,*,#7093,.F.);
#7093 = EDGE_CURVE('',#7070,#7086,#7094,.T.);
#7094 = LINE('',#7095,#7096);
#7095 = CARTESIAN_POINT('',(0.,11.499999999999,0.));
#7096 = VECTOR('',#7097,1.);
#7097 = DIRECTION('',(-1.,-0.,-0.));
#7098 = PLANE('',#7099);
#7099 = AXIS2_PLACEMENT_3D('',#7100,#7101,#7102);
#7100 = CARTESIAN_POINT('',(0.,11.499999999999,-10.));
#7101 = DIRECTION('',(0.,1.,0.));
#7102 = DIRECTION('',(0.,-0.,1.));
#7103 = ADVANCED_FACE('',(#7104),#7138,.T.);
#7104 = FACE_BOUND('',#7105,.T.);
#7105 = EDGE_LOOP('',(#7106,#7116,#7124,#7132));
#7106 = ORIENTED_EDGE('',*,*,#7107,.F.);
#7107 = EDGE_CURVE('',#7108,#7110,#7112,.T.);
#7108 = VERTEX_POINT('',#7109);
#7109 = CARTESIAN_POINT('',(35.816059204833,11.499999999999,-10.));
#7110 = VERTEX_POINT('',#7111);
#7111 = CARTESIAN_POINT('',(35.816059204833,11.499999999999,0.));
#7112 = LINE('',#7113,#7114);
#7113 = CARTESIAN_POINT('',(35.816059204833,11.499999999999,-10.));
#7114 = VECTOR('',#7115,1.);
#7115 = DIRECTION('',(0.,0.,1.));
#7116 = ORIENTED_EDGE('',*,*,#7117,.T.);
#7117 = EDGE_CURVE('',#7108,#7118,#7120,.T.);
#7118 = VERTEX_POINT('',#7119);
#7119 = CARTESIAN_POINT('',(34.869775420132,11.499999999999,-10.));
#7120 = LINE('',#7121,#7122);
#7121 = CARTESIAN_POINT('',(0.,11.499999999999,-10.));
#7122 = VECTOR('',#7123,1.);
#7123 = DIRECTION('',(-1.,-0.,-0.));
#7124 = ORIENTED_EDGE('',*,*,#7125,.F.);
#7125 = EDGE_CURVE('',#7126,#7118,#7128,.T.);
#7126 = VERTEX_POINT('',#7127);
#7127 = CARTESIAN_POINT('',(34.869775420132,11.499999999999,0.));
#7128 = LINE('',#7129,#7130);
#7129 = CARTESIAN_POINT('',(34.869775420132,11.499999999999,-10.));
#7130 = VECTOR('',#7131,1.);
#7131 = DIRECTION('',(0.,0.,-1.));
#7132 = ORIENTED_EDGE('',*,*,#7133,.F.);
#7133 = EDGE_CURVE('',#7110,#7126,#7134,.T.);
#7134 = LINE('',#7135,#7136);
#7135 = CARTESIAN_POINT('',(0.,11.499999999999,0.));
#7136 = VECTOR('',#7137,1.);
#7137 = DIRECTION('',(-1.,-0.,-0.));
#7138 = PLANE('',#7139);
#7139 = AXIS2_PLACEMENT_3D('',#7140,#7141,#7142);
#7140 = CARTESIAN_POINT('',(0.,11.499999999999,-10.));
#7141 = DIRECTION('',(0.,1.,0.));
#7142 = DIRECTION('',(0.,-0.,1.));
#7143 = ADVANCED_FACE('',(#7144),#7178,.T.);
#7144 = FACE_BOUND('',#7145,.T.);
#7145 = EDGE_LOOP('',(#7146,#7156,#7164,#7172));
#7146 = ORIENTED_EDGE('',*,*,#7147,.F.);
#7147 = EDGE_CURVE('',#7148,#7150,#7152,.T.);
#7148 = VERTEX_POINT('',#7149);
#7149 = CARTESIAN_POINT('',(31.103670229835,11.499999999999,-10.));
#7150 = VERTEX_POINT('',#7151);
#7151 = CARTESIAN_POINT('',(31.103670229835,11.499999999999,0.));
#7152 = LINE('',#7153,#7154);
#7153 = CARTESIAN_POINT('',(31.103670229835,11.499999999999,-10.));
#7154 = VECTOR('',#7155,1.);
#7155 = DIRECTION('',(0.,0.,1.));
#7156 = ORIENTED_EDGE('',*,*,#7157,.T.);
#7157 = EDGE_CURVE('',#7148,#7158,#7160,.T.);
#7158 = VERTEX_POINT('',#7159);
#7159 = CARTESIAN_POINT('',(30.157386445134,11.499999999999,-10.));
#7160 = LINE('',#7161,#7162);
#7161 = CARTESIAN_POINT('',(0.,11.499999999999,-10.));
#7162 = VECTOR('',#7163,1.);
#7163 = DIRECTION('',(-1.,-0.,-0.));
#7164 = ORIENTED_EDGE('',*,*,#7165,.F.);
#7165 = EDGE_CURVE('',#7166,#7158,#7168,.T.);
#7166 = VERTEX_POINT('',#7167);
#7167 = CARTESIAN_POINT('',(30.157386445134,11.499999999999,0.));
#7168 = LINE('',#7169,#7170);
#7169 = CARTESIAN_POINT('',(30.157386445134,11.499999999999,-10.));
#7170 = VECTOR('',#7171,1.);
#7171 = DIRECTION('',(0.,0.,-1.));
#7172 = ORIENTED_EDGE('',*,*,#7173,.F.);
#7173 = EDGE_CURVE('',#7150,#7166,#7174,.T.);
#7174 = LINE('',#7175,#7176);
#7175 = CARTESIAN_POINT('',(0.,11.499999999999,0.));
#7176 = VECTOR('',#7177,1.);
#7177 = DIRECTION('',(-1.,-0.,-0.));
#7178 = PLANE('',#7179);
#7179 = AXIS2_PLACEMENT_3D('',#7180,#7181,#7182);
#7180 = CARTESIAN_POINT('',(0.,11.499999999999,-10.));
#7181 = DIRECTION('',(0.,1.,0.));
#7182 = DIRECTION('',(0.,-0.,1.));
#7183 = ADVANCED_FACE('',(#7184),#7218,.T.);
#7184 = FACE_BOUND('',#7185,.T.);
#7185 = EDGE_LOOP('',(#7186,#7196,#7204,#7212));
#7186 = ORIENTED_EDGE('',*,*,#7187,.F.);
#7187 = EDGE_CURVE('',#7188,#7190,#7192,.T.);
#7188 = VERTEX_POINT('',#7189);
#7189 = CARTESIAN_POINT('',(26.391281254837,11.499999999999,-10.));
#7190 = VERTEX_POINT('',#7191);
#7191 = CARTESIAN_POINT('',(26.391281254837,11.499999999999,0.));
#7192 = LINE('',#7193,#7194);
#7193 = CARTESIAN_POINT('',(26.391281254837,11.499999999999,-10.));
#7194 = VECTOR('',#7195,1.);
#7195 = DIRECTION('',(0.,0.,1.));
#7196 = ORIENTED_EDGE('',*,*,#7197,.T.);
#7197 = EDGE_CURVE('',#7188,#7198,#7200,.T.);
#7198 = VERTEX_POINT('',#7199);
#7199 = CARTESIAN_POINT('',(25.444997470137,11.499999999999,-10.));
#7200 = LINE('',#7201,#7202);
#7201 = CARTESIAN_POINT('',(0.,11.499999999999,-10.));
#7202 = VECTOR('',#7203,1.);
#7203 = DIRECTION('',(-1.,-0.,-0.));
#7204 = ORIENTED_EDGE('',*,*,#7205,.F.);
#7205 = EDGE_CURVE('',#7206,#7198,#7208,.T.);
#7206 = VERTEX_POINT('',#7207);
#7207 = CARTESIAN_POINT('',(25.444997470137,11.499999999999,0.));
#7208 = LINE('',#7209,#7210);
#7209 = CARTESIAN_POINT('',(25.444997470137,11.499999999999,-10.));
#7210 = VECTOR('',#7211,1.);
#7211 = DIRECTION('',(0.,0.,-1.));
#7212 = ORIENTED_EDGE('',*,*,#7213,.F.);
#7213 = EDGE_CURVE('',#7190,#7206,#7214,.T.);
#7214 = LINE('',#7215,#7216);
#7215 = CARTESIAN_POINT('',(0.,11.499999999999,0.));
#7216 = VECTOR('',#7217,1.);
#7217 = DIRECTION('',(-1.,-0.,-0.));
#7218 = PLANE('',#7219);
#7219 = AXIS2_PLACEMENT_3D('',#7220,#7221,#7222);
#7220 = CARTESIAN_POINT('',(0.,11.499999999999,-10.));
#7221 = DIRECTION('',(0.,1.,0.));
#7222 = DIRECTION('',(0.,-0.,1.));
#7223 = ADVANCED_FACE('',(#7224),#7258,.T.);
#7224 = FACE_BOUND('',#7225,.T.);
#7225 = EDGE_LOOP('',(#7226,#7236,#7244,#7252));
#7226 = ORIENTED_EDGE('',*,*,#7227,.F.);
#7227 = EDGE_CURVE('',#7228,#7230,#7232,.T.);
#7228 = VERTEX_POINT('',#7229);
#7229 = CARTESIAN_POINT('',(21.67889227984,11.499999999999,-10.));
#7230 = VERTEX_POINT('',#7231);
#7231 = CARTESIAN_POINT('',(21.67889227984,11.499999999999,0.));
#7232 = LINE('',#7233,#7234);
#7233 = CARTESIAN_POINT('',(21.67889227984,11.499999999999,-10.));
#7234 = VECTOR('',#7235,1.);
#7235 = DIRECTION('',(0.,0.,1.));
#7236 = ORIENTED_EDGE('',*,*,#7237,.T.);
#7237 = EDGE_CURVE('',#7228,#7238,#7240,.T.);
#7238 = VERTEX_POINT('',#7239);
#7239 = CARTESIAN_POINT('',(20.732608495139,11.499999999999,-10.));
#7240 = LINE('',#7241,#7242);
#7241 = CARTESIAN_POINT('',(0.,11.499999999999,-10.));
#7242 = VECTOR('',#7243,1.);
#7243 = DIRECTION('',(-1.,-0.,-0.));
#7244 = ORIENTED_EDGE('',*,*,#7245,.F.);
#7245 = EDGE_CURVE('',#7246,#7238,#7248,.T.);
#7246 = VERTEX_POINT('',#7247);
#7247 = CARTESIAN_POINT('',(20.732608495139,11.499999999999,0.));
#7248 = LINE('',#7249,#7250);
#7249 = CARTESIAN_POINT('',(20.732608495139,11.499999999999,-10.));
#7250 = VECTOR('',#7251,1.);
#7251 = DIRECTION('',(0.,0.,-1.));
#7252 = ORIENTED_EDGE('',*,*,#7253,.F.);
#7253 = EDGE_CURVE('',#7230,#7246,#7254,.T.);
#7254 = LINE('',#7255,#7256);
#7255 = CARTESIAN_POINT('',(0.,11.499999999999,0.));
#7256 = VECTOR('',#7257,1.);
#7257 = DIRECTION('',(-1.,-0.,-0.));
#7258 = PLANE('',#7259);
#7259 = AXIS2_PLACEMENT_3D('',#7260,#7261,#7262);
#7260 = CARTESIAN_POINT('',(0.,11.499999999999,-10.));
#7261 = DIRECTION('',(0.,1.,0.));
#7262 = DIRECTION('',(0.,-0.,1.));
#7263 = ADVANCED_FACE('',(#7264),#7298,.T.);
#7264 = FACE_BOUND('',#7265,.T.);
#7265 = EDGE_LOOP('',(#7266,#7276,#7284,#7292));
#7266 = ORIENTED_EDGE('',*,*,#7267,.F.);
#7267 = EDGE_CURVE('',#7268,#7270,#7272,.T.);
#7268 = VERTEX_POINT('',#7269);
#7269 = CARTESIAN_POINT('',(16.966503304842,11.499999999999,-10.));
#7270 = VERTEX_POINT('',#7271);
#7271 = CARTESIAN_POINT('',(16.966503304842,11.499999999999,0.));
#7272 = LINE('',#7273,#7274);
#7273 = CARTESIAN_POINT('',(16.966503304842,11.499999999999,-10.));
#7274 = VECTOR('',#7275,1.);
#7275 = DIRECTION('',(0.,0.,1.));
#7276 = ORIENTED_EDGE('',*,*,#7277,.T.);
#7277 = EDGE_CURVE('',#7268,#7278,#7280,.T.);
#7278 = VERTEX_POINT('',#7279);
#7279 = CARTESIAN_POINT('',(16.020219520141,11.499999999999,-10.));
#7280 = LINE('',#7281,#7282);
#7281 = CARTESIAN_POINT('',(0.,11.499999999999,-10.));
#7282 = VECTOR('',#7283,1.);
#7283 = DIRECTION('',(-1.,-0.,-0.));
#7284 = ORIENTED_EDGE('',*,*,#7285,.F.);
#7285 = EDGE_CURVE('',#7286,#7278,#7288,.T.);
#7286 = VERTEX_POINT('',#7287);
#7287 = CARTESIAN_POINT('',(16.020219520141,11.499999999999,0.));
#7288 = LINE('',#7289,#7290);
#7289 = CARTESIAN_POINT('',(16.020219520141,11.499999999999,-10.));
#7290 = VECTOR('',#7291,1.);
#7291 = DIRECTION('',(0.,0.,-1.));
#7292 = ORIENTED_EDGE('',*,*,#7293,.F.);
#7293 = EDGE_CURVE('',#7270,#7286,#7294,.T.);
#7294 = LINE('',#7295,#7296);
#7295 = CARTESIAN_POINT('',(0.,11.499999999999,0.));
#7296 = VECTOR('',#7297,1.);
#7297 = DIRECTION('',(-1.,-0.,-0.));
#7298 = PLANE('',#7299);
#7299 = AXIS2_PLACEMENT_3D('',#7300,#7301,#7302);
#7300 = CARTESIAN_POINT('',(0.,11.499999999999,-10.));
#7301 = DIRECTION('',(0.,1.,0.));
#7302 = DIRECTION('',(0.,-0.,1.));
#7303 = ADVANCED_FACE('',(#7304),#7338,.T.);
#7304 = FACE_BOUND('',#7305,.T.);
#7305 = EDGE_LOOP('',(#7306,#7316,#7324,#7332));
#7306 = ORIENTED_EDGE('',*,*,#7307,.F.);
#7307 = EDGE_CURVE('',#7308,#7310,#7312,.T.);
#7308 = VERTEX_POINT('',#7309);
#7309 = CARTESIAN_POINT('',(12.254114329845,11.499999999999,-10.));
#7310 = VERTEX_POINT('',#7311);
#7311 = CARTESIAN_POINT('',(12.254114329845,11.499999999999,0.));
#7312 = LINE('',#7313,#7314);
#7313 = CARTESIAN_POINT('',(12.254114329845,11.499999999999,-10.));
#7314 = VECTOR('',#7315,1.);
#7315 = DIRECTION('',(0.,0.,1.));
#7316 = ORIENTED_EDGE('',*,*,#7317,.T.);
#7317 = EDGE_CURVE('',#7308,#7318,#7320,.T.);
#7318 = VERTEX_POINT('',#7319);
#7319 = CARTESIAN_POINT('',(11.307830545144,11.499999999999,-10.));
#7320 = LINE('',#7321,#7322);
#7321 = CARTESIAN_POINT('',(0.,11.499999999999,-10.));
#7322 = VECTOR('',#7323,1.);
#7323 = DIRECTION('',(-1.,-0.,-0.));
#7324 = ORIENTED_EDGE('',*,*,#7325,.F.);
#7325 = EDGE_CURVE('',#7326,#7318,#7328,.T.);
#7326 = VERTEX_POINT('',#7327);
#7327 = CARTESIAN_POINT('',(11.307830545144,11.499999999999,0.));
#7328 = LINE('',#7329,#7330);
#7329 = CARTESIAN_POINT('',(11.307830545144,11.499999999999,-10.));
#7330 = VECTOR('',#7331,1.);
#7331 = DIRECTION('',(0.,0.,-1.));
#7332 = ORIENTED_EDGE('',*,*,#7333,.F.);
#7333 = EDGE_CURVE('',#7310,#7326,#7334,.T.);
#7334 = LINE('',#7335,#7336);
#7335 = CARTESIAN_POINT('',(0.,11.499999999999,0.));
#7336 = VECTOR('',#7337,1.);
#7337 = DIRECTION('',(-1.,-0.,-0.));
#7338 = PLANE('',#7339);
#7339 = AXIS2_PLACEMENT_3D('',#7340,#7341,#7342);
#7340 = CARTESIAN_POINT('',(0.,11.499999999999,-10.));
#7341 = DIRECTION('',(0.,1.,0.));
#7342 = DIRECTION('',(0.,-0.,1.));
#7343 = ADVANCED_FACE('',(#7344),#7378,.T.);
#7344 = FACE_BOUND('',#7345,.T.);
#7345 = EDGE_LOOP('',(#7346,#7356,#7364,#7372));
#7346 = ORIENTED_EDGE('',*,*,#7347,.F.);
#7347 = EDGE_CURVE('',#7348,#7350,#7352,.T.);
#7348 = VERTEX_POINT('',#7349);
#7349 = CARTESIAN_POINT('',(7.541725354847,11.499999999999,-10.));
#7350 = VERTEX_POINT('',#7351);
#7351 = CARTESIAN_POINT('',(7.541725354847,11.499999999999,0.));
#7352 = LINE('',#7353,#7354);
#7353 = CARTESIAN_POINT('',(7.541725354847,11.499999999999,-10.));
#7354 = VECTOR('',#7355,1.);
#7355 = DIRECTION('',(0.,0.,1.));
#7356 = ORIENTED_EDGE('',*,*,#7357,.T.);
#7357 = EDGE_CURVE('',#7348,#7358,#7360,.T.);
#7358 = VERTEX_POINT('',#7359);
#7359 = CARTESIAN_POINT('',(6.595441570146,11.499999999999,-10.));
#7360 = LINE('',#7361,#7362);
#7361 = CARTESIAN_POINT('',(0.,11.499999999999,-10.));
#7362 = VECTOR('',#7363,1.);
#7363 = DIRECTION('',(-1.,-0.,-0.));
#7364 = ORIENTED_EDGE('',*,*,#7365,.F.);
#7365 = EDGE_CURVE('',#7366,#7358,#7368,.T.);
#7366 = VERTEX_POINT('',#7367);
#7367 = CARTESIAN_POINT('',(6.595441570146,11.499999999999,0.));
#7368 = LINE('',#7369,#7370);
#7369 = CARTESIAN_POINT('',(6.595441570146,11.499999999999,-10.));
#7370 = VECTOR('',#7371,1.);
#7371 = DIRECTION('',(0.,0.,-1.));
#7372 = ORIENTED_EDGE('',*,*,#7373,.F.);
#7373 = EDGE_CURVE('',#7350,#7366,#7374,.T.);
#7374 = LINE('',#7375,#7376);
#7375 = CARTESIAN_POINT('',(0.,11.499999999999,0.));
#7376 = VECTOR('',#7377,1.);
#7377 = DIRECTION('',(-1.,-0.,-0.));
#7378 = PLANE('',#7379);
#7379 = AXIS2_PLACEMENT_3D('',#7380,#7381,#7382);
#7380 = CARTESIAN_POINT('',(0.,11.499999999999,-10.));
#7381 = DIRECTION('',(0.,1.,0.));
#7382 = DIRECTION('',(0.,-0.,1.));
#7383 = ADVANCED_FACE('',(#7384),#7418,.T.);
#7384 = FACE_BOUND('',#7385,.T.);
#7385 = EDGE_LOOP('',(#7386,#7396,#7404,#7412));
#7386 = ORIENTED_EDGE('',*,*,#7387,.F.);
#7387 = EDGE_CURVE('',#7388,#7390,#7392,.T.);
#7388 = VERTEX_POINT('',#7389);
#7389 = CARTESIAN_POINT('',(2.829336379849,11.499999999999,-10.));
#7390 = VERTEX_POINT('',#7391);
#7391 = CARTESIAN_POINT('',(2.829336379849,11.499999999999,0.));
#7392 = LINE('',#7393,#7394);
#7393 = CARTESIAN_POINT('',(2.829336379849,11.499999999999,-10.));
#7394 = VECTOR('',#7395,1.);
#7395 = DIRECTION('',(0.,0.,1.));
#7396 = ORIENTED_EDGE('',*,*,#7397,.T.);
#7397 = EDGE_CURVE('',#7388,#7398,#7400,.T.);
#7398 = VERTEX_POINT('',#7399);
#7399 = CARTESIAN_POINT('',(1.883052595148,11.499999999999,-10.));
#7400 = LINE('',#7401,#7402);
#7401 = CARTESIAN_POINT('',(0.,11.499999999999,-10.));
#7402 = VECTOR('',#7403,1.);
#7403 = DIRECTION('',(-1.,-0.,-0.));
#7404 = ORIENTED_EDGE('',*,*,#7405,.F.);
#7405 = EDGE_CURVE('',#7406,#7398,#7408,.T.);
#7406 = VERTEX_POINT('',#7407);
#7407 = CARTESIAN_POINT('',(1.883052595148,11.499999999999,0.));
#7408 = LINE('',#7409,#7410);
#7409 = CARTESIAN_POINT('',(1.883052595148,11.499999999999,-10.));
#7410 = VECTOR('',#7411,1.);
#7411 = DIRECTION('',(0.,0.,-1.));
#7412 = ORIENTED_EDGE('',*,*,#7413,.F.);
#7413 = EDGE_CURVE('',#7390,#7406,#7414,.T.);
#7414 = LINE('',#7415,#7416);
#7415 = CARTESIAN_POINT('',(0.,11.499999999999,0.));
#7416 = VECTOR('',#7417,1.);
#7417 = DIRECTION('',(-1.,-0.,-0.));
#7418 = PLANE('',#7419);
#7419 = AXIS2_PLACEMENT_3D('',#7420,#7421,#7422);
#7420 = CARTESIAN_POINT('',(0.,11.499999999999,-10.));
#7421 = DIRECTION('',(0.,1.,0.));
#7422 = DIRECTION('',(0.,-0.,1.));
#7423 = ADVANCED_FACE('',(#7424),#7458,.T.);
#7424 = FACE_BOUND('',#7425,.T.);
#7425 = EDGE_LOOP('',(#7426,#7436,#7444,#7452));
#7426 = ORIENTED_EDGE('',*,*,#7427,.F.);
#7427 = EDGE_CURVE('',#7428,#7430,#7432,.T.);
#7428 = VERTEX_POINT('',#7429);
#7429 = CARTESIAN_POINT('',(81.993665170108,11.499999999999,0.));
#7430 = VERTEX_POINT('',#7431);
#7431 = CARTESIAN_POINT('',(81.993665170108,11.499999999999,-10.));
#7432 = LINE('',#7433,#7434);
#7433 = CARTESIAN_POINT('',(81.993665170108,11.499999999999,-10.));
#7434 = VECTOR('',#7435,1.);
#7435 = DIRECTION('',(0.,0.,-1.));
#7436 = ORIENTED_EDGE('',*,*,#7437,.F.);
#7437 = EDGE_CURVE('',#7438,#7428,#7440,.T.);
#7438 = VERTEX_POINT('',#7439);
#7439 = CARTESIAN_POINT('',(100.,11.499999999999,0.));
#7440 = LINE('',#7441,#7442);
#7441 = CARTESIAN_POINT('',(0.,11.499999999999,0.));
#7442 = VECTOR('',#7443,1.);
#7443 = DIRECTION('',(-1.,-0.,-0.));
#7444 = ORIENTED_EDGE('',*,*,#7445,.F.);
#7445 = EDGE_CURVE('',#7446,#7438,#7448,.T.);
#7446 = VERTEX_POINT('',#7447);
#7447 = CARTESIAN_POINT('',(100.,11.499999999999,-10.));
#7448 = LINE('',#7449,#7450);
#7449 = CARTESIAN_POINT('',(100.,11.499999999999,-10.));
#7450 = VECTOR('',#7451,1.);
#7451 = DIRECTION('',(0.,0.,1.));
#7452 = ORIENTED_EDGE('',*,*,#7453,.T.);
#7453 = EDGE_CURVE('',#7446,#7430,#7454,.T.);
#7454 = LINE('',#7455,#7456);
#7455 = CARTESIAN_POINT('',(0.,11.499999999999,-10.));
#7456 = VECTOR('',#7457,1.);
#7457 = DIRECTION('',(-1.,-0.,-0.));
#7458 = PLANE('',#7459);
#7459 = AXIS2_PLACEMENT_3D('',#7460,#7461,#7462);
#7460 = CARTESIAN_POINT('',(0.,11.499999999999,-10.));
#7461 = DIRECTION('',(0.,1.,0.));
#7462 = DIRECTION('',(0.,-0.,1.));
#7463 = ADVANCED_FACE('',(#7464),#7521,.T.);
#7464 = FACE_BOUND('',#7465,.T.);
#7465 = EDGE_LOOP('',(#7466,#7474,#7482,#7490,#7498,#7506,#7514,#7520));
#7466 = ORIENTED_EDGE('',*,*,#7467,.F.);
#7467 = EDGE_CURVE('',#7468,#7438,#7470,.T.);
#7468 = VERTEX_POINT('',#7469);
#7469 = CARTESIAN_POINT('',(100.,1.,0.));
#7470 = LINE('',#7471,#7472);
#7471 = CARTESIAN_POINT('',(100.,0.,0.));
#7472 = VECTOR('',#7473,1.);
#7473 = DIRECTION('',(0.,1.,0.));
#7474 = ORIENTED_EDGE('',*,*,#7475,.F.);
#7475 = EDGE_CURVE('',#7476,#7468,#7478,.T.);
#7476 = VERTEX_POINT('',#7477);
#7477 = CARTESIAN_POINT('',(100.,1.,1.));
#7478 = LINE('',#7479,#7480);
#7479 = CARTESIAN_POINT('',(100.,1.,0.));
#7480 = VECTOR('',#7481,1.);
#7481 = DIRECTION('',(-0.,2.168404344971E-16,-1.));
#7482 = ORIENTED_EDGE('',*,*,#7483,.F.);
#7483 = EDGE_CURVE('',#7484,#7476,#7486,.T.);
#7484 = VERTEX_POINT('',#7485);
#7485 = CARTESIAN_POINT('',(100.,-1.349217978087E-17,1.));
#7486 = LINE('',#7487,#7488);
#7487 = CARTESIAN_POINT('',(100.,1.,1.));
#7488 = VECTOR('',#7489,1.);
#7489 = DIRECTION('',(-0.,1.,-2.168404344971E-16));
#7490 = ORIENTED_EDGE('',*,*,#7491,.F.);
#7491 = EDGE_CURVE('',#7492,#7484,#7494,.T.);
#7492 = VERTEX_POINT('',#7493);
#7493 = CARTESIAN_POINT('',(100.,-1.224646799147E-16,-11.));
#7494 = LINE('',#7495,#7496);
#7495 = CARTESIAN_POINT('',(100.,0.,-10.));
#7496 = VECTOR('',#7497,1.);
#7497 = DIRECTION('',(0.,0.,1.));
#7498 = ORIENTED_EDGE('',*,*,#7499,.F.);
#7499 = EDGE_CURVE('',#7500,#7492,#7502,.T.);
#7500 = VERTEX_POINT('',#7501);
#7501 = CARTESIAN_POINT('',(100.,1.,-11.));
#7502 = LINE('',#7503,#7504);
#7503 = CARTESIAN_POINT('',(100.,-1.224646799147E-16,-11.));
#7504 = VECTOR('',#7505,1.);
#7505 = DIRECTION('',(-0.,-1.,-0.));
#7506 = ORIENTED_EDGE('',*,*,#7507,.F.);
#7507 = EDGE_CURVE('',#7508,#7500,#7510,.T.);
#7508 = VERTEX_POINT('',#7509);
#7509 = CARTESIAN_POINT('',(100.,1.,-10.));
#7510 = LINE('',#7511,#7512);
#7511 = CARTESIAN_POINT('',(100.,1.,-11.));
#7512 = VECTOR('',#7513,1.);
#7513 = DIRECTION('',(-0.,-2.168404344971E-16,-1.));
#7514 = ORIENTED_EDGE('',*,*,#7515,.T.);
#7515 = EDGE_CURVE('',#7508,#7446,#7516,.T.);
#7516 = LINE('',#7517,#7518);
#7517 = CARTESIAN_POINT('',(100.,0.,-10.));
#7518 = VECTOR('',#7519,1.);
#7519 = DIRECTION('',(0.,1.,0.));
#7520 = ORIENTED_EDGE('',*,*,#7445,.T.);
#7521 = PLANE('',#7522);
#7522 = AXIS2_PLACEMENT_3D('',#7523,#7524,#7525);
#7523 = CARTESIAN_POINT('',(100.,0.,-10.));
#7524 = DIRECTION('',(1.,0.,0.));
#7525 = DIRECTION('',(0.,0.,-1.));
#7526 = ADVANCED_FACE('',(#7527),#7552,.T.);
#7527 = FACE_BOUND('',#7528,.T.);
#7528 = EDGE_LOOP('',(#7529,#7530,#7538,#7546));
#7529 = ORIENTED_EDGE('',*,*,#7491,.T.);
#7530 = ORIENTED_EDGE('',*,*,#7531,.T.);
#7531 = EDGE_CURVE('',#7484,#7532,#7534,.T.);
#7532 = VERTEX_POINT('',#7533);
#7533 = CARTESIAN_POINT('',(-20.,-1.349217978087E-17,1.));
#7534 = LINE('',#7535,#7536);
#7535 = CARTESIAN_POINT('',(100.,-1.349217978087E-17,1.));
#7536 = VECTOR('',#7537,1.);
#7537 = DIRECTION('',(-1.,0.,0.));
#7538 = ORIENTED_EDGE('',*,*,#7539,.F.);
#7539 = EDGE_CURVE('',#7540,#7532,#7542,.T.);
#7540 = VERTEX_POINT('',#7541);
#7541 = CARTESIAN_POINT('',(-20.,-1.224646799147E-16,-11.));
#7542 = LINE('',#7543,#7544);
#7543 = CARTESIAN_POINT('',(-20.,-1.224646799147E-16,-11.));
#7544 = VECTOR('',#7545,1.);
#7545 = DIRECTION('',(0.,9.081041677822E-18,1.));
#7546 = ORIENTED_EDGE('',*,*,#7547,.F.);
#7547 = EDGE_CURVE('',#7492,#7540,#7548,.T.);
#7548 = LINE('',#7549,#7550);
#7549 = CARTESIAN_POINT('',(100.,-1.224646799147E-16,-11.));
#7550 = VECTOR('',#7551,1.);
#7551 = DIRECTION('',(-1.,0.,0.));
#7552 = PLANE('',#7553);
#7553 = AXIS2_PLACEMENT_3D('',#7554,#7555,#7556);
#7554 = CARTESIAN_POINT('',(0.,0.,-10.));
#7555 = DIRECTION('',(0.,-1.,0.));
#7556 = DIRECTION('',(0.,-0.,-1.));
#7557 = ADVANCED_FACE('',(#7558),#7999,.T.);
#7558 = FACE_BOUND('',#7559,.T.);
#7559 = EDGE_LOOP('',(#7560,#7568,#7576,#7584,#7592,#7600,#7606,#7607,
    #7615,#7623,#7629,#7630,#7638,#7646,#7652,#7653,#7661,#7669,#7675,
    #7676,#7684,#7692,#7698,#7699,#7707,#7715,#7721,#7722,#7730,#7738,
    #7744,#7745,#7753,#7761,#7767,#7768,#7776,#7784,#7790,#7791,#7799,
    #7807,#7813,#7814,#7822,#7830,#7836,#7837,#7845,#7853,#7859,#7860,
    #7868,#7876,#7882,#7883,#7891,#7899,#7905,#7906,#7914,#7922,#7928,
    #7929,#7937,#7945,#7951,#7952,#7960,#7968,#7974,#7975,#7983,#7991,
    #7997,#7998));
#7560 = ORIENTED_EDGE('',*,*,#7561,.T.);
#7561 = EDGE_CURVE('',#7508,#7562,#7564,.T.);
#7562 = VERTEX_POINT('',#7563);
#7563 = CARTESIAN_POINT('',(-20.,1.,-10.));
#7564 = LINE('',#7565,#7566);
#7565 = CARTESIAN_POINT('',(100.,1.,-10.));
#7566 = VECTOR('',#7567,1.);
#7567 = DIRECTION('',(-1.,0.,0.));
#7568 = ORIENTED_EDGE('',*,*,#7569,.F.);
#7569 = EDGE_CURVE('',#7570,#7562,#7572,.T.);
#7570 = VERTEX_POINT('',#7571);
#7571 = CARTESIAN_POINT('',(-20.,11.499999999999,-10.));
#7572 = LINE('',#7573,#7574);
#7573 = CARTESIAN_POINT('',(-20.,11.499999999999,-10.));
#7574 = VECTOR('',#7575,1.);
#7575 = DIRECTION('',(0.,-1.,0.));
#7576 = ORIENTED_EDGE('',*,*,#7577,.T.);
#7577 = EDGE_CURVE('',#7570,#7578,#7580,.T.);
#7578 = VERTEX_POINT('',#7579);
#7579 = CARTESIAN_POINT('',(0.,11.499999999999,-10.));
#7580 = LINE('',#7581,#7582);
#7581 = CARTESIAN_POINT('',(-20.,11.499999999999,-10.));
#7582 = VECTOR('',#7583,1.);
#7583 = DIRECTION('',(1.,-0.,-0.));
#7584 = ORIENTED_EDGE('',*,*,#7585,.T.);
#7585 = EDGE_CURVE('',#7578,#7586,#7588,.T.);
#7586 = VERTEX_POINT('',#7587);
#7587 = CARTESIAN_POINT('',(0.,8.125000000001,-10.));
#7588 = LINE('',#7589,#7590);
#7589 = CARTESIAN_POINT('',(0.,8.125000000001,-10.));
#7590 = VECTOR('',#7591,1.);
#7591 = DIRECTION('',(0.,-1.,0.));
#7592 = ORIENTED_EDGE('',*,*,#7593,.T.);
#7593 = EDGE_CURVE('',#7586,#7594,#7596,.T.);
#7594 = VERTEX_POINT('',#7595);
#7595 = CARTESIAN_POINT('',(0.654653054501,8.125000000001,-10.));
#7596 = LINE('',#7597,#7598);
#7597 = CARTESIAN_POINT('',(0.654653054501,8.125000000001,-10.));
#7598 = VECTOR('',#7599,1.);
#7599 = DIRECTION('',(1.,-0.,-0.));
#7600 = ORIENTED_EDGE('',*,*,#7601,.T.);
#7601 = EDGE_CURVE('',#7594,#7398,#7602,.T.);
#7602 = LINE('',#7603,#7604);
#7603 = CARTESIAN_POINT('',(1.892297439099,11.525399999999,-10.));
#7604 = VECTOR('',#7605,1.);
#7605 = DIRECTION('',(0.342020143326,0.939692620786,-0.));
#7606 = ORIENTED_EDGE('',*,*,#7397,.F.);
#7607 = ORIENTED_EDGE('',*,*,#7608,.T.);
#7608 = EDGE_CURVE('',#7388,#7609,#7611,.T.);
#7609 = VERTEX_POINT('',#7610);
#7610 = CARTESIAN_POINT('',(4.057735920497,8.125000000001,-10.));
#7611 = LINE('',#7612,#7613);
#7612 = CARTESIAN_POINT('',(2.820091535899,11.525399999999,-10.));
#7613 = VECTOR('',#7614,1.);
#7614 = DIRECTION('',(0.342020143326,-0.939692620786,0.));
#7615 = ORIENTED_EDGE('',*,*,#7616,.T.);
#7616 = EDGE_CURVE('',#7609,#7617,#7619,.T.);
#7617 = VERTEX_POINT('',#7618);
#7618 = CARTESIAN_POINT('',(5.367042029498,8.125000000001,-10.));
#7619 = LINE('',#7620,#7621);
#7620 = CARTESIAN_POINT('',(5.367042029498,8.125000000001,-10.));
#7621 = VECTOR('',#7622,1.);
#7622 = DIRECTION('',(1.,-0.,-0.));
#7623 = ORIENTED_EDGE('',*,*,#7624,.T.);
#7624 = EDGE_CURVE('',#7617,#7358,#7625,.T.);
#7625 = LINE('',#7626,#7627);
#7626 = CARTESIAN_POINT('',(6.604686414096,11.525399999999,-10.));
#7627 = VECTOR('',#7628,1.);
#7628 = DIRECTION('',(0.342020143326,0.939692620786,-0.));
#7629 = ORIENTED_EDGE('',*,*,#7357,.F.);
#7630 = ORIENTED_EDGE('',*,*,#7631,.T.);
#7631 = EDGE_CURVE('',#7348,#7632,#7634,.T.);
#7632 = VERTEX_POINT('',#7633);
#7633 = CARTESIAN_POINT('',(8.770124895495,8.125000000001,-10.));
#7634 = LINE('',#7635,#7636);
#7635 = CARTESIAN_POINT('',(7.532480510896,11.525399999999,-10.));
#7636 = VECTOR('',#7637,1.);
#7637 = DIRECTION('',(0.342020143326,-0.939692620786,0.));
#7638 = ORIENTED_EDGE('',*,*,#7639,.T.);
#7639 = EDGE_CURVE('',#7632,#7640,#7642,.T.);
#7640 = VERTEX_POINT('',#7641);
#7641 = CARTESIAN_POINT('',(10.079431004496,8.125000000001,-10.));
#7642 = LINE('',#7643,#7644);
#7643 = CARTESIAN_POINT('',(10.079431004496,8.125000000001,-10.));
#7644 = VECTOR('',#7645,1.);
#7645 = DIRECTION('',(1.,-0.,-0.));
#7646 = ORIENTED_EDGE('',*,*,#7647,.T.);
#7647 = EDGE_CURVE('',#7640,#7318,#7648,.T.);
#7648 = LINE('',#7649,#7650);
#7649 = CARTESIAN_POINT('',(11.317075389094,11.525399999999,-10.));
#7650 = VECTOR('',#7651,1.);
#7651 = DIRECTION('',(0.342020143326,0.939692620786,-0.));
#7652 = ORIENTED_EDGE('',*,*,#7317,.F.);
#7653 = ORIENTED_EDGE('',*,*,#7654,.T.);
#7654 = EDGE_CURVE('',#7308,#7655,#7657,.T.);
#7655 = VERTEX_POINT('',#7656);
#7656 = CARTESIAN_POINT('',(13.482513870492,8.125000000001,-10.));
#7657 = LINE('',#7658,#7659);
#7658 = CARTESIAN_POINT('',(12.244869485894,11.525399999999,-10.));
#7659 = VECTOR('',#7660,1.);
#7660 = DIRECTION('',(0.342020143326,-0.939692620786,0.));
#7661 = ORIENTED_EDGE('',*,*,#7662,.T.);
#7662 = EDGE_CURVE('',#7655,#7663,#7665,.T.);
#7663 = VERTEX_POINT('',#7664);
#7664 = CARTESIAN_POINT('',(14.791819979494,8.125000000001,-10.));
#7665 = LINE('',#7666,#7667);
#7666 = CARTESIAN_POINT('',(14.791819979494,8.125000000001,-10.));
#7667 = VECTOR('',#7668,1.);
#7668 = DIRECTION('',(1.,-0.,-0.));
#7669 = ORIENTED_EDGE('',*,*,#7670,.T.);
#7670 = EDGE_CURVE('',#7663,#7278,#7671,.T.);
#7671 = LINE('',#7672,#7673);
#7672 = CARTESIAN_POINT('',(16.029464364092,11.525399999999,-10.));
#7673 = VECTOR('',#7674,1.);
#7674 = DIRECTION('',(0.342020143326,0.939692620786,-0.));
#7675 = ORIENTED_EDGE('',*,*,#7277,.F.);
#7676 = ORIENTED_EDGE('',*,*,#7677,.T.);
#7677 = EDGE_CURVE('',#7268,#7678,#7680,.T.);
#7678 = VERTEX_POINT('',#7679);
#7679 = CARTESIAN_POINT('',(18.19490284549,8.125000000001,-10.));
#7680 = LINE('',#7681,#7682);
#7681 = CARTESIAN_POINT('',(16.957258460892,11.525399999999,-10.));
#7682 = VECTOR('',#7683,1.);
#7683 = DIRECTION('',(0.342020143326,-0.939692620786,0.));
#7684 = ORIENTED_EDGE('',*,*,#7685,.T.);
#7685 = EDGE_CURVE('',#7678,#7686,#7688,.T.);
#7686 = VERTEX_POINT('',#7687);
#7687 = CARTESIAN_POINT('',(19.504208954491,8.125000000001,-10.));
#7688 = LINE('',#7689,#7690);
#7689 = CARTESIAN_POINT('',(19.504208954491,8.125000000001,-10.));
#7690 = VECTOR('',#7691,1.);
#7691 = DIRECTION('',(1.,-0.,-0.));
#7692 = ORIENTED_EDGE('',*,*,#7693,.T.);
#7693 = EDGE_CURVE('',#7686,#7238,#7694,.T.);
#7694 = LINE('',#7695,#7696);
#7695 = CARTESIAN_POINT('',(20.741853339089,11.525399999999,-10.));
#7696 = VECTOR('',#7697,1.);
#7697 = DIRECTION('',(0.342020143326,0.939692620786,-0.));
#7698 = ORIENTED_EDGE('',*,*,#7237,.F.);
#7699 = ORIENTED_EDGE('',*,*,#7700,.T.);
#7700 = EDGE_CURVE('',#7228,#7701,#7703,.T.);
#7701 = VERTEX_POINT('',#7702);
#7702 = CARTESIAN_POINT('',(22.907291820488,8.125000000001,-10.));
#7703 = LINE('',#7704,#7705);
#7704 = CARTESIAN_POINT('',(21.669647435889,11.525399999999,-10.));
#7705 = VECTOR('',#7706,1.);
#7706 = DIRECTION('',(0.342020143326,-0.939692620786,0.));
#7707 = ORIENTED_EDGE('',*,*,#7708,.T.);
#7708 = EDGE_CURVE('',#7701,#7709,#7711,.T.);
#7709 = VERTEX_POINT('',#7710);
#7710 = CARTESIAN_POINT('',(24.216597929489,8.125000000001,-10.));
#7711 = LINE('',#7712,#7713);
#7712 = CARTESIAN_POINT('',(24.216597929489,8.125000000001,-10.));
#7713 = VECTOR('',#7714,1.);
#7714 = DIRECTION('',(1.,-0.,-0.));
#7715 = ORIENTED_EDGE('',*,*,#7716,.T.);
#7716 = EDGE_CURVE('',#7709,#7198,#7717,.T.);
#7717 = LINE('',#7718,#7719);
#7718 = CARTESIAN_POINT('',(25.454242314087,11.525399999999,-10.));
#7719 = VECTOR('',#7720,1.);
#7720 = DIRECTION('',(0.342020143326,0.939692620786,-0.));
#7721 = ORIENTED_EDGE('',*,*,#7197,.F.);
#7722 = ORIENTED_EDGE('',*,*,#7723,.T.);
#7723 = EDGE_CURVE('',#7188,#7724,#7726,.T.);
#7724 = VERTEX_POINT('',#7725);
#7725 = CARTESIAN_POINT('',(27.619680795485,8.125000000001,-10.));
#7726 = LINE('',#7727,#7728);
#7727 = CARTESIAN_POINT('',(26.382036410887,11.525399999999,-10.));
#7728 = VECTOR('',#7729,1.);
#7729 = DIRECTION('',(0.342020143326,-0.939692620786,0.));
#7730 = ORIENTED_EDGE('',*,*,#7731,.T.);
#7731 = EDGE_CURVE('',#7724,#7732,#7734,.T.);
#7732 = VERTEX_POINT('',#7733);
#7733 = CARTESIAN_POINT('',(28.928986904487,8.125000000001,-10.));
#7734 = LINE('',#7735,#7736);
#7735 = CARTESIAN_POINT('',(28.928986904487,8.125000000001,-10.));
#7736 = VECTOR('',#7737,1.);
#7737 = DIRECTION('',(1.,-0.,-0.));
#7738 = ORIENTED_EDGE('',*,*,#7739,.T.);
#7739 = EDGE_CURVE('',#7732,#7158,#7740,.T.);
#7740 = LINE('',#7741,#7742);
#7741 = CARTESIAN_POINT('',(30.166631289085,11.525399999999,-10.));
#7742 = VECTOR('',#7743,1.);
#7743 = DIRECTION('',(0.342020143326,0.939692620786,-0.));
#7744 = ORIENTED_EDGE('',*,*,#7157,.F.);
#7745 = ORIENTED_EDGE('',*,*,#7746,.T.);
#7746 = EDGE_CURVE('',#7148,#7747,#7749,.T.);
#7747 = VERTEX_POINT('',#7748);
#7748 = CARTESIAN_POINT('',(32.332069770483,8.125000000001,-10.));
#7749 = LINE('',#7750,#7751);
#7750 = CARTESIAN_POINT('',(31.094425385885,11.525399999999,-10.));
#7751 = VECTOR('',#7752,1.);
#7752 = DIRECTION('',(0.342020143326,-0.939692620786,0.));
#7753 = ORIENTED_EDGE('',*,*,#7754,.T.);
#7754 = EDGE_CURVE('',#7747,#7755,#7757,.T.);
#7755 = VERTEX_POINT('',#7756);
#7756 = CARTESIAN_POINT('',(33.641375879484,8.125000000001,-10.));
#7757 = LINE('',#7758,#7759);
#7758 = CARTESIAN_POINT('',(33.641375879484,8.125000000001,-10.));
#7759 = VECTOR('',#7760,1.);
#7760 = DIRECTION('',(1.,-0.,-0.));
#7761 = ORIENTED_EDGE('',*,*,#7762,.T.);
#7762 = EDGE_CURVE('',#7755,#7118,#7763,.T.);
#7763 = LINE('',#7764,#7765);
#7764 = CARTESIAN_POINT('',(34.879020264082,11.525399999999,-10.));
#7765 = VECTOR('',#7766,1.);
#7766 = DIRECTION('',(0.342020143326,0.939692620786,-0.));
#7767 = ORIENTED_EDGE('',*,*,#7117,.F.);
#7768 = ORIENTED_EDGE('',*,*,#7769,.T.);
#7769 = EDGE_CURVE('',#7108,#7770,#7772,.T.);
#7770 = VERTEX_POINT('',#7771);
#7771 = CARTESIAN_POINT('',(37.044458745481,8.125000000001,-10.));
#7772 = LINE('',#7773,#7774);
#7773 = CARTESIAN_POINT('',(35.806814360882,11.525399999999,-10.));
#7774 = VECTOR('',#7775,1.);
#7775 = DIRECTION('',(0.342020143326,-0.939692620786,0.));
#7776 = ORIENTED_EDGE('',*,*,#7777,.T.);
#7777 = EDGE_CURVE('',#7770,#7778,#7780,.T.);
#7778 = VERTEX_POINT('',#7779);
#7779 = CARTESIAN_POINT('',(38.353764854482,8.125000000001,-10.));
#7780 = LINE('',#7781,#7782);
#7781 = CARTESIAN_POINT('',(38.353764854482,8.125000000001,-10.));
#7782 = VECTOR('',#7783,1.);
#7783 = DIRECTION('',(1.,-0.,-0.));
#7784 = ORIENTED_EDGE('',*,*,#7785,.T.);
#7785 = EDGE_CURVE('',#7778,#7078,#7786,.T.);
#7786 = LINE('',#7787,#7788);
#7787 = CARTESIAN_POINT('',(39.59140923908,11.525399999999,-10.));
#7788 = VECTOR('',#7789,1.);
#7789 = DIRECTION('',(0.342020143326,0.939692620786,-0.));
#7790 = ORIENTED_EDGE('',*,*,#7077,.F.);
#7791 = ORIENTED_EDGE('',*,*,#7792,.T.);
#7792 = EDGE_CURVE('',#7068,#7793,#7795,.T.);
#7793 = VERTEX_POINT('',#7794);
#7794 = CARTESIAN_POINT('',(41.756847720478,8.125000000001,-10.));
#7795 = LINE('',#7796,#7797);
#7796 = CARTESIAN_POINT('',(40.51920333588,11.525399999999,-10.));
#7797 = VECTOR('',#7798,1.);
#7798 = DIRECTION('',(0.342020143326,-0.939692620786,0.));
#7799 = ORIENTED_EDGE('',*,*,#7800,.T.);
#7800 = EDGE_CURVE('',#7793,#7801,#7803,.T.);
#7801 = VERTEX_POINT('',#7802);
#7802 = CARTESIAN_POINT('',(43.066153829479,8.125000000001,-10.));
#7803 = LINE('',#7804,#7805);
#7804 = CARTESIAN_POINT('',(43.066153829479,8.125000000001,-10.));
#7805 = VECTOR('',#7806,1.);
#7806 = DIRECTION('',(1.,-0.,-0.));
#7807 = ORIENTED_EDGE('',*,*,#7808,.T.);
#7808 = EDGE_CURVE('',#7801,#7038,#7809,.T.);
#7809 = LINE('',#7810,#7811);
#7810 = CARTESIAN_POINT('',(44.303798214078,11.525399999999,-10.));
#7811 = VECTOR('',#7812,1.);
#7812 = DIRECTION('',(0.342020143326,0.939692620786,-0.));
#7813 = ORIENTED_EDGE('',*,*,#7037,.F.);
#7814 = ORIENTED_EDGE('',*,*,#7815,.T.);
#7815 = EDGE_CURVE('',#7028,#7816,#7818,.T.);
#7816 = VERTEX_POINT('',#7817);
#7817 = CARTESIAN_POINT('',(46.469236695476,8.125000000001,-10.));
#7818 = LINE('',#7819,#7820);
#7819 = CARTESIAN_POINT('',(45.231592310878,11.525399999999,-10.));
#7820 = VECTOR('',#7821,1.);
#7821 = DIRECTION('',(0.342020143326,-0.939692620786,0.));
#7822 = ORIENTED_EDGE('',*,*,#7823,.T.);
#7823 = EDGE_CURVE('',#7816,#7824,#7826,.T.);
#7824 = VERTEX_POINT('',#7825);
#7825 = CARTESIAN_POINT('',(47.778542804477,8.125000000001,-10.));
#7826 = LINE('',#7827,#7828);
#7827 = CARTESIAN_POINT('',(47.778542804477,8.125000000001,-10.));
#7828 = VECTOR('',#7829,1.);
#7829 = DIRECTION('',(1.,-0.,-0.));
#7830 = ORIENTED_EDGE('',*,*,#7831,.T.);
#7831 = EDGE_CURVE('',#7824,#6998,#7832,.T.);
#7832 = LINE('',#7833,#7834);
#7833 = CARTESIAN_POINT('',(49.016187189075,11.525399999999,-10.));
#7834 = VECTOR('',#7835,1.);
#7835 = DIRECTION('',(0.342020143326,0.939692620786,-0.));
#7836 = ORIENTED_EDGE('',*,*,#6997,.F.);
#7837 = ORIENTED_EDGE('',*,*,#7838,.T.);
#7838 = EDGE_CURVE('',#6988,#7839,#7841,.T.);
#7839 = VERTEX_POINT('',#7840);
#7840 = CARTESIAN_POINT('',(51.181625670473,8.125000000001,-10.));
#7841 = LINE('',#7842,#7843);
#7842 = CARTESIAN_POINT('',(49.943981285875,11.525399999999,-10.));
#7843 = VECTOR('',#7844,1.);
#7844 = DIRECTION('',(0.342020143326,-0.939692620786,0.));
#7845 = ORIENTED_EDGE('',*,*,#7846,.T.);
#7846 = EDGE_CURVE('',#7839,#7847,#7849,.T.);
#7847 = VERTEX_POINT('',#7848);
#7848 = CARTESIAN_POINT('',(52.490931779475,8.125000000001,-10.));
#7849 = LINE('',#7850,#7851);
#7850 = CARTESIAN_POINT('',(52.490931779475,8.125000000001,-10.));
#7851 = VECTOR('',#7852,1.);
#7852 = DIRECTION('',(1.,-0.,-0.));
#7853 = ORIENTED_EDGE('',*,*,#7854,.T.);
#7854 = EDGE_CURVE('',#7847,#6958,#7855,.T.);
#7855 = LINE('',#7856,#7857);
#7856 = CARTESIAN_POINT('',(53.728576164073,11.525399999999,-10.));
#7857 = VECTOR('',#7858,1.);
#7858 = DIRECTION('',(0.342020143326,0.939692620786,-0.));
#7859 = ORIENTED_EDGE('',*,*,#6957,.F.);
#7860 = ORIENTED_EDGE('',*,*,#7861,.T.);
#7861 = EDGE_CURVE('',#6948,#7862,#7864,.T.);
#7862 = VERTEX_POINT('',#7863);
#7863 = CARTESIAN_POINT('',(55.894014645471,8.125000000001,-10.));
#7864 = LINE('',#7865,#7866);
#7865 = CARTESIAN_POINT('',(54.656370260873,11.525399999999,-10.));
#7866 = VECTOR('',#7867,1.);
#7867 = DIRECTION('',(0.342020143326,-0.939692620786,0.));
#7868 = ORIENTED_EDGE('',*,*,#7869,.T.);
#7869 = EDGE_CURVE('',#7862,#7870,#7872,.T.);
#7870 = VERTEX_POINT('',#7871);
#7871 = CARTESIAN_POINT('',(57.203320754472,8.125000000001,-10.));
#7872 = LINE('',#7873,#7874);
#7873 = CARTESIAN_POINT('',(57.203320754472,8.125000000001,-10.));
#7874 = VECTOR('',#7875,1.);
#7875 = DIRECTION('',(1.,-0.,-0.));
#7876 = ORIENTED_EDGE('',*,*,#7877,.T.);
#7877 = EDGE_CURVE('',#7870,#6918,#7878,.T.);
#7878 = LINE('',#7879,#7880);
#7879 = CARTESIAN_POINT('',(58.440965139071,11.525399999999,-10.));
#7880 = VECTOR('',#7881,1.);
#7881 = DIRECTION('',(0.342020143326,0.939692620786,-0.));
#7882 = ORIENTED_EDGE('',*,*,#6917,.F.);
#7883 = ORIENTED_EDGE('',*,*,#7884,.T.);
#7884 = EDGE_CURVE('',#6908,#7885,#7887,.T.);
#7885 = VERTEX_POINT('',#7886);
#7886 = CARTESIAN_POINT('',(60.606403620469,8.125000000001,-10.));
#7887 = LINE('',#7888,#7889);
#7888 = CARTESIAN_POINT('',(59.368759235871,11.525399999999,-10.));
#7889 = VECTOR('',#7890,1.);
#7890 = DIRECTION('',(0.342020143326,-0.939692620786,0.));
#7891 = ORIENTED_EDGE('',*,*,#7892,.T.);
#7892 = EDGE_CURVE('',#7885,#7893,#7895,.T.);
#7893 = VERTEX_POINT('',#7894);
#7894 = CARTESIAN_POINT('',(61.91570972947,8.125000000001,-10.));
#7895 = LINE('',#7896,#7897);
#7896 = CARTESIAN_POINT('',(61.91570972947,8.125000000001,-10.));
#7897 = VECTOR('',#7898,1.);
#7898 = DIRECTION('',(1.,-0.,-0.));
#7899 = ORIENTED_EDGE('',*,*,#7900,.T.);
#7900 = EDGE_CURVE('',#7893,#6878,#7901,.T.);
#7901 = LINE('',#7902,#7903);
#7902 = CARTESIAN_POINT('',(63.153354114068,11.525399999999,-10.));
#7903 = VECTOR('',#7904,1.);
#7904 = DIRECTION('',(0.342020143326,0.939692620786,-0.));
#7905 = ORIENTED_EDGE('',*,*,#6877,.F.);
#7906 = ORIENTED_EDGE('',*,*,#7907,.T.);
#7907 = EDGE_CURVE('',#6868,#7908,#7910,.T.);
#7908 = VERTEX_POINT('',#7909);
#7909 = CARTESIAN_POINT('',(65.318792595466,8.125000000001,-10.));
#7910 = LINE('',#7911,#7912);
#7911 = CARTESIAN_POINT('',(64.081148210868,11.525399999999,-10.));
#7912 = VECTOR('',#7913,1.);
#7913 = DIRECTION('',(0.342020143326,-0.939692620786,0.));
#7914 = ORIENTED_EDGE('',*,*,#7915,.T.);
#7915 = EDGE_CURVE('',#7908,#7916,#7918,.T.);
#7916 = VERTEX_POINT('',#7917);
#7917 = CARTESIAN_POINT('',(66.628098704468,8.125000000001,-10.));
#7918 = LINE('',#7919,#7920);
#7919 = CARTESIAN_POINT('',(66.628098704468,8.125000000001,-10.));
#7920 = VECTOR('',#7921,1.);
#7921 = DIRECTION('',(1.,-0.,-0.));
#7922 = ORIENTED_EDGE('',*,*,#7923,.T.);
#7923 = EDGE_CURVE('',#7916,#6838,#7924,.T.);
#7924 = LINE('',#7925,#7926);
#7925 = CARTESIAN_POINT('',(67.865743089066,11.525399999999,-10.));
#7926 = VECTOR('',#7927,1.);
#7927 = DIRECTION('',(0.342020143326,0.939692620786,-0.));
#7928 = ORIENTED_EDGE('',*,*,#6837,.F.);
#7929 = ORIENTED_EDGE('',*,*,#7930,.T.);
#7930 = EDGE_CURVE('',#6828,#7931,#7933,.T.);
#7931 = VERTEX_POINT('',#7932);
#7932 = CARTESIAN_POINT('',(70.031181570464,8.125000000001,-10.));
#7933 = LINE('',#7934,#7935);
#7934 = CARTESIAN_POINT('',(68.793537185866,11.525399999999,-10.));
#7935 = VECTOR('',#7936,1.);
#7936 = DIRECTION('',(0.342020143326,-0.939692620786,0.));
#7937 = ORIENTED_EDGE('',*,*,#7938,.T.);
#7938 = EDGE_CURVE('',#7931,#7939,#7941,.T.);
#7939 = VERTEX_POINT('',#7940);
#7940 = CARTESIAN_POINT('',(71.340487679465,8.125000000001,-10.));
#7941 = LINE('',#7942,#7943);
#7942 = CARTESIAN_POINT('',(71.340487679465,8.125000000001,-10.));
#7943 = VECTOR('',#7944,1.);
#7944 = DIRECTION('',(1.,-0.,-0.));
#7945 = ORIENTED_EDGE('',*,*,#7946,.T.);
#7946 = EDGE_CURVE('',#7939,#6798,#7947,.T.);
#7947 = LINE('',#7948,#7949);
#7948 = CARTESIAN_POINT('',(72.578132064063,11.525399999999,-10.));
#7949 = VECTOR('',#7950,1.);
#7950 = DIRECTION('',(0.342020143326,0.939692620786,-0.));
#7951 = ORIENTED_EDGE('',*,*,#6797,.F.);
#7952 = ORIENTED_EDGE('',*,*,#7953,.T.);
#7953 = EDGE_CURVE('',#6788,#7954,#7956,.T.);
#7954 = VERTEX_POINT('',#7955);
#7955 = CARTESIAN_POINT('',(74.743570545462,8.125000000001,-10.));
#7956 = LINE('',#7957,#7958);
#7957 = CARTESIAN_POINT('',(73.505926160864,11.525399999999,-10.));
#7958 = VECTOR('',#7959,1.);
#7959 = DIRECTION('',(0.342020143326,-0.939692620786,0.));
#7960 = ORIENTED_EDGE('',*,*,#7961,.T.);
#7961 = EDGE_CURVE('',#7954,#7962,#7964,.T.);
#7962 = VERTEX_POINT('',#7963);
#7963 = CARTESIAN_POINT('',(76.052876654463,8.125000000001,-10.));
#7964 = LINE('',#7965,#7966);
#7965 = CARTESIAN_POINT('',(76.052876654463,8.125000000001,-10.));
#7966 = VECTOR('',#7967,1.);
#7967 = DIRECTION('',(1.,-0.,-0.));
#7968 = ORIENTED_EDGE('',*,*,#7969,.T.);
#7969 = EDGE_CURVE('',#7962,#6758,#7970,.T.);
#7970 = LINE('',#7971,#7972);
#7971 = CARTESIAN_POINT('',(77.290521039061,11.525399999999,-10.));
#7972 = VECTOR('',#7973,1.);
#7973 = DIRECTION('',(0.342020143326,0.939692620786,-0.));
#7974 = ORIENTED_EDGE('',*,*,#6757,.F.);
#7975 = ORIENTED_EDGE('',*,*,#7976,.T.);
#7976 = EDGE_CURVE('',#6748,#7977,#7979,.T.);
#7977 = VERTEX_POINT('',#7978);
#7978 = CARTESIAN_POINT('',(79.455959520459,8.125000000001,-10.));
#7979 = LINE('',#7980,#7981);
#7980 = CARTESIAN_POINT('',(78.218315135861,11.525399999999,-10.));
#7981 = VECTOR('',#7982,1.);
#7982 = DIRECTION('',(0.342020143326,-0.939692620786,0.));
#7983 = ORIENTED_EDGE('',*,*,#7984,.T.);
#7984 = EDGE_CURVE('',#7977,#7985,#7987,.T.);
#7985 = VERTEX_POINT('',#7986);
#7986 = CARTESIAN_POINT('',(80.765265629461,8.125000000001,-10.));
#7987 = LINE('',#7988,#7989);
#7988 = CARTESIAN_POINT('',(80.765265629461,8.125000000001,-10.));
#7989 = VECTOR('',#7990,1.);
#7990 = DIRECTION('',(1.,-0.,-0.));
#7991 = ORIENTED_EDGE('',*,*,#7992,.T.);
#7992 = EDGE_CURVE('',#7985,#7430,#7993,.T.);
#7993 = LINE('',#7994,#7995);
#7994 = CARTESIAN_POINT('',(82.002910014059,11.525399999999,-10.));
#7995 = VECTOR('',#7996,1.);
#7996 = DIRECTION('',(0.342020143326,0.939692620786,-0.));
#7997 = ORIENTED_EDGE('',*,*,#7453,.F.);
#7998 = ORIENTED_EDGE('',*,*,#7515,.F.);
#7999 = PLANE('',#8000);
#8000 = AXIS2_PLACEMENT_3D('',#8001,#8002,#8003);
#8001 = CARTESIAN_POINT('',(0.,11.499999999999,-10.));
#8002 = DIRECTION('',(0.,0.,-1.));
#8003 = DIRECTION('',(-1.,0.,-0.));
#8004 = ADVANCED_FACE('',(#8005),#8446,.F.);
#8005 = FACE_BOUND('',#8006,.T.);
#8006 = EDGE_LOOP('',(#8007,#8017,#8025,#8033,#8041,#8047,#8048,#8049,
    #8057,#8065,#8071,#8072,#8080,#8088,#8094,#8095,#8103,#8111,#8117,
    #8118,#8126,#8134,#8140,#8141,#8149,#8157,#8163,#8164,#8172,#8180,
    #8186,#8187,#8195,#8203,#8209,#8210,#8218,#8226,#8232,#8233,#8241,
    #8249,#8255,#8256,#8264,#8272,#8278,#8279,#8287,#8295,#8301,#8302,
    #8310,#8318,#8324,#8325,#8333,#8341,#8347,#8348,#8356,#8364,#8370,
    #8371,#8379,#8387,#8393,#8394,#8402,#8410,#8416,#8417,#8425,#8433,
    #8439,#8440));
#8007 = ORIENTED_EDGE('',*,*,#8008,.T.);
#8008 = EDGE_CURVE('',#8009,#8011,#8013,.T.);
#8009 = VERTEX_POINT('',#8010);
#8010 = CARTESIAN_POINT('',(0.654653054501,8.125000000001,0.));
#8011 = VERTEX_POINT('',#8012);
#8012 = CARTESIAN_POINT('',(0.,8.125000000001,0.));
#8013 = LINE('',#8014,#8015);
#8014 = CARTESIAN_POINT('',(0.,8.125000000001,0.));
#8015 = VECTOR('',#8016,1.);
#8016 = DIRECTION('',(-1.,0.,0.));
#8017 = ORIENTED_EDGE('',*,*,#8018,.T.);
#8018 = EDGE_CURVE('',#8011,#8019,#8021,.T.);
#8019 = VERTEX_POINT('',#8020);
#8020 = CARTESIAN_POINT('',(0.,11.499999999999,0.));
#8021 = LINE('',#8022,#8023);
#8022 = CARTESIAN_POINT('',(0.,1.,0.));
#8023 = VECTOR('',#8024,1.);
#8024 = DIRECTION('',(0.,1.,0.));
#8025 = ORIENTED_EDGE('',*,*,#8026,.F.);
#8026 = EDGE_CURVE('',#8027,#8019,#8029,.T.);
#8027 = VERTEX_POINT('',#8028);
#8028 = CARTESIAN_POINT('',(-20.,11.499999999999,0.));
#8029 = LINE('',#8030,#8031);
#8030 = CARTESIAN_POINT('',(-20.,11.499999999999,0.));
#8031 = VECTOR('',#8032,1.);
#8032 = DIRECTION('',(1.,-0.,-0.));
#8033 = ORIENTED_EDGE('',*,*,#8034,.F.);
#8034 = EDGE_CURVE('',#8035,#8027,#8037,.T.);
#8035 = VERTEX_POINT('',#8036);
#8036 = CARTESIAN_POINT('',(-20.,1.,0.));
#8037 = LINE('',#8038,#8039);
#8038 = CARTESIAN_POINT('',(-20.,8.125000000001,0.));
#8039 = VECTOR('',#8040,1.);
#8040 = DIRECTION('',(0.,1.,0.));
#8041 = ORIENTED_EDGE('',*,*,#8042,.F.);
#8042 = EDGE_CURVE('',#7468,#8035,#8043,.T.);
#8043 = LINE('',#8044,#8045);
#8044 = CARTESIAN_POINT('',(100.,1.,0.));
#8045 = VECTOR('',#8046,1.);
#8046 = DIRECTION('',(-1.,0.,0.));
#8047 = ORIENTED_EDGE('',*,*,#7467,.T.);
#8048 = ORIENTED_EDGE('',*,*,#7437,.T.);
#8049 = ORIENTED_EDGE('',*,*,#8050,.F.);
#8050 = EDGE_CURVE('',#8051,#7428,#8053,.T.);
#8051 = VERTEX_POINT('',#8052);
#8052 = CARTESIAN_POINT('',(80.765265629461,8.125000000001,0.));
#8053 = LINE('',#8054,#8055);
#8054 = CARTESIAN_POINT('',(82.002910014059,11.525399999999,0.));
#8055 = VECTOR('',#8056,1.);
#8056 = DIRECTION('',(0.342020143326,0.939692620786,-0.));
#8057 = ORIENTED_EDGE('',*,*,#8058,.F.);
#8058 = EDGE_CURVE('',#8059,#8051,#8061,.T.);
#8059 = VERTEX_POINT('',#8060);
#8060 = CARTESIAN_POINT('',(79.455959520459,8.125000000001,0.));
#8061 = LINE('',#8062,#8063);
#8062 = CARTESIAN_POINT('',(80.765265629461,8.125000000001,0.));
#8063 = VECTOR('',#8064,1.);
#8064 = DIRECTION('',(1.,-0.,-0.));
#8065 = ORIENTED_EDGE('',*,*,#8066,.T.);
#8066 = EDGE_CURVE('',#8059,#6750,#8067,.T.);
#8067 = LINE('',#8068,#8069);
#8068 = CARTESIAN_POINT('',(69.076673800552,36.641853145516,0.));
#8069 = VECTOR('',#8070,1.);
#8070 = DIRECTION('',(-0.342020143326,0.939692620786,0.));
#8071 = ORIENTED_EDGE('',*,*,#6773,.T.);
#8072 = ORIENTED_EDGE('',*,*,#8073,.F.);
#8073 = EDGE_CURVE('',#8074,#6766,#8076,.T.);
#8074 = VERTEX_POINT('',#8075);
#8075 = CARTESIAN_POINT('',(76.052876654463,8.125000000001,0.));
#8076 = LINE('',#8077,#8078);
#8077 = CARTESIAN_POINT('',(77.290521039061,11.525399999999,0.));
#8078 = VECTOR('',#8079,1.);
#8079 = DIRECTION('',(0.342020143326,0.939692620786,-0.));
#8080 = ORIENTED_EDGE('',*,*,#8081,.F.);
#8081 = EDGE_CURVE('',#8082,#8074,#8084,.T.);
#8082 = VERTEX_POINT('',#8083);
#8083 = CARTESIAN_POINT('',(74.743570545462,8.125000000001,0.));
#8084 = LINE('',#8085,#8086);
#8085 = CARTESIAN_POINT('',(76.052876654463,8.125000000001,0.));
#8086 = VECTOR('',#8087,1.);
#8087 = DIRECTION('',(1.,-0.,-0.));
#8088 = ORIENTED_EDGE('',*,*,#8089,.T.);
#8089 = EDGE_CURVE('',#8082,#6790,#8090,.T.);
#8090 = LINE('',#8091,#8092);
#8091 = CARTESIAN_POINT('',(64.915529618997,35.12732052294,0.));
#8092 = VECTOR('',#8093,1.);
#8093 = DIRECTION('',(-0.342020143326,0.939692620786,0.));
#8094 = ORIENTED_EDGE('',*,*,#6813,.T.);
#8095 = ORIENTED_EDGE('',*,*,#8096,.F.);
#8096 = EDGE_CURVE('',#8097,#6806,#8099,.T.);
#8097 = VERTEX_POINT('',#8098);
#8098 = CARTESIAN_POINT('',(71.340487679465,8.125000000001,0.));
#8099 = LINE('',#8100,#8101);
#8100 = CARTESIAN_POINT('',(72.578132064063,11.525399999999,0.));
#8101 = VECTOR('',#8102,1.);
#8102 = DIRECTION('',(0.342020143326,0.939692620786,-0.));
#8103 = ORIENTED_EDGE('',*,*,#8104,.F.);
#8104 = EDGE_CURVE('',#8105,#8097,#8107,.T.);
#8105 = VERTEX_POINT('',#8106);
#8106 = CARTESIAN_POINT('',(70.031181570464,8.125000000001,0.));
#8107 = LINE('',#8108,#8109);
#8108 = CARTESIAN_POINT('',(71.340487679465,8.125000000001,0.));
#8109 = VECTOR('',#8110,1.);
#8110 = DIRECTION('',(1.,-0.,-0.));
#8111 = ORIENTED_EDGE('',*,*,#8112,.T.);
#8112 = EDGE_CURVE('',#8105,#6830,#8113,.T.);
#8113 = LINE('',#8114,#8115);
#8114 = CARTESIAN_POINT('',(60.754385437442,33.612787900364,0.));
#8115 = VECTOR('',#8116,1.);
#8116 = DIRECTION('',(-0.342020143326,0.939692620786,0.));
#8117 = ORIENTED_EDGE('',*,*,#6853,.T.);
#8118 = ORIENTED_EDGE('',*,*,#8119,.F.);
#8119 = EDGE_CURVE('',#8120,#6846,#8122,.T.);
#8120 = VERTEX_POINT('',#8121);
#8121 = CARTESIAN_POINT('',(66.628098704468,8.125000000001,0.));
#8122 = LINE('',#8123,#8124);
#8123 = CARTESIAN_POINT('',(67.865743089066,11.525399999999,0.));
#8124 = VECTOR('',#8125,1.);
#8125 = DIRECTION('',(0.342020143326,0.939692620786,-0.));
#8126 = ORIENTED_EDGE('',*,*,#8127,.F.);
#8127 = EDGE_CURVE('',#8128,#8120,#8130,.T.);
#8128 = VERTEX_POINT('',#8129);
#8129 = CARTESIAN_POINT('',(65.318792595466,8.125000000001,0.));
#8130 = LINE('',#8131,#8132);
#8131 = CARTESIAN_POINT('',(66.628098704468,8.125000000001,0.));
#8132 = VECTOR('',#8133,1.);
#8133 = DIRECTION('',(1.,-0.,-0.));
#8134 = ORIENTED_EDGE('',*,*,#8135,.T.);
#8135 = EDGE_CURVE('',#8128,#6870,#8136,.T.);
#8136 = LINE('',#8137,#8138);
#8137 = CARTESIAN_POINT('',(56.593241255887,32.098255277788,0.));
#8138 = VECTOR('',#8139,1.);
#8139 = DIRECTION('',(-0.342020143326,0.939692620786,0.));
#8140 = ORIENTED_EDGE('',*,*,#6893,.T.);
#8141 = ORIENTED_EDGE('',*,*,#8142,.F.);
#8142 = EDGE_CURVE('',#8143,#6886,#8145,.T.);
#8143 = VERTEX_POINT('',#8144);
#8144 = CARTESIAN_POINT('',(61.91570972947,8.125000000001,0.));
#8145 = LINE('',#8146,#8147);
#8146 = CARTESIAN_POINT('',(63.153354114068,11.525399999999,0.));
#8147 = VECTOR('',#8148,1.);
#8148 = DIRECTION('',(0.342020143326,0.939692620786,-0.));
#8149 = ORIENTED_EDGE('',*,*,#8150,.F.);
#8150 = EDGE_CURVE('',#8151,#8143,#8153,.T.);
#8151 = VERTEX_POINT('',#8152);
#8152 = CARTESIAN_POINT('',(60.606403620469,8.125000000001,0.));
#8153 = LINE('',#8154,#8155);
#8154 = CARTESIAN_POINT('',(61.91570972947,8.125000000001,0.));
#8155 = VECTOR('',#8156,1.);
#8156 = DIRECTION('',(1.,-0.,-0.));
#8157 = ORIENTED_EDGE('',*,*,#8158,.T.);
#8158 = EDGE_CURVE('',#8151,#6910,#8159,.T.);
#8159 = LINE('',#8160,#8161);
#8160 = CARTESIAN_POINT('',(52.432097074332,30.583722655212,0.));
#8161 = VECTOR('',#8162,1.);
#8162 = DIRECTION('',(-0.342020143326,0.939692620786,0.));
#8163 = ORIENTED_EDGE('',*,*,#6933,.T.);
#8164 = ORIENTED_EDGE('',*,*,#8165,.F.);
#8165 = EDGE_CURVE('',#8166,#6926,#8168,.T.);
#8166 = VERTEX_POINT('',#8167);
#8167 = CARTESIAN_POINT('',(57.203320754472,8.125000000001,0.));
#8168 = LINE('',#8169,#8170);
#8169 = CARTESIAN_POINT('',(58.440965139071,11.525399999999,0.));
#8170 = VECTOR('',#8171,1.);
#8171 = DIRECTION('',(0.342020143326,0.939692620786,-0.));
#8172 = ORIENTED_EDGE('',*,*,#8173,.F.);
#8173 = EDGE_CURVE('',#8174,#8166,#8176,.T.);
#8174 = VERTEX_POINT('',#8175);
#8175 = CARTESIAN_POINT('',(55.894014645471,8.125000000001,0.));
#8176 = LINE('',#8177,#8178);
#8177 = CARTESIAN_POINT('',(57.203320754472,8.125000000001,0.));
#8178 = VECTOR('',#8179,1.);
#8179 = DIRECTION('',(1.,-0.,-0.));
#8180 = ORIENTED_EDGE('',*,*,#8181,.T.);
#8181 = EDGE_CURVE('',#8174,#6950,#8182,.T.);
#8182 = LINE('',#8183,#8184);
#8183 = CARTESIAN_POINT('',(48.270952892777,29.069190032636,0.));
#8184 = VECTOR('',#8185,1.);
#8185 = DIRECTION('',(-0.342020143326,0.939692620786,0.));
#8186 = ORIENTED_EDGE('',*,*,#6973,.T.);
#8187 = ORIENTED_EDGE('',*,*,#8188,.F.);
#8188 = EDGE_CURVE('',#8189,#6966,#8191,.T.);
#8189 = VERTEX_POINT('',#8190);
#8190 = CARTESIAN_POINT('',(52.490931779475,8.125000000001,0.));
#8191 = LINE('',#8192,#8193);
#8192 = CARTESIAN_POINT('',(53.728576164073,11.525399999999,0.));
#8193 = VECTOR('',#8194,1.);
#8194 = DIRECTION('',(0.342020143326,0.939692620786,-0.));
#8195 = ORIENTED_EDGE('',*,*,#8196,.F.);
#8196 = EDGE_CURVE('',#8197,#8189,#8199,.T.);
#8197 = VERTEX_POINT('',#8198);
#8198 = CARTESIAN_POINT('',(51.181625670473,8.125000000001,0.));
#8199 = LINE('',#8200,#8201);
#8200 = CARTESIAN_POINT('',(52.490931779475,8.125000000001,0.));
#8201 = VECTOR('',#8202,1.);
#8202 = DIRECTION('',(1.,-0.,-0.));
#8203 = ORIENTED_EDGE('',*,*,#8204,.T.);
#8204 = EDGE_CURVE('',#8197,#6990,#8205,.T.);
#8205 = LINE('',#8206,#8207);
#8206 = CARTESIAN_POINT('',(44.109808711222,27.55465741006,0.));
#8207 = VECTOR('',#8208,1.);
#8208 = DIRECTION('',(-0.342020143326,0.939692620786,0.));
#8209 = ORIENTED_EDGE('',*,*,#7013,.T.);
#8210 = ORIENTED_EDGE('',*,*,#8211,.F.);
#8211 = EDGE_CURVE('',#8212,#7006,#8214,.T.);
#8212 = VERTEX_POINT('',#8213);
#8213 = CARTESIAN_POINT('',(47.778542804477,8.125000000001,0.));
#8214 = LINE('',#8215,#8216);
#8215 = CARTESIAN_POINT('',(49.016187189075,11.525399999999,0.));
#8216 = VECTOR('',#8217,1.);
#8217 = DIRECTION('',(0.342020143326,0.939692620786,-0.));
#8218 = ORIENTED_EDGE('',*,*,#8219,.F.);
#8219 = EDGE_CURVE('',#8220,#8212,#8222,.T.);
#8220 = VERTEX_POINT('',#8221);
#8221 = CARTESIAN_POINT('',(46.469236695476,8.125000000001,0.));
#8222 = LINE('',#8223,#8224);
#8223 = CARTESIAN_POINT('',(47.778542804477,8.125000000001,0.));
#8224 = VECTOR('',#8225,1.);
#8225 = DIRECTION('',(1.,-0.,-0.));
#8226 = ORIENTED_EDGE('',*,*,#8227,.T.);
#8227 = EDGE_CURVE('',#8220,#7030,#8228,.T.);
#8228 = LINE('',#8229,#8230);
#8229 = CARTESIAN_POINT('',(39.948664529667,26.040124787484,0.));
#8230 = VECTOR('',#8231,1.);
#8231 = DIRECTION('',(-0.342020143326,0.939692620786,0.));
#8232 = ORIENTED_EDGE('',*,*,#7053,.T.);
#8233 = ORIENTED_EDGE('',*,*,#8234,.F.);
#8234 = EDGE_CURVE('',#8235,#7046,#8237,.T.);
#8235 = VERTEX_POINT('',#8236);
#8236 = CARTESIAN_POINT('',(43.066153829479,8.125000000001,0.));
#8237 = LINE('',#8238,#8239);
#8238 = CARTESIAN_POINT('',(44.303798214078,11.525399999999,0.));
#8239 = VECTOR('',#8240,1.);
#8240 = DIRECTION('',(0.342020143326,0.939692620786,-0.));
#8241 = ORIENTED_EDGE('',*,*,#8242,.F.);
#8242 = EDGE_CURVE('',#8243,#8235,#8245,.T.);
#8243 = VERTEX_POINT('',#8244);
#8244 = CARTESIAN_POINT('',(41.756847720478,8.125000000001,0.));
#8245 = LINE('',#8246,#8247);
#8246 = CARTESIAN_POINT('',(43.066153829479,8.125000000001,0.));
#8247 = VECTOR('',#8248,1.);
#8248 = DIRECTION('',(1.,-0.,-0.));
#8249 = ORIENTED_EDGE('',*,*,#8250,.T.);
#8250 = EDGE_CURVE('',#8243,#7070,#8251,.T.);
#8251 = LINE('',#8252,#8253);
#8252 = CARTESIAN_POINT('',(35.787520348113,24.525592164908,0.));
#8253 = VECTOR('',#8254,1.);
#8254 = DIRECTION('',(-0.342020143326,0.939692620786,0.));
#8255 = ORIENTED_EDGE('',*,*,#7093,.T.);
#8256 = ORIENTED_EDGE('',*,*,#8257,.F.);
#8257 = EDGE_CURVE('',#8258,#7086,#8260,.T.);
#8258 = VERTEX_POINT('',#8259);
#8259 = CARTESIAN_POINT('',(38.353764854482,8.125000000001,0.));
#8260 = LINE('',#8261,#8262);
#8261 = CARTESIAN_POINT('',(39.59140923908,11.525399999999,0.));
#8262 = VECTOR('',#8263,1.);
#8263 = DIRECTION('',(0.342020143326,0.939692620786,-0.));
#8264 = ORIENTED_EDGE('',*,*,#8265,.F.);
#8265 = EDGE_CURVE('',#8266,#8258,#8268,.T.);
#8266 = VERTEX_POINT('',#8267);
#8267 = CARTESIAN_POINT('',(37.044458745481,8.125000000001,0.));
#8268 = LINE('',#8269,#8270);
#8269 = CARTESIAN_POINT('',(38.353764854482,8.125000000001,0.));
#8270 = VECTOR('',#8271,1.);
#8271 = DIRECTION('',(1.,-0.,-0.));
#8272 = ORIENTED_EDGE('',*,*,#8273,.T.);
#8273 = EDGE_CURVE('',#8266,#7110,#8274,.T.);
#8274 = LINE('',#8275,#8276);
#8275 = CARTESIAN_POINT('',(31.626376166558,23.011059542332,0.));
#8276 = VECTOR('',#8277,1.);
#8277 = DIRECTION('',(-0.342020143326,0.939692620786,0.));
#8278 = ORIENTED_EDGE('',*,*,#7133,.T.);
#8279 = ORIENTED_EDGE('',*,*,#8280,.F.);
#8280 = EDGE_CURVE('',#8281,#7126,#8283,.T.);
#8281 = VERTEX_POINT('',#8282);
#8282 = CARTESIAN_POINT('',(33.641375879484,8.125000000001,0.));
#8283 = LINE('',#8284,#8285);
#8284 = CARTESIAN_POINT('',(34.879020264082,11.525399999999,0.));
#8285 = VECTOR('',#8286,1.);
#8286 = DIRECTION('',(0.342020143326,0.939692620786,-0.));
#8287 = ORIENTED_EDGE('',*,*,#8288,.F.);
#8288 = EDGE_CURVE('',#8289,#8281,#8291,.T.);
#8289 = VERTEX_POINT('',#8290);
#8290 = CARTESIAN_POINT('',(32.332069770483,8.125000000001,0.));
#8291 = LINE('',#8292,#8293);
#8292 = CARTESIAN_POINT('',(33.641375879484,8.125000000001,0.));
#8293 = VECTOR('',#8294,1.);
#8294 = DIRECTION('',(1.,-0.,-0.));
#8295 = ORIENTED_EDGE('',*,*,#8296,.T.);
#8296 = EDGE_CURVE('',#8289,#7150,#8297,.T.);
#8297 = LINE('',#8298,#8299);
#8298 = CARTESIAN_POINT('',(27.465231985003,21.496526919756,0.));
#8299 = VECTOR('',#8300,1.);
#8300 = DIRECTION('',(-0.342020143326,0.939692620786,0.));
#8301 = ORIENTED_EDGE('',*,*,#7173,.T.);
#8302 = ORIENTED_EDGE('',*,*,#8303,.F.);
#8303 = EDGE_CURVE('',#8304,#7166,#8306,.T.);
#8304 = VERTEX_POINT('',#8305);
#8305 = CARTESIAN_POINT('',(28.928986904487,8.125000000001,0.));
#8306 = LINE('',#8307,#8308);
#8307 = CARTESIAN_POINT('',(30.166631289085,11.525399999999,0.));
#8308 = VECTOR('',#8309,1.);
#8309 = DIRECTION('',(0.342020143326,0.939692620786,-0.));
#8310 = ORIENTED_EDGE('',*,*,#8311,.F.);
#8311 = EDGE_CURVE('',#8312,#8304,#8314,.T.);
#8312 = VERTEX_POINT('',#8313);
#8313 = CARTESIAN_POINT('',(27.619680795485,8.125000000001,0.));
#8314 = LINE('',#8315,#8316);
#8315 = CARTESIAN_POINT('',(28.928986904487,8.125000000001,0.));
#8316 = VECTOR('',#8317,1.);
#8317 = DIRECTION('',(1.,-0.,-0.));
#8318 = ORIENTED_EDGE('',*,*,#8319,.T.);
#8319 = EDGE_CURVE('',#8312,#7190,#8320,.T.);
#8320 = LINE('',#8321,#8322);
#8321 = CARTESIAN_POINT('',(23.304087803448,19.98199429718,0.));
#8322 = VECTOR('',#8323,1.);
#8323 = DIRECTION('',(-0.342020143326,0.939692620786,0.));
#8324 = ORIENTED_EDGE('',*,*,#7213,.T.);
#8325 = ORIENTED_EDGE('',*,*,#8326,.F.);
#8326 = EDGE_CURVE('',#8327,#7206,#8329,.T.);
#8327 = VERTEX_POINT('',#8328);
#8328 = CARTESIAN_POINT('',(24.216597929489,8.125000000001,0.));
#8329 = LINE('',#8330,#8331);
#8330 = CARTESIAN_POINT('',(25.454242314087,11.525399999999,0.));
#8331 = VECTOR('',#8332,1.);
#8332 = DIRECTION('',(0.342020143326,0.939692620786,-0.));
#8333 = ORIENTED_EDGE('',*,*,#8334,.F.);
#8334 = EDGE_CURVE('',#8335,#8327,#8337,.T.);
#8335 = VERTEX_POINT('',#8336);
#8336 = CARTESIAN_POINT('',(22.907291820488,8.125000000001,0.));
#8337 = LINE('',#8338,#8339);
#8338 = CARTESIAN_POINT('',(24.216597929489,8.125000000001,0.));
#8339 = VECTOR('',#8340,1.);
#8340 = DIRECTION('',(1.,-0.,-0.));
#8341 = ORIENTED_EDGE('',*,*,#8342,.T.);
#8342 = EDGE_CURVE('',#8335,#7230,#8343,.T.);
#8343 = LINE('',#8344,#8345);
#8344 = CARTESIAN_POINT('',(19.142943621893,18.467461674604,0.));
#8345 = VECTOR('',#8346,1.);
#8346 = DIRECTION('',(-0.342020143326,0.939692620786,0.));
#8347 = ORIENTED_EDGE('',*,*,#7253,.T.);
#8348 = ORIENTED_EDGE('',*,*,#8349,.F.);
#8349 = EDGE_CURVE('',#8350,#7246,#8352,.T.);
#8350 = VERTEX_POINT('',#8351);
#8351 = CARTESIAN_POINT('',(19.504208954491,8.125000000001,0.));
#8352 = LINE('',#8353,#8354);
#8353 = CARTESIAN_POINT('',(20.741853339089,11.525399999999,0.));
#8354 = VECTOR('',#8355,1.);
#8355 = DIRECTION('',(0.342020143326,0.939692620786,-0.));
#8356 = ORIENTED_EDGE('',*,*,#8357,.F.);
#8357 = EDGE_CURVE('',#8358,#8350,#8360,.T.);
#8358 = VERTEX_POINT('',#8359);
#8359 = CARTESIAN_POINT('',(18.19490284549,8.125000000001,0.));
#8360 = LINE('',#8361,#8362);
#8361 = CARTESIAN_POINT('',(19.504208954491,8.125000000001,0.));
#8362 = VECTOR('',#8363,1.);
#8363 = DIRECTION('',(1.,-0.,-0.));
#8364 = ORIENTED_EDGE('',*,*,#8365,.T.);
#8365 = EDGE_CURVE('',#8358,#7270,#8366,.T.);
#8366 = LINE('',#8367,#8368);
#8367 = CARTESIAN_POINT('',(14.981799440338,16.952929052028,0.));
#8368 = VECTOR('',#8369,1.);
#8369 = DIRECTION('',(-0.342020143326,0.939692620786,0.));
#8370 = ORIENTED_EDGE('',*,*,#7293,.T.);
#8371 = ORIENTED_EDGE('',*,*,#8372,.F.);
#8372 = EDGE_CURVE('',#8373,#7286,#8375,.T.);
#8373 = VERTEX_POINT('',#8374);
#8374 = CARTESIAN_POINT('',(14.791819979494,8.125000000001,0.));
#8375 = LINE('',#8376,#8377);
#8376 = CARTESIAN_POINT('',(16.029464364092,11.525399999999,0.));
#8377 = VECTOR('',#8378,1.);
#8378 = DIRECTION('',(0.342020143326,0.939692620786,-0.));
#8379 = ORIENTED_EDGE('',*,*,#8380,.F.);
#8380 = EDGE_CURVE('',#8381,#8373,#8383,.T.);
#8381 = VERTEX_POINT('',#8382);
#8382 = CARTESIAN_POINT('',(13.482513870492,8.125000000001,0.));
#8383 = LINE('',#8384,#8385);
#8384 = CARTESIAN_POINT('',(14.791819979494,8.125000000001,0.));
#8385 = VECTOR('',#8386,1.);
#8386 = DIRECTION('',(1.,-0.,-0.));
#8387 = ORIENTED_EDGE('',*,*,#8388,.T.);
#8388 = EDGE_CURVE('',#8381,#7310,#8389,.T.);
#8389 = LINE('',#8390,#8391);
#8390 = CARTESIAN_POINT('',(10.820655258783,15.438396429452,0.));
#8391 = VECTOR('',#8392,1.);
#8392 = DIRECTION('',(-0.342020143326,0.939692620786,0.));
#8393 = ORIENTED_EDGE('',*,*,#7333,.T.);
#8394 = ORIENTED_EDGE('',*,*,#8395,.F.);
#8395 = EDGE_CURVE('',#8396,#7326,#8398,.T.);
#8396 = VERTEX_POINT('',#8397);
#8397 = CARTESIAN_POINT('',(10.079431004496,8.125000000001,0.));
#8398 = LINE('',#8399,#8400);
#8399 = CARTESIAN_POINT('',(11.317075389094,11.525399999999,0.));
#8400 = VECTOR('',#8401,1.);
#8401 = DIRECTION('',(0.342020143326,0.939692620786,-0.));
#8402 = ORIENTED_EDGE('',*,*,#8403,.F.);
#8403 = EDGE_CURVE('',#8404,#8396,#8406,.T.);
#8404 = VERTEX_POINT('',#8405);
#8405 = CARTESIAN_POINT('',(8.770124895495,8.125000000001,0.));
#8406 = LINE('',#8407,#8408);
#8407 = CARTESIAN_POINT('',(10.079431004496,8.125000000001,0.));
#8408 = VECTOR('',#8409,1.);
#8409 = DIRECTION('',(1.,-0.,-0.));
#8410 = ORIENTED_EDGE('',*,*,#8411,.T.);
#8411 = EDGE_CURVE('',#8404,#7350,#8412,.T.);
#8412 = LINE('',#8413,#8414);
#8413 = CARTESIAN_POINT('',(6.659511077228,13.923863806876,0.));
#8414 = VECTOR('',#8415,1.);
#8415 = DIRECTION('',(-0.342020143326,0.939692620786,0.));
#8416 = ORIENTED_EDGE('',*,*,#7373,.T.);
#8417 = ORIENTED_EDGE('',*,*,#8418,.F.);
#8418 = EDGE_CURVE('',#8419,#7366,#8421,.T.);
#8419 = VERTEX_POINT('',#8420);
#8420 = CARTESIAN_POINT('',(5.367042029498,8.125000000001,0.));
#8421 = LINE('',#8422,#8423);
#8422 = CARTESIAN_POINT('',(6.604686414096,11.525399999999,0.));
#8423 = VECTOR('',#8424,1.);
#8424 = DIRECTION('',(0.342020143326,0.939692620786,-0.));
#8425 = ORIENTED_EDGE('',*,*,#8426,.F.);
#8426 = EDGE_CURVE('',#8427,#8419,#8429,.T.);
#8427 = VERTEX_POINT('',#8428);
#8428 = CARTESIAN_POINT('',(4.057735920497,8.125000000001,0.));
#8429 = LINE('',#8430,#8431);
#8430 = CARTESIAN_POINT('',(5.367042029498,8.125000000001,0.));
#8431 = VECTOR('',#8432,1.);
#8432 = DIRECTION('',(1.,-0.,-0.));
#8433 = ORIENTED_EDGE('',*,*,#8434,.T.);
#8434 = EDGE_CURVE('',#8427,#7390,#8435,.T.);
#8435 = LINE('',#8436,#8437);
#8436 = CARTESIAN_POINT('',(2.498366895674,12.4093311843,0.));
#8437 = VECTOR('',#8438,1.);
#8438 = DIRECTION('',(-0.342020143326,0.939692620786,0.));
#8439 = ORIENTED_EDGE('',*,*,#7413,.T.);
#8440 = ORIENTED_EDGE('',*,*,#8441,.F.);
#8441 = EDGE_CURVE('',#8009,#7406,#8442,.T.);
#8442 = LINE('',#8443,#8444);
#8443 = CARTESIAN_POINT('',(1.892297439099,11.525399999999,0.));
#8444 = VECTOR('',#8445,1.);
#8445 = DIRECTION('',(0.342020143326,0.939692620786,-0.));
#8446 = PLANE('',#8447);
#8447 = AXIS2_PLACEMENT_3D('',#8448,#8449,#8450);
#8448 = CARTESIAN_POINT('',(0.,11.499999999999,0.));
#8449 = DIRECTION('',(0.,0.,-1.));
#8450 = DIRECTION('',(-1.,0.,-0.));
#8451 = ADVANCED_FACE('',(#8452),#8463,.F.);
#8452 = FACE_BOUND('',#8453,.T.);
#8453 = EDGE_LOOP('',(#8454,#8455,#8456,#8462));
#8454 = ORIENTED_EDGE('',*,*,#7405,.T.);
#8455 = ORIENTED_EDGE('',*,*,#7601,.F.);
#8456 = ORIENTED_EDGE('',*,*,#8457,.T.);
#8457 = EDGE_CURVE('',#7594,#8009,#8458,.T.);
#8458 = LINE('',#8459,#8460);
#8459 = CARTESIAN_POINT('',(0.654653054501,8.125000000001,-10.));
#8460 = VECTOR('',#8461,1.);
#8461 = DIRECTION('',(-0.,-0.,1.));
#8462 = ORIENTED_EDGE('',*,*,#8441,.T.);
#8463 = PLANE('',#8464);
#8464 = AXIS2_PLACEMENT_3D('',#8465,#8466,#8467);
#8465 = CARTESIAN_POINT('',(1.892297439099,11.525399999999,-10.));
#8466 = DIRECTION('',(0.939692620786,-0.342020143326,0.));
#8467 = DIRECTION('',(0.342020143326,0.939692620786,0.));
#8468 = ADVANCED_FACE('',(#8469),#8480,.F.);
#8469 = FACE_BOUND('',#8470,.T.);
#8470 = EDGE_LOOP('',(#8471,#8477,#8478,#8479));
#8471 = ORIENTED_EDGE('',*,*,#8472,.T.);
#8472 = EDGE_CURVE('',#7586,#8011,#8473,.T.);
#8473 = LINE('',#8474,#8475);
#8474 = CARTESIAN_POINT('',(0.,8.125000000001,-10.));
#8475 = VECTOR('',#8476,1.);
#8476 = DIRECTION('',(0.,0.,1.));
#8477 = ORIENTED_EDGE('',*,*,#8008,.F.);
#8478 = ORIENTED_EDGE('',*,*,#8457,.F.);
#8479 = ORIENTED_EDGE('',*,*,#7593,.F.);
#8480 = PLANE('',#8481);
#8481 = AXIS2_PLACEMENT_3D('',#8482,#8483,#8484);
#8482 = CARTESIAN_POINT('',(0.654653054501,8.125000000001,-10.));
#8483 = DIRECTION('',(0.,-1.,-0.));
#8484 = DIRECTION('',(0.,0.,-1.));
#8485 = ADVANCED_FACE('',(#8486),#8497,.F.);
#8486 = FACE_BOUND('',#8487,.T.);
#8487 = EDGE_LOOP('',(#8488,#8489,#8490,#8496));
#8488 = ORIENTED_EDGE('',*,*,#7387,.T.);
#8489 = ORIENTED_EDGE('',*,*,#8434,.F.);
#8490 = ORIENTED_EDGE('',*,*,#8491,.F.);
#8491 = EDGE_CURVE('',#7609,#8427,#8492,.T.);
#8492 = LINE('',#8493,#8494);
#8493 = CARTESIAN_POINT('',(4.057735920497,8.125000000001,-10.));
#8494 = VECTOR('',#8495,1.);
#8495 = DIRECTION('',(-0.,-0.,1.));
#8496 = ORIENTED_EDGE('',*,*,#7608,.F.);
#8497 = PLANE('',#8498);
#8498 = AXIS2_PLACEMENT_3D('',#8499,#8500,#8501);
#8499 = CARTESIAN_POINT('',(2.820091535899,11.525399999999,-10.));
#8500 = DIRECTION('',(-0.939692620786,-0.342020143326,0.));
#8501 = DIRECTION('',(0.342020143326,-0.939692620786,0.));
#8502 = ADVANCED_FACE('',(#8503),#8514,.F.);
#8503 = FACE_BOUND('',#8504,.T.);
#8504 = EDGE_LOOP('',(#8505,#8506,#8507,#8513));
#8505 = ORIENTED_EDGE('',*,*,#7365,.T.);
#8506 = ORIENTED_EDGE('',*,*,#7624,.F.);
#8507 = ORIENTED_EDGE('',*,*,#8508,.T.);
#8508 = EDGE_CURVE('',#7617,#8419,#8509,.T.);
#8509 = LINE('',#8510,#8511);
#8510 = CARTESIAN_POINT('',(5.367042029498,8.125000000001,-10.));
#8511 = VECTOR('',#8512,1.);
#8512 = DIRECTION('',(-0.,-0.,1.));
#8513 = ORIENTED_EDGE('',*,*,#8418,.T.);
#8514 = PLANE('',#8515);
#8515 = AXIS2_PLACEMENT_3D('',#8516,#8517,#8518);
#8516 = CARTESIAN_POINT('',(6.604686414096,11.525399999999,-10.));
#8517 = DIRECTION('',(0.939692620786,-0.342020143326,0.));
#8518 = DIRECTION('',(0.342020143326,0.939692620786,0.));
#8519 = ADVANCED_FACE('',(#8520),#8526,.F.);
#8520 = FACE_BOUND('',#8521,.T.);
#8521 = EDGE_LOOP('',(#8522,#8523,#8524,#8525));
#8522 = ORIENTED_EDGE('',*,*,#8426,.T.);
#8523 = ORIENTED_EDGE('',*,*,#8508,.F.);
#8524 = ORIENTED_EDGE('',*,*,#7616,.F.);
#8525 = ORIENTED_EDGE('',*,*,#8491,.T.);
#8526 = PLANE('',#8527);
#8527 = AXIS2_PLACEMENT_3D('',#8528,#8529,#8530);
#8528 = CARTESIAN_POINT('',(5.367042029498,8.125000000001,-10.));
#8529 = DIRECTION('',(0.,-1.,-0.));
#8530 = DIRECTION('',(0.,0.,-1.));
#8531 = ADVANCED_FACE('',(#8532),#8543,.F.);
#8532 = FACE_BOUND('',#8533,.T.);
#8533 = EDGE_LOOP('',(#8534,#8535,#8536,#8542));
#8534 = ORIENTED_EDGE('',*,*,#7347,.T.);
#8535 = ORIENTED_EDGE('',*,*,#8411,.F.);
#8536 = ORIENTED_EDGE('',*,*,#8537,.F.);
#8537 = EDGE_CURVE('',#7632,#8404,#8538,.T.);
#8538 = LINE('',#8539,#8540);
#8539 = CARTESIAN_POINT('',(8.770124895495,8.125000000001,-10.));
#8540 = VECTOR('',#8541,1.);
#8541 = DIRECTION('',(-0.,-0.,1.));
#8542 = ORIENTED_EDGE('',*,*,#7631,.F.);
#8543 = PLANE('',#8544);
#8544 = AXIS2_PLACEMENT_3D('',#8545,#8546,#8547);
#8545 = CARTESIAN_POINT('',(7.532480510896,11.525399999999,-10.));
#8546 = DIRECTION('',(-0.939692620786,-0.342020143326,0.));
#8547 = DIRECTION('',(0.342020143326,-0.939692620786,0.));
#8548 = ADVANCED_FACE('',(#8549),#8560,.F.);
#8549 = FACE_BOUND('',#8550,.T.);
#8550 = EDGE_LOOP('',(#8551,#8552,#8553,#8559));
#8551 = ORIENTED_EDGE('',*,*,#7325,.T.);
#8552 = ORIENTED_EDGE('',*,*,#7647,.F.);
#8553 = ORIENTED_EDGE('',*,*,#8554,.T.);
#8554 = EDGE_CURVE('',#7640,#8396,#8555,.T.);
#8555 = LINE('',#8556,#8557);
#8556 = CARTESIAN_POINT('',(10.079431004496,8.125000000001,-10.));
#8557 = VECTOR('',#8558,1.);
#8558 = DIRECTION('',(-0.,-0.,1.));
#8559 = ORIENTED_EDGE('',*,*,#8395,.T.);
#8560 = PLANE('',#8561);
#8561 = AXIS2_PLACEMENT_3D('',#8562,#8563,#8564);
#8562 = CARTESIAN_POINT('',(11.317075389094,11.525399999999,-10.));
#8563 = DIRECTION('',(0.939692620786,-0.342020143326,0.));
#8564 = DIRECTION('',(0.342020143326,0.939692620786,0.));
#8565 = ADVANCED_FACE('',(#8566),#8572,.F.);
#8566 = FACE_BOUND('',#8567,.T.);
#8567 = EDGE_LOOP('',(#8568,#8569,#8570,#8571));
#8568 = ORIENTED_EDGE('',*,*,#8403,.T.);
#8569 = ORIENTED_EDGE('',*,*,#8554,.F.);
#8570 = ORIENTED_EDGE('',*,*,#7639,.F.);
#8571 = ORIENTED_EDGE('',*,*,#8537,.T.);
#8572 = PLANE('',#8573);
#8573 = AXIS2_PLACEMENT_3D('',#8574,#8575,#8576);
#8574 = CARTESIAN_POINT('',(10.079431004496,8.125000000001,-10.));
#8575 = DIRECTION('',(0.,-1.,-0.));
#8576 = DIRECTION('',(0.,0.,-1.));
#8577 = ADVANCED_FACE('',(#8578),#8589,.F.);
#8578 = FACE_BOUND('',#8579,.T.);
#8579 = EDGE_LOOP('',(#8580,#8581,#8582,#8588));
#8580 = ORIENTED_EDGE('',*,*,#7307,.T.);
#8581 = ORIENTED_EDGE('',*,*,#8388,.F.);
#8582 = ORIENTED_EDGE('',*,*,#8583,.F.);
#8583 = EDGE_CURVE('',#7655,#8381,#8584,.T.);
#8584 = LINE('',#8585,#8586);
#8585 = CARTESIAN_POINT('',(13.482513870492,8.125000000001,-10.));
#8586 = VECTOR('',#8587,1.);
#8587 = DIRECTION('',(-0.,-0.,1.));
#8588 = ORIENTED_EDGE('',*,*,#7654,.F.);
#8589 = PLANE('',#8590);
#8590 = AXIS2_PLACEMENT_3D('',#8591,#8592,#8593);
#8591 = CARTESIAN_POINT('',(12.244869485894,11.525399999999,-10.));
#8592 = DIRECTION('',(-0.939692620786,-0.342020143326,0.));
#8593 = DIRECTION('',(0.342020143326,-0.939692620786,0.));
#8594 = ADVANCED_FACE('',(#8595),#8606,.F.);
#8595 = FACE_BOUND('',#8596,.T.);
#8596 = EDGE_LOOP('',(#8597,#8598,#8599,#8605));
#8597 = ORIENTED_EDGE('',*,*,#7285,.T.);
#8598 = ORIENTED_EDGE('',*,*,#7670,.F.);
#8599 = ORIENTED_EDGE('',*,*,#8600,.T.);
#8600 = EDGE_CURVE('',#7663,#8373,#8601,.T.);
#8601 = LINE('',#8602,#8603);
#8602 = CARTESIAN_POINT('',(14.791819979494,8.125000000001,-10.));
#8603 = VECTOR('',#8604,1.);
#8604 = DIRECTION('',(-0.,-0.,1.));
#8605 = ORIENTED_EDGE('',*,*,#8372,.T.);
#8606 = PLANE('',#8607);
#8607 = AXIS2_PLACEMENT_3D('',#8608,#8609,#8610);
#8608 = CARTESIAN_POINT('',(16.029464364092,11.525399999999,-10.));
#8609 = DIRECTION('',(0.939692620786,-0.342020143326,0.));
#8610 = DIRECTION('',(0.342020143326,0.939692620786,0.));
#8611 = ADVANCED_FACE('',(#8612),#8618,.F.);
#8612 = FACE_BOUND('',#8613,.T.);
#8613 = EDGE_LOOP('',(#8614,#8615,#8616,#8617));
#8614 = ORIENTED_EDGE('',*,*,#8380,.T.);
#8615 = ORIENTED_EDGE('',*,*,#8600,.F.);
#8616 = ORIENTED_EDGE('',*,*,#7662,.F.);
#8617 = ORIENTED_EDGE('',*,*,#8583,.T.);
#8618 = PLANE('',#8619);
#8619 = AXIS2_PLACEMENT_3D('',#8620,#8621,#8622);
#8620 = CARTESIAN_POINT('',(14.791819979494,8.125000000001,-10.));
#8621 = DIRECTION('',(0.,-1.,-0.));
#8622 = DIRECTION('',(0.,0.,-1.));
#8623 = ADVANCED_FACE('',(#8624),#8635,.F.);
#8624 = FACE_BOUND('',#8625,.T.);
#8625 = EDGE_LOOP('',(#8626,#8627,#8628,#8634));
#8626 = ORIENTED_EDGE('',*,*,#7267,.T.);
#8627 = ORIENTED_EDGE('',*,*,#8365,.F.);
#8628 = ORIENTED_EDGE('',*,*,#8629,.F.);
#8629 = EDGE_CURVE('',#7678,#8358,#8630,.T.);
#8630 = LINE('',#8631,#8632);
#8631 = CARTESIAN_POINT('',(18.19490284549,8.125000000001,-10.));
#8632 = VECTOR('',#8633,1.);
#8633 = DIRECTION('',(-0.,-0.,1.));
#8634 = ORIENTED_EDGE('',*,*,#7677,.F.);
#8635 = PLANE('',#8636);
#8636 = AXIS2_PLACEMENT_3D('',#8637,#8638,#8639);
#8637 = CARTESIAN_POINT('',(16.957258460892,11.525399999999,-10.));
#8638 = DIRECTION('',(-0.939692620786,-0.342020143326,0.));
#8639 = DIRECTION('',(0.342020143326,-0.939692620786,0.));
#8640 = ADVANCED_FACE('',(#8641),#8652,.F.);
#8641 = FACE_BOUND('',#8642,.T.);
#8642 = EDGE_LOOP('',(#8643,#8644,#8645,#8651));
#8643 = ORIENTED_EDGE('',*,*,#7245,.T.);
#8644 = ORIENTED_EDGE('',*,*,#7693,.F.);
#8645 = ORIENTED_EDGE('',*,*,#8646,.T.);
#8646 = EDGE_CURVE('',#7686,#8350,#8647,.T.);
#8647 = LINE('',#8648,#8649);
#8648 = CARTESIAN_POINT('',(19.504208954491,8.125000000001,-10.));
#8649 = VECTOR('',#8650,1.);
#8650 = DIRECTION('',(-0.,-0.,1.));
#8651 = ORIENTED_EDGE('',*,*,#8349,.T.);
#8652 = PLANE('',#8653);
#8653 = AXIS2_PLACEMENT_3D('',#8654,#8655,#8656);
#8654 = CARTESIAN_POINT('',(20.741853339089,11.525399999999,-10.));
#8655 = DIRECTION('',(0.939692620786,-0.342020143326,0.));
#8656 = DIRECTION('',(0.342020143326,0.939692620786,0.));
#8657 = ADVANCED_FACE('',(#8658),#8664,.F.);
#8658 = FACE_BOUND('',#8659,.T.);
#8659 = EDGE_LOOP('',(#8660,#8661,#8662,#8663));
#8660 = ORIENTED_EDGE('',*,*,#8357,.T.);
#8661 = ORIENTED_EDGE('',*,*,#8646,.F.);
#8662 = ORIENTED_EDGE('',*,*,#7685,.F.);
#8663 = ORIENTED_EDGE('',*,*,#8629,.T.);
#8664 = PLANE('',#8665);
#8665 = AXIS2_PLACEMENT_3D('',#8666,#8667,#8668);
#8666 = CARTESIAN_POINT('',(19.504208954491,8.125000000001,-10.));
#8667 = DIRECTION('',(0.,-1.,-0.));
#8668 = DIRECTION('',(0.,0.,-1.));
#8669 = ADVANCED_FACE('',(#8670),#8681,.F.);
#8670 = FACE_BOUND('',#8671,.T.);
#8671 = EDGE_LOOP('',(#8672,#8673,#8674,#8680));
#8672 = ORIENTED_EDGE('',*,*,#7227,.T.);
#8673 = ORIENTED_EDGE('',*,*,#8342,.F.);
#8674 = ORIENTED_EDGE('',*,*,#8675,.F.);
#8675 = EDGE_CURVE('',#7701,#8335,#8676,.T.);
#8676 = LINE('',#8677,#8678);
#8677 = CARTESIAN_POINT('',(22.907291820488,8.125000000001,-10.));
#8678 = VECTOR('',#8679,1.);
#8679 = DIRECTION('',(-0.,-0.,1.));
#8680 = ORIENTED_EDGE('',*,*,#7700,.F.);
#8681 = PLANE('',#8682);
#8682 = AXIS2_PLACEMENT_3D('',#8683,#8684,#8685);
#8683 = CARTESIAN_POINT('',(21.669647435889,11.525399999999,-10.));
#8684 = DIRECTION('',(-0.939692620786,-0.342020143326,0.));
#8685 = DIRECTION('',(0.342020143326,-0.939692620786,0.));
#8686 = ADVANCED_FACE('',(#8687),#8698,.F.);
#8687 = FACE_BOUND('',#8688,.T.);
#8688 = EDGE_LOOP('',(#8689,#8690,#8691,#8697));
#8689 = ORIENTED_EDGE('',*,*,#7205,.T.);
#8690 = ORIENTED_EDGE('',*,*,#7716,.F.);
#8691 = ORIENTED_EDGE('',*,*,#8692,.T.);
#8692 = EDGE_CURVE('',#7709,#8327,#8693,.T.);
#8693 = LINE('',#8694,#8695);
#8694 = CARTESIAN_POINT('',(24.216597929489,8.125000000001,-10.));
#8695 = VECTOR('',#8696,1.);
#8696 = DIRECTION('',(-0.,-0.,1.));
#8697 = ORIENTED_EDGE('',*,*,#8326,.T.);
#8698 = PLANE('',#8699);
#8699 = AXIS2_PLACEMENT_3D('',#8700,#8701,#8702);
#8700 = CARTESIAN_POINT('',(25.454242314087,11.525399999999,-10.));
#8701 = DIRECTION('',(0.939692620786,-0.342020143326,0.));
#8702 = DIRECTION('',(0.342020143326,0.939692620786,0.));
#8703 = ADVANCED_FACE('',(#8704),#8710,.F.);
#8704 = FACE_BOUND('',#8705,.T.);
#8705 = EDGE_LOOP('',(#8706,#8707,#8708,#8709));
#8706 = ORIENTED_EDGE('',*,*,#8334,.T.);
#8707 = ORIENTED_EDGE('',*,*,#8692,.F.);
#8708 = ORIENTED_EDGE('',*,*,#7708,.F.);
#8709 = ORIENTED_EDGE('',*,*,#8675,.T.);
#8710 = PLANE('',#8711);
#8711 = AXIS2_PLACEMENT_3D('',#8712,#8713,#8714);
#8712 = CARTESIAN_POINT('',(24.216597929489,8.125000000001,-10.));
#8713 = DIRECTION('',(0.,-1.,-0.));
#8714 = DIRECTION('',(0.,0.,-1.));
#8715 = ADVANCED_FACE('',(#8716),#8727,.F.);
#8716 = FACE_BOUND('',#8717,.T.);
#8717 = EDGE_LOOP('',(#8718,#8719,#8720,#8726));
#8718 = ORIENTED_EDGE('',*,*,#7187,.T.);
#8719 = ORIENTED_EDGE('',*,*,#8319,.F.);
#8720 = ORIENTED_EDGE('',*,*,#8721,.F.);
#8721 = EDGE_CURVE('',#7724,#8312,#8722,.T.);
#8722 = LINE('',#8723,#8724);
#8723 = CARTESIAN_POINT('',(27.619680795485,8.125000000001,-10.));
#8724 = VECTOR('',#8725,1.);
#8725 = DIRECTION('',(-0.,-0.,1.));
#8726 = ORIENTED_EDGE('',*,*,#7723,.F.);
#8727 = PLANE('',#8728);
#8728 = AXIS2_PLACEMENT_3D('',#8729,#8730,#8731);
#8729 = CARTESIAN_POINT('',(26.382036410887,11.525399999999,-10.));
#8730 = DIRECTION('',(-0.939692620786,-0.342020143326,0.));
#8731 = DIRECTION('',(0.342020143326,-0.939692620786,0.));
#8732 = ADVANCED_FACE('',(#8733),#8744,.F.);
#8733 = FACE_BOUND('',#8734,.T.);
#8734 = EDGE_LOOP('',(#8735,#8736,#8737,#8743));
#8735 = ORIENTED_EDGE('',*,*,#7165,.T.);
#8736 = ORIENTED_EDGE('',*,*,#7739,.F.);
#8737 = ORIENTED_EDGE('',*,*,#8738,.T.);
#8738 = EDGE_CURVE('',#7732,#8304,#8739,.T.);
#8739 = LINE('',#8740,#8741);
#8740 = CARTESIAN_POINT('',(28.928986904487,8.125000000001,-10.));
#8741 = VECTOR('',#8742,1.);
#8742 = DIRECTION('',(-0.,-0.,1.));
#8743 = ORIENTED_EDGE('',*,*,#8303,.T.);
#8744 = PLANE('',#8745);
#8745 = AXIS2_PLACEMENT_3D('',#8746,#8747,#8748);
#8746 = CARTESIAN_POINT('',(30.166631289085,11.525399999999,-10.));
#8747 = DIRECTION('',(0.939692620786,-0.342020143326,0.));
#8748 = DIRECTION('',(0.342020143326,0.939692620786,0.));
#8749 = ADVANCED_FACE('',(#8750),#8756,.F.);
#8750 = FACE_BOUND('',#8751,.T.);
#8751 = EDGE_LOOP('',(#8752,#8753,#8754,#8755));
#8752 = ORIENTED_EDGE('',*,*,#8311,.T.);
#8753 = ORIENTED_EDGE('',*,*,#8738,.F.);
#8754 = ORIENTED_EDGE('',*,*,#7731,.F.);
#8755 = ORIENTED_EDGE('',*,*,#8721,.T.);
#8756 = PLANE('',#8757);
#8757 = AXIS2_PLACEMENT_3D('',#8758,#8759,#8760);
#8758 = CARTESIAN_POINT('',(28.928986904487,8.125000000001,-10.));
#8759 = DIRECTION('',(0.,-1.,-0.));
#8760 = DIRECTION('',(0.,0.,-1.));
#8761 = ADVANCED_FACE('',(#8762),#8773,.F.);
#8762 = FACE_BOUND('',#8763,.T.);
#8763 = EDGE_LOOP('',(#8764,#8765,#8766,#8772));
#8764 = ORIENTED_EDGE('',*,*,#7147,.T.);
#8765 = ORIENTED_EDGE('',*,*,#8296,.F.);
#8766 = ORIENTED_EDGE('',*,*,#8767,.F.);
#8767 = EDGE_CURVE('',#7747,#8289,#8768,.T.);
#8768 = LINE('',#8769,#8770);
#8769 = CARTESIAN_POINT('',(32.332069770483,8.125000000001,-10.));
#8770 = VECTOR('',#8771,1.);
#8771 = DIRECTION('',(-0.,-0.,1.));
#8772 = ORIENTED_EDGE('',*,*,#7746,.F.);
#8773 = PLANE('',#8774);
#8774 = AXIS2_PLACEMENT_3D('',#8775,#8776,#8777);
#8775 = CARTESIAN_POINT('',(31.094425385885,11.525399999999,-10.));
#8776 = DIRECTION('',(-0.939692620786,-0.342020143326,0.));
#8777 = DIRECTION('',(0.342020143326,-0.939692620786,0.));
#8778 = ADVANCED_FACE('',(#8779),#8790,.F.);
#8779 = FACE_BOUND('',#8780,.T.);
#8780 = EDGE_LOOP('',(#8781,#8782,#8783,#8789));
#8781 = ORIENTED_EDGE('',*,*,#7125,.T.);
#8782 = ORIENTED_EDGE('',*,*,#7762,.F.);
#8783 = ORIENTED_EDGE('',*,*,#8784,.T.);
#8784 = EDGE_CURVE('',#7755,#8281,#8785,.T.);
#8785 = LINE('',#8786,#8787);
#8786 = CARTESIAN_POINT('',(33.641375879484,8.125000000001,-10.));
#8787 = VECTOR('',#8788,1.);
#8788 = DIRECTION('',(-0.,-0.,1.));
#8789 = ORIENTED_EDGE('',*,*,#8280,.T.);
#8790 = PLANE('',#8791);
#8791 = AXIS2_PLACEMENT_3D('',#8792,#8793,#8794);
#8792 = CARTESIAN_POINT('',(34.879020264082,11.525399999999,-10.));
#8793 = DIRECTION('',(0.939692620786,-0.342020143326,0.));
#8794 = DIRECTION('',(0.342020143326,0.939692620786,0.));
#8795 = ADVANCED_FACE('',(#8796),#8802,.F.);
#8796 = FACE_BOUND('',#8797,.T.);
#8797 = EDGE_LOOP('',(#8798,#8799,#8800,#8801));
#8798 = ORIENTED_EDGE('',*,*,#8288,.T.);
#8799 = ORIENTED_EDGE('',*,*,#8784,.F.);
#8800 = ORIENTED_EDGE('',*,*,#7754,.F.);
#8801 = ORIENTED_EDGE('',*,*,#8767,.T.);
#8802 = PLANE('',#8803);
#8803 = AXIS2_PLACEMENT_3D('',#8804,#8805,#8806);
#8804 = CARTESIAN_POINT('',(33.641375879484,8.125000000001,-10.));
#8805 = DIRECTION('',(0.,-1.,-0.));
#8806 = DIRECTION('',(0.,0.,-1.));
#8807 = ADVANCED_FACE('',(#8808),#8819,.F.);
#8808 = FACE_BOUND('',#8809,.T.);
#8809 = EDGE_LOOP('',(#8810,#8811,#8812,#8818));
#8810 = ORIENTED_EDGE('',*,*,#7107,.T.);
#8811 = ORIENTED_EDGE('',*,*,#8273,.F.);
#8812 = ORIENTED_EDGE('',*,*,#8813,.F.);
#8813 = EDGE_CURVE('',#7770,#8266,#8814,.T.);
#8814 = LINE('',#8815,#8816);
#8815 = CARTESIAN_POINT('',(37.044458745481,8.125000000001,-10.));
#8816 = VECTOR('',#8817,1.);
#8817 = DIRECTION('',(-0.,-0.,1.));
#8818 = ORIENTED_EDGE('',*,*,#7769,.F.);
#8819 = PLANE('',#8820);
#8820 = AXIS2_PLACEMENT_3D('',#8821,#8822,#8823);
#8821 = CARTESIAN_POINT('',(35.806814360882,11.525399999999,-10.));
#8822 = DIRECTION('',(-0.939692620786,-0.342020143326,0.));
#8823 = DIRECTION('',(0.342020143326,-0.939692620786,0.));
#8824 = ADVANCED_FACE('',(#8825),#8836,.F.);
#8825 = FACE_BOUND('',#8826,.T.);
#8826 = EDGE_LOOP('',(#8827,#8828,#8829,#8835));
#8827 = ORIENTED_EDGE('',*,*,#7085,.T.);
#8828 = ORIENTED_EDGE('',*,*,#7785,.F.);
#8829 = ORIENTED_EDGE('',*,*,#8830,.T.);
#8830 = EDGE_CURVE('',#7778,#8258,#8831,.T.);
#8831 = LINE('',#8832,#8833);
#8832 = CARTESIAN_POINT('',(38.353764854482,8.125000000001,-10.));
#8833 = VECTOR('',#8834,1.);
#8834 = DIRECTION('',(-0.,-0.,1.));
#8835 = ORIENTED_EDGE('',*,*,#8257,.T.);
#8836 = PLANE('',#8837);
#8837 = AXIS2_PLACEMENT_3D('',#8838,#8839,#8840);
#8838 = CARTESIAN_POINT('',(39.59140923908,11.525399999999,-10.));
#8839 = DIRECTION('',(0.939692620786,-0.342020143326,0.));
#8840 = DIRECTION('',(0.342020143326,0.939692620786,0.));
#8841 = ADVANCED_FACE('',(#8842),#8848,.F.);
#8842 = FACE_BOUND('',#8843,.T.);
#8843 = EDGE_LOOP('',(#8844,#8845,#8846,#8847));
#8844 = ORIENTED_EDGE('',*,*,#8265,.T.);
#8845 = ORIENTED_EDGE('',*,*,#8830,.F.);
#8846 = ORIENTED_EDGE('',*,*,#7777,.F.);
#8847 = ORIENTED_EDGE('',*,*,#8813,.T.);
#8848 = PLANE('',#8849);
#8849 = AXIS2_PLACEMENT_3D('',#8850,#8851,#8852);
#8850 = CARTESIAN_POINT('',(38.353764854482,8.125000000001,-10.));
#8851 = DIRECTION('',(0.,-1.,-0.));
#8852 = DIRECTION('',(0.,0.,-1.));
#8853 = ADVANCED_FACE('',(#8854),#8865,.F.);
#8854 = FACE_BOUND('',#8855,.T.);
#8855 = EDGE_LOOP('',(#8856,#8857,#8858,#8864));
#8856 = ORIENTED_EDGE('',*,*,#7067,.T.);
#8857 = ORIENTED_EDGE('',*,*,#8250,.F.);
#8858 = ORIENTED_EDGE('',*,*,#8859,.F.);
#8859 = EDGE_CURVE('',#7793,#8243,#8860,.T.);
#8860 = LINE('',#8861,#8862);
#8861 = CARTESIAN_POINT('',(41.756847720478,8.125000000001,-10.));
#8862 = VECTOR('',#8863,1.);
#8863 = DIRECTION('',(-0.,-0.,1.));
#8864 = ORIENTED_EDGE('',*,*,#7792,.F.);
#8865 = PLANE('',#8866);
#8866 = AXIS2_PLACEMENT_3D('',#8867,#8868,#8869);
#8867 = CARTESIAN_POINT('',(40.51920333588,11.525399999999,-10.));
#8868 = DIRECTION('',(-0.939692620786,-0.342020143326,0.));
#8869 = DIRECTION('',(0.342020143326,-0.939692620786,0.));
#8870 = ADVANCED_FACE('',(#8871),#8882,.F.);
#8871 = FACE_BOUND('',#8872,.T.);
#8872 = EDGE_LOOP('',(#8873,#8874,#8875,#8881));
#8873 = ORIENTED_EDGE('',*,*,#7045,.T.);
#8874 = ORIENTED_EDGE('',*,*,#7808,.F.);
#8875 = ORIENTED_EDGE('',*,*,#8876,.T.);
#8876 = EDGE_CURVE('',#7801,#8235,#8877,.T.);
#8877 = LINE('',#8878,#8879);
#8878 = CARTESIAN_POINT('',(43.066153829479,8.125000000001,-10.));
#8879 = VECTOR('',#8880,1.);
#8880 = DIRECTION('',(-0.,-0.,1.));
#8881 = ORIENTED_EDGE('',*,*,#8234,.T.);
#8882 = PLANE('',#8883);
#8883 = AXIS2_PLACEMENT_3D('',#8884,#8885,#8886);
#8884 = CARTESIAN_POINT('',(44.303798214078,11.525399999999,-10.));
#8885 = DIRECTION('',(0.939692620786,-0.342020143326,0.));
#8886 = DIRECTION('',(0.342020143326,0.939692620786,0.));
#8887 = ADVANCED_FACE('',(#8888),#8894,.F.);
#8888 = FACE_BOUND('',#8889,.T.);
#8889 = EDGE_LOOP('',(#8890,#8891,#8892,#8893));
#8890 = ORIENTED_EDGE('',*,*,#8242,.T.);
#8891 = ORIENTED_EDGE('',*,*,#8876,.F.);
#8892 = ORIENTED_EDGE('',*,*,#7800,.F.);
#8893 = ORIENTED_EDGE('',*,*,#8859,.T.);
#8894 = PLANE('',#8895);
#8895 = AXIS2_PLACEMENT_3D('',#8896,#8897,#8898);
#8896 = CARTESIAN_POINT('',(43.066153829479,8.125000000001,-10.));
#8897 = DIRECTION('',(0.,-1.,-0.));
#8898 = DIRECTION('',(0.,0.,-1.));
#8899 = ADVANCED_FACE('',(#8900),#8911,.F.);
#8900 = FACE_BOUND('',#8901,.T.);
#8901 = EDGE_LOOP('',(#8902,#8903,#8904,#8910));
#8902 = ORIENTED_EDGE('',*,*,#7027,.T.);
#8903 = ORIENTED_EDGE('',*,*,#8227,.F.);
#8904 = ORIENTED_EDGE('',*,*,#8905,.F.);
#8905 = EDGE_CURVE('',#7816,#8220,#8906,.T.);
#8906 = LINE('',#8907,#8908);
#8907 = CARTESIAN_POINT('',(46.469236695476,8.125000000001,-10.));
#8908 = VECTOR('',#8909,1.);
#8909 = DIRECTION('',(-0.,-0.,1.));
#8910 = ORIENTED_EDGE('',*,*,#7815,.F.);
#8911 = PLANE('',#8912);
#8912 = AXIS2_PLACEMENT_3D('',#8913,#8914,#8915);
#8913 = CARTESIAN_POINT('',(45.231592310878,11.525399999999,-10.));
#8914 = DIRECTION('',(-0.939692620786,-0.342020143326,0.));
#8915 = DIRECTION('',(0.342020143326,-0.939692620786,0.));
#8916 = ADVANCED_FACE('',(#8917),#8928,.F.);
#8917 = FACE_BOUND('',#8918,.T.);
#8918 = EDGE_LOOP('',(#8919,#8920,#8921,#8927));
#8919 = ORIENTED_EDGE('',*,*,#7005,.T.);
#8920 = ORIENTED_EDGE('',*,*,#7831,.F.);
#8921 = ORIENTED_EDGE('',*,*,#8922,.T.);
#8922 = EDGE_CURVE('',#7824,#8212,#8923,.T.);
#8923 = LINE('',#8924,#8925);
#8924 = CARTESIAN_POINT('',(47.778542804477,8.125000000001,-10.));
#8925 = VECTOR('',#8926,1.);
#8926 = DIRECTION('',(-0.,-0.,1.));
#8927 = ORIENTED_EDGE('',*,*,#8211,.T.);
#8928 = PLANE('',#8929);
#8929 = AXIS2_PLACEMENT_3D('',#8930,#8931,#8932);
#8930 = CARTESIAN_POINT('',(49.016187189075,11.525399999999,-10.));
#8931 = DIRECTION('',(0.939692620786,-0.342020143326,0.));
#8932 = DIRECTION('',(0.342020143326,0.939692620786,0.));
#8933 = ADVANCED_FACE('',(#8934),#8940,.F.);
#8934 = FACE_BOUND('',#8935,.T.);
#8935 = EDGE_LOOP('',(#8936,#8937,#8938,#8939));
#8936 = ORIENTED_EDGE('',*,*,#8219,.T.);
#8937 = ORIENTED_EDGE('',*,*,#8922,.F.);
#8938 = ORIENTED_EDGE('',*,*,#7823,.F.);
#8939 = ORIENTED_EDGE('',*,*,#8905,.T.);
#8940 = PLANE('',#8941);
#8941 = AXIS2_PLACEMENT_3D('',#8942,#8943,#8944);
#8942 = CARTESIAN_POINT('',(47.778542804477,8.125000000001,-10.));
#8943 = DIRECTION('',(0.,-1.,-0.));
#8944 = DIRECTION('',(0.,0.,-1.));
#8945 = ADVANCED_FACE('',(#8946),#8957,.F.);
#8946 = FACE_BOUND('',#8947,.T.);
#8947 = EDGE_LOOP('',(#8948,#8949,#8950,#8956));
#8948 = ORIENTED_EDGE('',*,*,#6987,.T.);
#8949 = ORIENTED_EDGE('',*,*,#8204,.F.);
#8950 = ORIENTED_EDGE('',*,*,#8951,.F.);
#8951 = EDGE_CURVE('',#7839,#8197,#8952,.T.);
#8952 = LINE('',#8953,#8954);
#8953 = CARTESIAN_POINT('',(51.181625670473,8.125000000001,-10.));
#8954 = VECTOR('',#8955,1.);
#8955 = DIRECTION('',(-0.,-0.,1.));
#8956 = ORIENTED_EDGE('',*,*,#7838,.F.);
#8957 = PLANE('',#8958);
#8958 = AXIS2_PLACEMENT_3D('',#8959,#8960,#8961);
#8959 = CARTESIAN_POINT('',(49.943981285875,11.525399999999,-10.));
#8960 = DIRECTION('',(-0.939692620786,-0.342020143326,0.));
#8961 = DIRECTION('',(0.342020143326,-0.939692620786,0.));
#8962 = ADVANCED_FACE('',(#8963),#8974,.F.);
#8963 = FACE_BOUND('',#8964,.T.);
#8964 = EDGE_LOOP('',(#8965,#8966,#8967,#8973));
#8965 = ORIENTED_EDGE('',*,*,#6965,.T.);
#8966 = ORIENTED_EDGE('',*,*,#7854,.F.);
#8967 = ORIENTED_EDGE('',*,*,#8968,.T.);
#8968 = EDGE_CURVE('',#7847,#8189,#8969,.T.);
#8969 = LINE('',#8970,#8971);
#8970 = CARTESIAN_POINT('',(52.490931779475,8.125000000001,-10.));
#8971 = VECTOR('',#8972,1.);
#8972 = DIRECTION('',(-0.,-0.,1.));
#8973 = ORIENTED_EDGE('',*,*,#8188,.T.);
#8974 = PLANE('',#8975);
#8975 = AXIS2_PLACEMENT_3D('',#8976,#8977,#8978);
#8976 = CARTESIAN_POINT('',(53.728576164073,11.525399999999,-10.));
#8977 = DIRECTION('',(0.939692620786,-0.342020143326,0.));
#8978 = DIRECTION('',(0.342020143326,0.939692620786,0.));
#8979 = ADVANCED_FACE('',(#8980),#8986,.F.);
#8980 = FACE_BOUND('',#8981,.T.);
#8981 = EDGE_LOOP('',(#8982,#8983,#8984,#8985));
#8982 = ORIENTED_EDGE('',*,*,#8196,.T.);
#8983 = ORIENTED_EDGE('',*,*,#8968,.F.);
#8984 = ORIENTED_EDGE('',*,*,#7846,.F.);
#8985 = ORIENTED_EDGE('',*,*,#8951,.T.);
#8986 = PLANE('',#8987);
#8987 = AXIS2_PLACEMENT_3D('',#8988,#8989,#8990);
#8988 = CARTESIAN_POINT('',(52.490931779475,8.125000000001,-10.));
#8989 = DIRECTION('',(0.,-1.,-0.));
#8990 = DIRECTION('',(0.,0.,-1.));
#8991 = ADVANCED_FACE('',(#8992),#9003,.F.);
#8992 = FACE_BOUND('',#8993,.T.);
#8993 = EDGE_LOOP('',(#8994,#8995,#8996,#9002));
#8994 = ORIENTED_EDGE('',*,*,#6947,.T.);
#8995 = ORIENTED_EDGE('',*,*,#8181,.F.);
#8996 = ORIENTED_EDGE('',*,*,#8997,.F.);
#8997 = EDGE_CURVE('',#7862,#8174,#8998,.T.);
#8998 = LINE('',#8999,#9000);
#8999 = CARTESIAN_POINT('',(55.894014645471,8.125000000001,-10.));
#9000 = VECTOR('',#9001,1.);
#9001 = DIRECTION('',(-0.,-0.,1.));
#9002 = ORIENTED_EDGE('',*,*,#7861,.F.);
#9003 = PLANE('',#9004);
#9004 = AXIS2_PLACEMENT_3D('',#9005,#9006,#9007);
#9005 = CARTESIAN_POINT('',(54.656370260873,11.525399999999,-10.));
#9006 = DIRECTION('',(-0.939692620786,-0.342020143326,0.));
#9007 = DIRECTION('',(0.342020143326,-0.939692620786,0.));
#9008 = ADVANCED_FACE('',(#9009),#9020,.F.);
#9009 = FACE_BOUND('',#9010,.T.);
#9010 = EDGE_LOOP('',(#9011,#9012,#9013,#9019));
#9011 = ORIENTED_EDGE('',*,*,#6925,.T.);
#9012 = ORIENTED_EDGE('',*,*,#7877,.F.);
#9013 = ORIENTED_EDGE('',*,*,#9014,.T.);
#9014 = EDGE_CURVE('',#7870,#8166,#9015,.T.);
#9015 = LINE('',#9016,#9017);
#9016 = CARTESIAN_POINT('',(57.203320754472,8.125000000001,-10.));
#9017 = VECTOR('',#9018,1.);
#9018 = DIRECTION('',(-0.,-0.,1.));
#9019 = ORIENTED_EDGE('',*,*,#8165,.T.);
#9020 = PLANE('',#9021);
#9021 = AXIS2_PLACEMENT_3D('',#9022,#9023,#9024);
#9022 = CARTESIAN_POINT('',(58.440965139071,11.525399999999,-10.));
#9023 = DIRECTION('',(0.939692620786,-0.342020143326,0.));
#9024 = DIRECTION('',(0.342020143326,0.939692620786,0.));
#9025 = ADVANCED_FACE('',(#9026),#9032,.F.);
#9026 = FACE_BOUND('',#9027,.T.);
#9027 = EDGE_LOOP('',(#9028,#9029,#9030,#9031));
#9028 = ORIENTED_EDGE('',*,*,#8173,.T.);
#9029 = ORIENTED_EDGE('',*,*,#9014,.F.);
#9030 = ORIENTED_EDGE('',*,*,#7869,.F.);
#9031 = ORIENTED_EDGE('',*,*,#8997,.T.);
#9032 = PLANE('',#9033);
#9033 = AXIS2_PLACEMENT_3D('',#9034,#9035,#9036);
#9034 = CARTESIAN_POINT('',(57.203320754472,8.125000000001,-10.));
#9035 = DIRECTION('',(0.,-1.,-0.));
#9036 = DIRECTION('',(0.,0.,-1.));
#9037 = ADVANCED_FACE('',(#9038),#9049,.F.);
#9038 = FACE_BOUND('',#9039,.T.);
#9039 = EDGE_LOOP('',(#9040,#9041,#9042,#9048));
#9040 = ORIENTED_EDGE('',*,*,#6907,.T.);
#9041 = ORIENTED_EDGE('',*,*,#8158,.F.);
#9042 = ORIENTED_EDGE('',*,*,#9043,.F.);
#9043 = EDGE_CURVE('',#7885,#8151,#9044,.T.);
#9044 = LINE('',#9045,#9046);
#9045 = CARTESIAN_POINT('',(60.606403620469,8.125000000001,-10.));
#9046 = VECTOR('',#9047,1.);
#9047 = DIRECTION('',(-0.,-0.,1.));
#9048 = ORIENTED_EDGE('',*,*,#7884,.F.);
#9049 = PLANE('',#9050);
#9050 = AXIS2_PLACEMENT_3D('',#9051,#9052,#9053);
#9051 = CARTESIAN_POINT('',(59.368759235871,11.525399999999,-10.));
#9052 = DIRECTION('',(-0.939692620786,-0.342020143326,0.));
#9053 = DIRECTION('',(0.342020143326,-0.939692620786,0.));
#9054 = ADVANCED_FACE('',(#9055),#9066,.F.);
#9055 = FACE_BOUND('',#9056,.T.);
#9056 = EDGE_LOOP('',(#9057,#9058,#9059,#9065));
#9057 = ORIENTED_EDGE('',*,*,#6885,.T.);
#9058 = ORIENTED_EDGE('',*,*,#7900,.F.);
#9059 = ORIENTED_EDGE('',*,*,#9060,.T.);
#9060 = EDGE_CURVE('',#7893,#8143,#9061,.T.);
#9061 = LINE('',#9062,#9063);
#9062 = CARTESIAN_POINT('',(61.91570972947,8.125000000001,-10.));
#9063 = VECTOR('',#9064,1.);
#9064 = DIRECTION('',(-0.,-0.,1.));
#9065 = ORIENTED_EDGE('',*,*,#8142,.T.);
#9066 = PLANE('',#9067);
#9067 = AXIS2_PLACEMENT_3D('',#9068,#9069,#9070);
#9068 = CARTESIAN_POINT('',(63.153354114068,11.525399999999,-10.));
#9069 = DIRECTION('',(0.939692620786,-0.342020143326,0.));
#9070 = DIRECTION('',(0.342020143326,0.939692620786,0.));
#9071 = ADVANCED_FACE('',(#9072),#9078,.F.);
#9072 = FACE_BOUND('',#9073,.T.);
#9073 = EDGE_LOOP('',(#9074,#9075,#9076,#9077));
#9074 = ORIENTED_EDGE('',*,*,#8150,.T.);
#9075 = ORIENTED_EDGE('',*,*,#9060,.F.);
#9076 = ORIENTED_EDGE('',*,*,#7892,.F.);
#9077 = ORIENTED_EDGE('',*,*,#9043,.T.);
#9078 = PLANE('',#9079);
#9079 = AXIS2_PLACEMENT_3D('',#9080,#9081,#9082);
#9080 = CARTESIAN_POINT('',(61.91570972947,8.125000000001,-10.));
#9081 = DIRECTION('',(0.,-1.,-0.));
#9082 = DIRECTION('',(0.,0.,-1.));
#9083 = ADVANCED_FACE('',(#9084),#9095,.F.);
#9084 = FACE_BOUND('',#9085,.T.);
#9085 = EDGE_LOOP('',(#9086,#9087,#9088,#9094));
#9086 = ORIENTED_EDGE('',*,*,#6867,.T.);
#9087 = ORIENTED_EDGE('',*,*,#8135,.F.);
#9088 = ORIENTED_EDGE('',*,*,#9089,.F.);
#9089 = EDGE_CURVE('',#7908,#8128,#9090,.T.);
#9090 = LINE('',#9091,#9092);
#9091 = CARTESIAN_POINT('',(65.318792595466,8.125000000001,-10.));
#9092 = VECTOR('',#9093,1.);
#9093 = DIRECTION('',(-0.,-0.,1.));
#9094 = ORIENTED_EDGE('',*,*,#7907,.F.);
#9095 = PLANE('',#9096);
#9096 = AXIS2_PLACEMENT_3D('',#9097,#9098,#9099);
#9097 = CARTESIAN_POINT('',(64.081148210868,11.525399999999,-10.));
#9098 = DIRECTION('',(-0.939692620786,-0.342020143326,0.));
#9099 = DIRECTION('',(0.342020143326,-0.939692620786,0.));
#9100 = ADVANCED_FACE('',(#9101),#9112,.F.);
#9101 = FACE_BOUND('',#9102,.T.);
#9102 = EDGE_LOOP('',(#9103,#9104,#9105,#9111));
#9103 = ORIENTED_EDGE('',*,*,#6845,.T.);
#9104 = ORIENTED_EDGE('',*,*,#7923,.F.);
#9105 = ORIENTED_EDGE('',*,*,#9106,.T.);
#9106 = EDGE_CURVE('',#7916,#8120,#9107,.T.);
#9107 = LINE('',#9108,#9109);
#9108 = CARTESIAN_POINT('',(66.628098704468,8.125000000001,-10.));
#9109 = VECTOR('',#9110,1.);
#9110 = DIRECTION('',(-0.,-0.,1.));
#9111 = ORIENTED_EDGE('',*,*,#8119,.T.);
#9112 = PLANE('',#9113);
#9113 = AXIS2_PLACEMENT_3D('',#9114,#9115,#9116);
#9114 = CARTESIAN_POINT('',(67.865743089066,11.525399999999,-10.));
#9115 = DIRECTION('',(0.939692620786,-0.342020143326,0.));
#9116 = DIRECTION('',(0.342020143326,0.939692620786,0.));
#9117 = ADVANCED_FACE('',(#9118),#9124,.F.);
#9118 = FACE_BOUND('',#9119,.T.);
#9119 = EDGE_LOOP('',(#9120,#9121,#9122,#9123));
#9120 = ORIENTED_EDGE('',*,*,#8127,.T.);
#9121 = ORIENTED_EDGE('',*,*,#9106,.F.);
#9122 = ORIENTED_EDGE('',*,*,#7915,.F.);
#9123 = ORIENTED_EDGE('',*,*,#9089,.T.);
#9124 = PLANE('',#9125);
#9125 = AXIS2_PLACEMENT_3D('',#9126,#9127,#9128);
#9126 = CARTESIAN_POINT('',(66.628098704468,8.125000000001,-10.));
#9127 = DIRECTION('',(0.,-1.,-0.));
#9128 = DIRECTION('',(0.,0.,-1.));
#9129 = ADVANCED_FACE('',(#9130),#9141,.F.);
#9130 = FACE_BOUND('',#9131,.T.);
#9131 = EDGE_LOOP('',(#9132,#9133,#9134,#9140));
#9132 = ORIENTED_EDGE('',*,*,#6827,.T.);
#9133 = ORIENTED_EDGE('',*,*,#8112,.F.);
#9134 = ORIENTED_EDGE('',*,*,#9135,.F.);
#9135 = EDGE_CURVE('',#7931,#8105,#9136,.T.);
#9136 = LINE('',#9137,#9138);
#9137 = CARTESIAN_POINT('',(70.031181570464,8.125000000001,-10.));
#9138 = VECTOR('',#9139,1.);
#9139 = DIRECTION('',(-0.,-0.,1.));
#9140 = ORIENTED_EDGE('',*,*,#7930,.F.);
#9141 = PLANE('',#9142);
#9142 = AXIS2_PLACEMENT_3D('',#9143,#9144,#9145);
#9143 = CARTESIAN_POINT('',(68.793537185866,11.525399999999,-10.));
#9144 = DIRECTION('',(-0.939692620786,-0.342020143326,0.));
#9145 = DIRECTION('',(0.342020143326,-0.939692620786,0.));
#9146 = ADVANCED_FACE('',(#9147),#9158,.F.);
#9147 = FACE_BOUND('',#9148,.T.);
#9148 = EDGE_LOOP('',(#9149,#9150,#9151,#9157));
#9149 = ORIENTED_EDGE('',*,*,#6805,.T.);
#9150 = ORIENTED_EDGE('',*,*,#7946,.F.);
#9151 = ORIENTED_EDGE('',*,*,#9152,.T.);
#9152 = EDGE_CURVE('',#7939,#8097,#9153,.T.);
#9153 = LINE('',#9154,#9155);
#9154 = CARTESIAN_POINT('',(71.340487679465,8.125000000001,-10.));
#9155 = VECTOR('',#9156,1.);
#9156 = DIRECTION('',(-0.,-0.,1.));
#9157 = ORIENTED_EDGE('',*,*,#8096,.T.);
#9158 = PLANE('',#9159);
#9159 = AXIS2_PLACEMENT_3D('',#9160,#9161,#9162);
#9160 = CARTESIAN_POINT('',(72.578132064063,11.525399999999,-10.));
#9161 = DIRECTION('',(0.939692620786,-0.342020143326,0.));
#9162 = DIRECTION('',(0.342020143326,0.939692620786,0.));
#9163 = ADVANCED_FACE('',(#9164),#9170,.F.);
#9164 = FACE_BOUND('',#9165,.T.);
#9165 = EDGE_LOOP('',(#9166,#9167,#9168,#9169));
#9166 = ORIENTED_EDGE('',*,*,#8104,.T.);
#9167 = ORIENTED_EDGE('',*,*,#9152,.F.);
#9168 = ORIENTED_EDGE('',*,*,#7938,.F.);
#9169 = ORIENTED_EDGE('',*,*,#9135,.T.);
#9170 = PLANE('',#9171);
#9171 = AXIS2_PLACEMENT_3D('',#9172,#9173,#9174);
#9172 = CARTESIAN_POINT('',(71.340487679465,8.125000000001,-10.));
#9173 = DIRECTION('',(0.,-1.,-0.));
#9174 = DIRECTION('',(0.,0.,-1.));
#9175 = ADVANCED_FACE('',(#9176),#9187,.F.);
#9176 = FACE_BOUND('',#9177,.T.);
#9177 = EDGE_LOOP('',(#9178,#9179,#9180,#9186));
#9178 = ORIENTED_EDGE('',*,*,#6787,.T.);
#9179 = ORIENTED_EDGE('',*,*,#8089,.F.);
#9180 = ORIENTED_EDGE('',*,*,#9181,.F.);
#9181 = EDGE_CURVE('',#7954,#8082,#9182,.T.);
#9182 = LINE('',#9183,#9184);
#9183 = CARTESIAN_POINT('',(74.743570545462,8.125000000001,-10.));
#9184 = VECTOR('',#9185,1.);
#9185 = DIRECTION('',(-0.,-0.,1.));
#9186 = ORIENTED_EDGE('',*,*,#7953,.F.);
#9187 = PLANE('',#9188);
#9188 = AXIS2_PLACEMENT_3D('',#9189,#9190,#9191);
#9189 = CARTESIAN_POINT('',(73.505926160864,11.525399999999,-10.));
#9190 = DIRECTION('',(-0.939692620786,-0.342020143326,0.));
#9191 = DIRECTION('',(0.342020143326,-0.939692620786,0.));
#9192 = ADVANCED_FACE('',(#9193),#9204,.F.);
#9193 = FACE_BOUND('',#9194,.T.);
#9194 = EDGE_LOOP('',(#9195,#9196,#9197,#9203));
#9195 = ORIENTED_EDGE('',*,*,#6765,.T.);
#9196 = ORIENTED_EDGE('',*,*,#7969,.F.);
#9197 = ORIENTED_EDGE('',*,*,#9198,.T.);
#9198 = EDGE_CURVE('',#7962,#8074,#9199,.T.);
#9199 = LINE('',#9200,#9201);
#9200 = CARTESIAN_POINT('',(76.052876654463,8.125000000001,-10.));
#9201 = VECTOR('',#9202,1.);
#9202 = DIRECTION('',(-0.,-0.,1.));
#9203 = ORIENTED_EDGE('',*,*,#8073,.T.);
#9204 = PLANE('',#9205);
#9205 = AXIS2_PLACEMENT_3D('',#9206,#9207,#9208);
#9206 = CARTESIAN_POINT('',(77.290521039061,11.525399999999,-10.));
#9207 = DIRECTION('',(0.939692620786,-0.342020143326,0.));
#9208 = DIRECTION('',(0.342020143326,0.939692620786,0.));
#9209 = ADVANCED_FACE('',(#9210),#9216,.F.);
#9210 = FACE_BOUND('',#9211,.T.);
#9211 = EDGE_LOOP('',(#9212,#9213,#9214,#9215));
#9212 = ORIENTED_EDGE('',*,*,#8081,.T.);
#9213 = ORIENTED_EDGE('',*,*,#9198,.F.);
#9214 = ORIENTED_EDGE('',*,*,#7961,.F.);
#9215 = ORIENTED_EDGE('',*,*,#9181,.T.);
#9216 = PLANE('',#9217);
#9217 = AXIS2_PLACEMENT_3D('',#9218,#9219,#9220);
#9218 = CARTESIAN_POINT('',(76.052876654463,8.125000000001,-10.));
#9219 = DIRECTION('',(0.,-1.,-0.));
#9220 = DIRECTION('',(0.,0.,-1.));
#9221 = ADVANCED_FACE('',(#9222),#9233,.F.);
#9222 = FACE_BOUND('',#9223,.T.);
#9223 = EDGE_LOOP('',(#9224,#9225,#9226,#9232));
#9224 = ORIENTED_EDGE('',*,*,#6747,.T.);
#9225 = ORIENTED_EDGE('',*,*,#8066,.F.);
#9226 = ORIENTED_EDGE('',*,*,#9227,.F.);
#9227 = EDGE_CURVE('',#7977,#8059,#9228,.T.);
#9228 = LINE('',#9229,#9230);
#9229 = CARTESIAN_POINT('',(79.455959520459,8.125000000001,-10.));
#9230 = VECTOR('',#9231,1.);
#9231 = DIRECTION('',(-0.,-0.,1.));
#9232 = ORIENTED_EDGE('',*,*,#7976,.F.);
#9233 = PLANE('',#9234);
#9234 = AXIS2_PLACEMENT_3D('',#9235,#9236,#9237);
#9235 = CARTESIAN_POINT('',(78.218315135861,11.525399999999,-10.));
#9236 = DIRECTION('',(-0.939692620786,-0.342020143326,0.));
#9237 = DIRECTION('',(0.342020143326,-0.939692620786,0.));
#9238 = ADVANCED_FACE('',(#9239),#9250,.F.);
#9239 = FACE_BOUND('',#9240,.T.);
#9240 = EDGE_LOOP('',(#9241,#9242,#9243,#9249));
#9241 = ORIENTED_EDGE('',*,*,#7427,.T.);
#9242 = ORIENTED_EDGE('',*,*,#7992,.F.);
#9243 = ORIENTED_EDGE('',*,*,#9244,.T.);
#9244 = EDGE_CURVE('',#7985,#8051,#9245,.T.);
#9245 = LINE('',#9246,#9247);
#9246 = CARTESIAN_POINT('',(80.765265629461,8.125000000001,-10.));
#9247 = VECTOR('',#9248,1.);
#9248 = DIRECTION('',(-0.,-0.,1.));
#9249 = ORIENTED_EDGE('',*,*,#8050,.T.);
#9250 = PLANE('',#9251);
#9251 = AXIS2_PLACEMENT_3D('',#9252,#9253,#9254);
#9252 = CARTESIAN_POINT('',(82.002910014059,11.525399999999,-10.));
#9253 = DIRECTION('',(0.939692620786,-0.342020143326,0.));
#9254 = DIRECTION('',(0.342020143326,0.939692620786,0.));
#9255 = ADVANCED_FACE('',(#9256),#9262,.F.);
#9256 = FACE_BOUND('',#9257,.T.);
#9257 = EDGE_LOOP('',(#9258,#9259,#9260,#9261));
#9258 = ORIENTED_EDGE('',*,*,#8058,.T.);
#9259 = ORIENTED_EDGE('',*,*,#9244,.F.);
#9260 = ORIENTED_EDGE('',*,*,#7984,.F.);
#9261 = ORIENTED_EDGE('',*,*,#9227,.T.);
#9262 = PLANE('',#9263);
#9263 = AXIS2_PLACEMENT_3D('',#9264,#9265,#9266);
#9264 = CARTESIAN_POINT('',(80.765265629461,8.125000000001,-10.));
#9265 = DIRECTION('',(0.,-1.,-0.));
#9266 = DIRECTION('',(0.,0.,-1.));
#9267 = ADVANCED_FACE('',(#9268),#9286,.T.);
#9268 = FACE_BOUND('',#9269,.T.);
#9269 = EDGE_LOOP('',(#9270,#9271,#9279,#9285));
#9270 = ORIENTED_EDGE('',*,*,#8042,.T.);
#9271 = ORIENTED_EDGE('',*,*,#9272,.F.);
#9272 = EDGE_CURVE('',#9273,#8035,#9275,.T.);
#9273 = VERTEX_POINT('',#9274);
#9274 = CARTESIAN_POINT('',(-20.,1.,1.));
#9275 = LINE('',#9276,#9277);
#9276 = CARTESIAN_POINT('',(-20.,1.,1.));
#9277 = VECTOR('',#9278,1.);
#9278 = DIRECTION('',(0.,1.084202172486E-15,-1.));
#9279 = ORIENTED_EDGE('',*,*,#9280,.F.);
#9280 = EDGE_CURVE('',#7476,#9273,#9281,.T.);
#9281 = LINE('',#9282,#9283);
#9282 = CARTESIAN_POINT('',(100.,1.,1.));
#9283 = VECTOR('',#9284,1.);
#9284 = DIRECTION('',(-1.,0.,0.));
#9285 = ORIENTED_EDGE('',*,*,#7475,.T.);
#9286 = PLANE('',#9287);
#9287 = AXIS2_PLACEMENT_3D('',#9288,#9289,#9290);
#9288 = CARTESIAN_POINT('',(100.,1.,0.));
#9289 = DIRECTION('',(0.,1.,2.168404344971E-16));
#9290 = DIRECTION('',(0.,-2.168404344971E-16,1.));
#9291 = ADVANCED_FACE('',(#9292),#9303,.T.);
#9292 = FACE_BOUND('',#9293,.T.);
#9293 = EDGE_LOOP('',(#9294,#9295,#9301,#9302));
#9294 = ORIENTED_EDGE('',*,*,#9280,.T.);
#9295 = ORIENTED_EDGE('',*,*,#9296,.F.);
#9296 = EDGE_CURVE('',#7532,#9273,#9297,.T.);
#9297 = LINE('',#9298,#9299);
#9298 = CARTESIAN_POINT('',(-20.,-1.349217978087E-17,1.));
#9299 = VECTOR('',#9300,1.);
#9300 = DIRECTION('',(0.,1.,-2.168404344971E-16));
#9301 = ORIENTED_EDGE('',*,*,#7531,.F.);
#9302 = ORIENTED_EDGE('',*,*,#7483,.T.);
#9303 = PLANE('',#9304);
#9304 = AXIS2_PLACEMENT_3D('',#9305,#9306,#9307);
#9305 = CARTESIAN_POINT('',(100.,1.,1.));
#9306 = DIRECTION('',(0.,2.168404344971E-16,1.));
#9307 = DIRECTION('',(0.,-1.,2.168404344971E-16));
#9308 = ADVANCED_FACE('',(#9309),#9327,.T.);
#9309 = FACE_BOUND('',#9310,.T.);
#9310 = EDGE_LOOP('',(#9311,#9312,#9320,#9326));
#9311 = ORIENTED_EDGE('',*,*,#7547,.T.);
#9312 = ORIENTED_EDGE('',*,*,#9313,.F.);
#9313 = EDGE_CURVE('',#9314,#7540,#9316,.T.);
#9314 = VERTEX_POINT('',#9315);
#9315 = CARTESIAN_POINT('',(-20.,1.,-11.));
#9316 = LINE('',#9317,#9318);
#9317 = CARTESIAN_POINT('',(-20.,1.,-11.));
#9318 = VECTOR('',#9319,1.);
#9319 = DIRECTION('',(0.,-1.,0.));
#9320 = ORIENTED_EDGE('',*,*,#9321,.F.);
#9321 = EDGE_CURVE('',#7500,#9314,#9322,.T.);
#9322 = LINE('',#9323,#9324);
#9323 = CARTESIAN_POINT('',(100.,1.,-11.));
#9324 = VECTOR('',#9325,1.);
#9325 = DIRECTION('',(-1.,0.,0.));
#9326 = ORIENTED_EDGE('',*,*,#7499,.T.);
#9327 = PLANE('',#9328);
#9328 = AXIS2_PLACEMENT_3D('',#9329,#9330,#9331);
#9329 = CARTESIAN_POINT('',(100.,-1.224646799147E-16,-11.));
#9330 = DIRECTION('',(0.,0.,-1.));
#9331 = DIRECTION('',(-1.,0.,-0.));
#9332 = ADVANCED_FACE('',(#9333),#9344,.T.);
#9333 = FACE_BOUND('',#9334,.T.);
#9334 = EDGE_LOOP('',(#9335,#9336,#9342,#9343));
#9335 = ORIENTED_EDGE('',*,*,#9321,.T.);
#9336 = ORIENTED_EDGE('',*,*,#9337,.F.);
#9337 = EDGE_CURVE('',#7562,#9314,#9338,.T.);
#9338 = LINE('',#9339,#9340);
#9339 = CARTESIAN_POINT('',(-20.,1.,-10.));
#9340 = VECTOR('',#9341,1.);
#9341 = DIRECTION('',(0.,-2.168404344971E-16,-1.));
#9342 = ORIENTED_EDGE('',*,*,#7561,.F.);
#9343 = ORIENTED_EDGE('',*,*,#7507,.T.);
#9344 = PLANE('',#9345);
#9345 = AXIS2_PLACEMENT_3D('',#9346,#9347,#9348);
#9346 = CARTESIAN_POINT('',(100.,1.,-11.));
#9347 = DIRECTION('',(0.,1.,-2.168404344971E-16));
#9348 = DIRECTION('',(0.,2.168404344971E-16,1.));
#9349 = ADVANCED_FACE('',(#9350),#9366,.F.);
#9350 = FACE_BOUND('',#9351,.T.);
#9351 = EDGE_LOOP('',(#9352,#9358,#9359,#9365));
#9352 = ORIENTED_EDGE('',*,*,#9353,.T.);
#9353 = EDGE_CURVE('',#8019,#7578,#9354,.T.);
#9354 = LINE('',#9355,#9356);
#9355 = CARTESIAN_POINT('',(0.,11.499999999999,0.));
#9356 = VECTOR('',#9357,1.);
#9357 = DIRECTION('',(0.,0.,-1.));
#9358 = ORIENTED_EDGE('',*,*,#7577,.F.);
#9359 = ORIENTED_EDGE('',*,*,#9360,.F.);
#9360 = EDGE_CURVE('',#8027,#7570,#9361,.T.);
#9361 = LINE('',#9362,#9363);
#9362 = CARTESIAN_POINT('',(-20.,11.499999999999,0.));
#9363 = VECTOR('',#9364,1.);
#9364 = DIRECTION('',(0.,0.,-1.));
#9365 = ORIENTED_EDGE('',*,*,#8026,.T.);
#9366 = PLANE('',#9367);
#9367 = AXIS2_PLACEMENT_3D('',#9368,#9369,#9370);
#9368 = CARTESIAN_POINT('',(-20.,11.499999999999,0.));
#9369 = DIRECTION('',(0.,-1.,-0.));
#9370 = DIRECTION('',(0.,0.,-1.));
#9371 = ADVANCED_FACE('',(#9372),#9382,.T.);
#9372 = FACE_BOUND('',#9373,.T.);
#9373 = EDGE_LOOP('',(#9374,#9375,#9376,#9377,#9378,#9379,#9380,#9381));
#9374 = ORIENTED_EDGE('',*,*,#8034,.T.);
#9375 = ORIENTED_EDGE('',*,*,#9360,.T.);
#9376 = ORIENTED_EDGE('',*,*,#7569,.T.);
#9377 = ORIENTED_EDGE('',*,*,#9337,.T.);
#9378 = ORIENTED_EDGE('',*,*,#9313,.T.);
#9379 = ORIENTED_EDGE('',*,*,#7539,.T.);
#9380 = ORIENTED_EDGE('',*,*,#9296,.T.);
#9381 = ORIENTED_EDGE('',*,*,#9272,.T.);
#9382 = PLANE('',#9383);
#9383 = AXIS2_PLACEMENT_3D('',#9384,#9385,#9386);
#9384 = CARTESIAN_POINT('',(-20.,0.,0.));
#9385 = DIRECTION('',(-1.,0.,0.));
#9386 = DIRECTION('',(0.,0.,1.));
#9387 = ADVANCED_FACE('',(#9388),#9394,.F.);
#9388 = FACE_BOUND('',#9389,.T.);
#9389 = EDGE_LOOP('',(#9390,#9391,#9392,#9393));
#9390 = ORIENTED_EDGE('',*,*,#8472,.F.);
#9391 = ORIENTED_EDGE('',*,*,#7585,.F.);
#9392 = ORIENTED_EDGE('',*,*,#9353,.F.);
#9393 = ORIENTED_EDGE('',*,*,#8018,.F.);
#9394 = PLANE('',#9395);
#9395 = AXIS2_PLACEMENT_3D('',#9396,#9397,#9398);
#9396 = CARTESIAN_POINT('',(0.,0.,0.));
#9397 = DIRECTION('',(-1.,0.,0.));
#9398 = DIRECTION('',(0.,0.,1.));
#9399 = ( GEOMETRIC_REPRESENTATION_CONTEXT(3) 
GLOBAL_UNCERTAINTY_ASSIGNED_CONTEXT((#9403)) 
GLOBAL_UNIT_ASSIGNED_CONTEXT((#9400,#9401,#9402)) REPRESENTATION_CONTEXT
('Context #1','3D Context with UNIT and UNCERTAINTY') );
#9400 = ( LENGTH_UNIT() NAMED_UNIT(*) SI_UNIT(.MILLI.,.METRE.) );
#9401 = ( NAMED_UNIT(*) PLANE_ANGLE_UNIT() SI_UNIT($,.RADIAN.) );
#9402 = ( NAMED_UNIT(*) SI_UNIT($,.STERADIAN.) SOLID_ANGLE_UNIT() );
#9403 = UNCERTAINTY_MEASURE_WITH_UNIT(LENGTH_MEASURE(1.E-07),#9400,
  'distance_accuracy_value','confusion accuracy');
#9404 = SHAPE_DEFINITION_REPRESENTATION(#9405,#6740);
#9405 = PRODUCT_DEFINITION_SHAPE('','',#9406);
#9406 = PRODUCT_DEFINITION('design','',#9407,#9410);
#9407 = PRODUCT_DEFINITION_FORMATION('','',#9408);
#9408 = PRODUCT(
'rack spur rectangular_am1_Metric - Rack-spur - rectangular 1.5M 20PA 
10FW 10PH 80L---SAll',
'rack spur rectangular_am1_Metric - Rack-spur - rectangular 1.5M 20PA 
10FW 10PH 80L---SAll','',(#9409));
#9409 = MECHANICAL_CONTEXT('',#2,'mechanical');
#9410 = PRODUCT_DEFINITION_CONTEXT('part definition',#2,'design');
#9411 = CONTEXT_DEPENDENT_SHAPE_REPRESENTATION(#9412,#9414);
#9412 = ( REPRESENTATION_RELATIONSHIP('','',#6740,#10) 
REPRESENTATION_RELATIONSHIP_WITH_TRANSFORMATION(#9413) 
SHAPE_REPRESENTATION_RELATIONSHIP() );
#9413 = ITEM_DEFINED_TRANSFORMATION('','',#11,#23);
#9414 = PRODUCT_DEFINITION_SHAPE('Placement','Placement of an item',
  #9415);
#9415 = NEXT_ASSEMBLY_USAGE_OCCURRENCE('3','NAUO3','',#5,#9406,$);
#9416 = PRODUCT_TYPE('part',$,(#9408));
#9417 = ADVANCED_BREP_SHAPE_REPRESENTATION('',(#11,#9418),#10304);
#9418 = MANIFOLD_SOLID_BREP('',#9419);
#9419 = CLOSED_SHELL('',(#9420,#9462,#9504,#9546,#9588,#9628,#9668,#9708
    ,#9748,#9808,#9858,#9876,#9894,#9934,#9974,#10014,#10054,#10104,
    #10152,#10170,#10180,#10198,#10208,#10220,#10232,#10244,#10256,
    #10268,#10280,#10292));
#9420 = ADVANCED_FACE('',(#9421),#9457,.T.);
#9421 = FACE_BOUND('',#9422,.T.);
#9422 = EDGE_LOOP('',(#9423,#9434,#9442,#9451));
#9423 = ORIENTED_EDGE('',*,*,#9424,.F.);
#9424 = EDGE_CURVE('',#9425,#9427,#9429,.T.);
#9425 = VERTEX_POINT('',#9426);
#9426 = CARTESIAN_POINT('',(-5.,6.123233995737E-16,-3.));
#9427 = VERTEX_POINT('',#9428);
#9428 = CARTESIAN_POINT('',(5.,0.,-3.));
#9429 = CIRCLE('',#9430,5.);
#9430 = AXIS2_PLACEMENT_3D('',#9431,#9432,#9433);
#9431 = CARTESIAN_POINT('',(0.,0.,-3.));
#9432 = DIRECTION('',(0.,0.,-1.));
#9433 = DIRECTION('',(-1.,0.,0.));
#9434 = ORIENTED_EDGE('',*,*,#9435,.T.);
#9435 = EDGE_CURVE('',#9425,#9436,#9438,.T.);
#9436 = VERTEX_POINT('',#9437);
#9437 = CARTESIAN_POINT('',(-5.,6.123233995737E-16,0.));
#9438 = LINE('',#9439,#9440);
#9439 = CARTESIAN_POINT('',(-5.,6.123233995737E-16,-3.));
#9440 = VECTOR('',#9441,1.);
#9441 = DIRECTION('',(-0.,-0.,1.));
#9442 = ORIENTED_EDGE('',*,*,#9443,.T.);
#9443 = EDGE_CURVE('',#9436,#9444,#9446,.T.);
#9444 = VERTEX_POINT('',#9445);
#9445 = CARTESIAN_POINT('',(5.,0.,0.));
#9446 = CIRCLE('',#9447,5.);
#9447 = AXIS2_PLACEMENT_3D('',#9448,#9449,#9450);
#9448 = CARTESIAN_POINT('',(0.,0.,0.));
#9449 = DIRECTION('',(0.,0.,-1.));
#9450 = DIRECTION('',(-1.,0.,0.));
#9451 = ORIENTED_EDGE('',*,*,#9452,.F.);
#9452 = EDGE_CURVE('',#9427,#9444,#9453,.T.);
#9453 = LINE('',#9454,#9455);
#9454 = CARTESIAN_POINT('',(5.,0.,-3.));
#9455 = VECTOR('',#9456,1.);
#9456 = DIRECTION('',(-0.,-0.,1.));
#9457 = CYLINDRICAL_SURFACE('',#9458,5.);
#9458 = AXIS2_PLACEMENT_3D('',#9459,#9460,#9461);
#9459 = CARTESIAN_POINT('',(0.,0.,-3.));
#9460 = DIRECTION('',(-0.,-0.,1.));
#9461 = DIRECTION('',(1.,0.,0.));
#9462 = ADVANCED_FACE('',(#9463),#9499,.T.);
#9463 = FACE_BOUND('',#9464,.T.);
#9464 = EDGE_LOOP('',(#9465,#9476,#9484,#9493));
#9465 = ORIENTED_EDGE('',*,*,#9466,.F.);
#9466 = EDGE_CURVE('',#9467,#9469,#9471,.T.);
#9467 = VERTEX_POINT('',#9468);
#9468 = CARTESIAN_POINT('',(5.,6.123233995737E-16,19.));
#9469 = VERTEX_POINT('',#9470);
#9470 = CARTESIAN_POINT('',(-5.,0.,19.));
#9471 = CIRCLE('',#9472,5.);
#9472 = AXIS2_PLACEMENT_3D('',#9473,#9474,#9475);
#9473 = CARTESIAN_POINT('',(0.,0.,19.));
#9474 = DIRECTION('',(0.,0.,1.));
#9475 = DIRECTION('',(1.,0.,-0.));
#9476 = ORIENTED_EDGE('',*,*,#9477,.T.);
#9477 = EDGE_CURVE('',#9467,#9478,#9480,.T.);
#9478 = VERTEX_POINT('',#9479);
#9479 = CARTESIAN_POINT('',(5.,6.123233995737E-16,16.));
#9480 = LINE('',#9481,#9482);
#9481 = CARTESIAN_POINT('',(5.,6.123233995737E-16,19.));
#9482 = VECTOR('',#9483,1.);
#9483 = DIRECTION('',(-0.,-0.,-1.));
#9484 = ORIENTED_EDGE('',*,*,#9485,.T.);
#9485 = EDGE_CURVE('',#9478,#9486,#9488,.T.);
#9486 = VERTEX_POINT('',#9487);
#9487 = CARTESIAN_POINT('',(-5.,0.,16.));
#9488 = CIRCLE('',#9489,5.);
#9489 = AXIS2_PLACEMENT_3D('',#9490,#9491,#9492);
#9490 = CARTESIAN_POINT('',(0.,0.,16.));
#9491 = DIRECTION('',(0.,0.,1.));
#9492 = DIRECTION('',(1.,0.,-0.));
#9493 = ORIENTED_EDGE('',*,*,#9494,.F.);
#9494 = EDGE_CURVE('',#9469,#9486,#9495,.T.);
#9495 = LINE('',#9496,#9497);
#9496 = CARTESIAN_POINT('',(-5.,0.,19.));
#9497 = VECTOR('',#9498,1.);
#9498 = DIRECTION('',(-0.,-0.,-1.));
#9499 = CYLINDRICAL_SURFACE('',#9500,5.);
#9500 = AXIS2_PLACEMENT_3D('',#9501,#9502,#9503);
#9501 = CARTESIAN_POINT('',(0.,0.,19.));
#9502 = DIRECTION('',(-0.,-0.,-1.));
#9503 = DIRECTION('',(-1.,0.,0.));
#9504 = ADVANCED_FACE('',(#9505),#9541,.T.);
#9505 = FACE_BOUND('',#9506,.T.);
#9506 = EDGE_LOOP('',(#9507,#9518,#9526,#9535));
#9507 = ORIENTED_EDGE('',*,*,#9508,.T.);
#9508 = EDGE_CURVE('',#9509,#9511,#9513,.T.);
#9509 = VERTEX_POINT('',#9510);
#9510 = CARTESIAN_POINT('',(24.4,0.,2.));
#9511 = VERTEX_POINT('',#9512);
#9512 = CARTESIAN_POINT('',(15.6,5.388445916248E-16,2.));
#9513 = CIRCLE('',#9514,4.4);
#9514 = AXIS2_PLACEMENT_3D('',#9515,#9516,#9517);
#9515 = CARTESIAN_POINT('',(20.,0.,2.));
#9516 = DIRECTION('',(0.,0.,1.));
#9517 = DIRECTION('',(1.,0.,-0.));
#9518 = ORIENTED_EDGE('',*,*,#9519,.T.);
#9519 = EDGE_CURVE('',#9511,#9520,#9522,.T.);
#9520 = VERTEX_POINT('',#9521);
#9521 = CARTESIAN_POINT('',(15.6,5.388445916248E-16,14.));
#9522 = LINE('',#9523,#9524);
#9523 = CARTESIAN_POINT('',(15.6,5.388445916248E-16,2.));
#9524 = VECTOR('',#9525,1.);
#9525 = DIRECTION('',(0.,0.,1.));
#9526 = ORIENTED_EDGE('',*,*,#9527,.F.);
#9527 = EDGE_CURVE('',#9528,#9520,#9530,.T.);
#9528 = VERTEX_POINT('',#9529);
#9529 = CARTESIAN_POINT('',(24.4,0.,14.));
#9530 = CIRCLE('',#9531,4.4);
#9531 = AXIS2_PLACEMENT_3D('',#9532,#9533,#9534);
#9532 = CARTESIAN_POINT('',(20.,0.,14.));
#9533 = DIRECTION('',(0.,0.,1.));
#9534 = DIRECTION('',(1.,0.,-0.));
#9535 = ORIENTED_EDGE('',*,*,#9536,.F.);
#9536 = EDGE_CURVE('',#9509,#9528,#9537,.T.);
#9537 = LINE('',#9538,#9539);
#9538 = CARTESIAN_POINT('',(24.4,0.,2.));
#9539 = VECTOR('',#9540,1.);
#9540 = DIRECTION('',(0.,0.,1.));
#9541 = CYLINDRICAL_SURFACE('',#9542,4.4);
#9542 = AXIS2_PLACEMENT_3D('',#9543,#9544,#9545);
#9543 = CARTESIAN_POINT('',(20.,0.,2.));
#9544 = DIRECTION('',(0.,0.,1.));
#9545 = DIRECTION('',(1.,0.,-0.));
#9546 = ADVANCED_FACE('',(#9547),#9583,.T.);
#9547 = FACE_BOUND('',#9548,.T.);
#9548 = EDGE_LOOP('',(#9549,#9560,#9568,#9577));
#9549 = ORIENTED_EDGE('',*,*,#9550,.T.);
#9550 = EDGE_CURVE('',#9551,#9553,#9555,.T.);
#9551 = VERTEX_POINT('',#9552);
#9552 = CARTESIAN_POINT('',(-23.6,0.,2.));
#9553 = VERTEX_POINT('',#9554);
#9554 = CARTESIAN_POINT('',(-26.4,1.714505518806E-16,2.));
#9555 = CIRCLE('',#9556,1.4);
#9556 = AXIS2_PLACEMENT_3D('',#9557,#9558,#9559);
#9557 = CARTESIAN_POINT('',(-25.,0.,2.));
#9558 = DIRECTION('',(0.,0.,1.));
#9559 = DIRECTION('',(1.,0.,-0.));
#9560 = ORIENTED_EDGE('',*,*,#9561,.T.);
#9561 = EDGE_CURVE('',#9553,#9562,#9564,.T.);
#9562 = VERTEX_POINT('',#9563);
#9563 = CARTESIAN_POINT('',(-26.4,1.714505518806E-16,14.));
#9564 = LINE('',#9565,#9566);
#9565 = CARTESIAN_POINT('',(-26.4,1.714505518806E-16,2.));
#9566 = VECTOR('',#9567,1.);
#9567 = DIRECTION('',(0.,0.,1.));
#9568 = ORIENTED_EDGE('',*,*,#9569,.F.);
#9569 = EDGE_CURVE('',#9570,#9562,#9572,.T.);
#9570 = VERTEX_POINT('',#9571);
#9571 = CARTESIAN_POINT('',(-23.6,0.,14.));
#9572 = CIRCLE('',#9573,1.4);
#9573 = AXIS2_PLACEMENT_3D('',#9574,#9575,#9576);
#9574 = CARTESIAN_POINT('',(-25.,0.,14.));
#9575 = DIRECTION('',(0.,0.,1.));
#9576 = DIRECTION('',(1.,0.,-0.));
#9577 = ORIENTED_EDGE('',*,*,#9578,.F.);
#9578 = EDGE_CURVE('',#9551,#9570,#9579,.T.);
#9579 = LINE('',#9580,#9581);
#9580 = CARTESIAN_POINT('',(-23.6,0.,2.));
#9581 = VECTOR('',#9582,1.);
#9582 = DIRECTION('',(0.,0.,1.));
#9583 = CYLINDRICAL_SURFACE('',#9584,1.4);
#9584 = AXIS2_PLACEMENT_3D('',#9585,#9586,#9587);
#9585 = CARTESIAN_POINT('',(-25.,0.,2.));
#9586 = DIRECTION('',(0.,0.,1.));
#9587 = DIRECTION('',(1.,0.,-0.));
#9588 = ADVANCED_FACE('',(#9589),#9623,.F.);
#9589 = FACE_BOUND('',#9590,.T.);
#9590 = EDGE_LOOP('',(#9591,#9601,#9609,#9617));
#9591 = ORIENTED_EDGE('',*,*,#9592,.T.);
#9592 = EDGE_CURVE('',#9593,#9595,#9597,.T.);
#9593 = VERTEX_POINT('',#9594);
#9594 = CARTESIAN_POINT('',(35.626637165228,14.58999723424,0.));
#9595 = VERTEX_POINT('',#9596);
#9596 = CARTESIAN_POINT('',(-36.37336283477,7.83999723424,0.));
#9597 = LINE('',#9598,#9599);
#9598 = CARTESIAN_POINT('',(-40.,7.5,0.));
#9599 = VECTOR('',#9600,1.);
#9600 = DIRECTION('',(-0.995634226059,-9.334070869306E-02,-0.));
#9601 = ORIENTED_EDGE('',*,*,#9602,.T.);
#9602 = EDGE_CURVE('',#9595,#9603,#9605,.T.);
#9603 = VERTEX_POINT('',#9604);
#9604 = CARTESIAN_POINT('',(-36.37336283477,7.83999723424,2.));
#9605 = LINE('',#9606,#9607);
#9606 = CARTESIAN_POINT('',(-36.37336283477,7.83999723424,2.));
#9607 = VECTOR('',#9608,1.);
#9608 = DIRECTION('',(-0.,-0.,1.));
#9609 = ORIENTED_EDGE('',*,*,#9610,.F.);
#9610 = EDGE_CURVE('',#9611,#9603,#9613,.T.);
#9611 = VERTEX_POINT('',#9612);
#9612 = CARTESIAN_POINT('',(35.626637165228,14.58999723424,2.));
#9613 = LINE('',#9614,#9615);
#9614 = CARTESIAN_POINT('',(-40.,7.5,2.));
#9615 = VECTOR('',#9616,1.);
#9616 = DIRECTION('',(-0.995634226059,-9.334070869306E-02,-0.));
#9617 = ORIENTED_EDGE('',*,*,#9618,.T.);
#9618 = EDGE_CURVE('',#9611,#9593,#9619,.T.);
#9619 = LINE('',#9620,#9621);
#9620 = CARTESIAN_POINT('',(35.626637165228,14.58999723424,2.));
#9621 = VECTOR('',#9622,1.);
#9622 = DIRECTION('',(0.,0.,-1.));
#9623 = PLANE('',#9624);
#9624 = AXIS2_PLACEMENT_3D('',#9625,#9626,#9627);
#9625 = CARTESIAN_POINT('',(-40.,7.5,2.));
#9626 = DIRECTION('',(9.334070869306E-02,-0.995634226059,0.));
#9627 = DIRECTION('',(0.995634226059,9.334070869306E-02,0.));
#9628 = ADVANCED_FACE('',(#9629),#9663,.F.);
#9629 = FACE_BOUND('',#9630,.T.);
#9630 = EDGE_LOOP('',(#9631,#9641,#9649,#9657));
#9631 = ORIENTED_EDGE('',*,*,#9632,.T.);
#9632 = EDGE_CURVE('',#9633,#9635,#9637,.T.);
#9633 = VERTEX_POINT('',#9634);
#9634 = CARTESIAN_POINT('',(-40.,3.857460330003,0.));
#9635 = VERTEX_POINT('',#9636);
#9636 = CARTESIAN_POINT('',(-40.,-3.857460330003,0.));
#9637 = LINE('',#9638,#9639);
#9638 = CARTESIAN_POINT('',(-40.,-7.5,0.));
#9639 = VECTOR('',#9640,1.);
#9640 = DIRECTION('',(-0.,-1.,-0.));
#9641 = ORIENTED_EDGE('',*,*,#9642,.T.);
#9642 = EDGE_CURVE('',#9635,#9643,#9645,.T.);
#9643 = VERTEX_POINT('',#9644);
#9644 = CARTESIAN_POINT('',(-40.,-3.857460330003,2.));
#9645 = LINE('',#9646,#9647);
#9646 = CARTESIAN_POINT('',(-40.,-3.857460330003,2.));
#9647 = VECTOR('',#9648,1.);
#9648 = DIRECTION('',(-0.,-0.,1.));
#9649 = ORIENTED_EDGE('',*,*,#9650,.F.);
#9650 = EDGE_CURVE('',#9651,#9643,#9653,.T.);
#9651 = VERTEX_POINT('',#9652);
#9652 = CARTESIAN_POINT('',(-40.,3.857460330003,2.));
#9653 = LINE('',#9654,#9655);
#9654 = CARTESIAN_POINT('',(-40.,-7.5,2.));
#9655 = VECTOR('',#9656,1.);
#9656 = DIRECTION('',(-0.,-1.,-0.));
#9657 = ORIENTED_EDGE('',*,*,#9658,.T.);
#9658 = EDGE_CURVE('',#9651,#9633,#9659,.T.);
#9659 = LINE('',#9660,#9661);
#9660 = CARTESIAN_POINT('',(-40.,3.857460330003,2.));
#9661 = VECTOR('',#9662,1.);
#9662 = DIRECTION('',(0.,0.,-1.));
#9663 = PLANE('',#9664);
#9664 = AXIS2_PLACEMENT_3D('',#9665,#9666,#9667);
#9665 = CARTESIAN_POINT('',(-40.,-7.5,2.));
#9666 = DIRECTION('',(1.,0.,0.));
#9667 = DIRECTION('',(0.,0.,-1.));
#9668 = ADVANCED_FACE('',(#9669),#9703,.F.);
#9669 = FACE_BOUND('',#9670,.T.);
#9670 = EDGE_LOOP('',(#9671,#9681,#9689,#9697));
#9671 = ORIENTED_EDGE('',*,*,#9672,.F.);
#9672 = EDGE_CURVE('',#9673,#9675,#9677,.T.);
#9673 = VERTEX_POINT('',#9674);
#9674 = CARTESIAN_POINT('',(-36.37336283477,-7.83999723424,2.));
#9675 = VERTEX_POINT('',#9676);
#9676 = CARTESIAN_POINT('',(35.626637165228,-14.58999723424,2.));
#9677 = LINE('',#9678,#9679);
#9678 = CARTESIAN_POINT('',(-40.,-7.5,2.));
#9679 = VECTOR('',#9680,1.);
#9680 = DIRECTION('',(0.995634226059,-9.334070869306E-02,0.));
#9681 = ORIENTED_EDGE('',*,*,#9682,.T.);
#9682 = EDGE_CURVE('',#9673,#9683,#9685,.T.);
#9683 = VERTEX_POINT('',#9684);
#9684 = CARTESIAN_POINT('',(-36.37336283477,-7.83999723424,0.));
#9685 = LINE('',#9686,#9687);
#9686 = CARTESIAN_POINT('',(-36.37336283477,-7.83999723424,2.));
#9687 = VECTOR('',#9688,1.);
#9688 = DIRECTION('',(0.,0.,-1.));
#9689 = ORIENTED_EDGE('',*,*,#9690,.T.);
#9690 = EDGE_CURVE('',#9683,#9691,#9693,.T.);
#9691 = VERTEX_POINT('',#9692);
#9692 = CARTESIAN_POINT('',(35.626637165228,-14.58999723424,0.));
#9693 = LINE('',#9694,#9695);
#9694 = CARTESIAN_POINT('',(-40.,-7.5,0.));
#9695 = VECTOR('',#9696,1.);
#9696 = DIRECTION('',(0.995634226059,-9.334070869306E-02,0.));
#9697 = ORIENTED_EDGE('',*,*,#9698,.T.);
#9698 = EDGE_CURVE('',#9691,#9675,#9699,.T.);
#9699 = LINE('',#9700,#9701);
#9700 = CARTESIAN_POINT('',(35.626637165228,-14.58999723424,2.));
#9701 = VECTOR('',#9702,1.);
#9702 = DIRECTION('',(-0.,-0.,1.));
#9703 = PLANE('',#9704);
#9704 = AXIS2_PLACEMENT_3D('',#9705,#9706,#9707);
#9705 = CARTESIAN_POINT('',(-40.,-7.5,2.));
#9706 = DIRECTION('',(9.334070869306E-02,0.995634226059,-0.));
#9707 = DIRECTION('',(-0.995634226059,9.334070869306E-02,0.));
#9708 = ADVANCED_FACE('',(#9709),#9743,.F.);
#9709 = FACE_BOUND('',#9710,.T.);
#9710 = EDGE_LOOP('',(#9711,#9721,#9729,#9737));
#9711 = ORIENTED_EDGE('',*,*,#9712,.F.);
#9712 = EDGE_CURVE('',#9713,#9715,#9717,.T.);
#9713 = VERTEX_POINT('',#9714);
#9714 = CARTESIAN_POINT('',(40.,-10.60746033,2.));
#9715 = VERTEX_POINT('',#9716);
#9716 = CARTESIAN_POINT('',(40.,10.607460330003,2.));
#9717 = LINE('',#9718,#9719);
#9718 = CARTESIAN_POINT('',(40.,15.,2.));
#9719 = VECTOR('',#9720,1.);
#9720 = DIRECTION('',(-0.,1.,-0.));
#9721 = ORIENTED_EDGE('',*,*,#9722,.T.);
#9722 = EDGE_CURVE('',#9713,#9723,#9725,.T.);
#9723 = VERTEX_POINT('',#9724);
#9724 = CARTESIAN_POINT('',(40.,-10.60746033,0.));
#9725 = LINE('',#9726,#9727);
#9726 = CARTESIAN_POINT('',(40.,-10.60746033,2.));
#9727 = VECTOR('',#9728,1.);
#9728 = DIRECTION('',(0.,0.,-1.));
#9729 = ORIENTED_EDGE('',*,*,#9730,.T.);
#9730 = EDGE_CURVE('',#9723,#9731,#9733,.T.);
#9731 = VERTEX_POINT('',#9732);
#9732 = CARTESIAN_POINT('',(40.,10.607460330003,0.));
#9733 = LINE('',#9734,#9735);
#9734 = CARTESIAN_POINT('',(40.,15.,0.));
#9735 = VECTOR('',#9736,1.);
#9736 = DIRECTION('',(-0.,1.,-0.));
#9737 = ORIENTED_EDGE('',*,*,#9738,.T.);
#9738 = EDGE_CURVE('',#9731,#9715,#9739,.T.);
#9739 = LINE('',#9740,#9741);
#9740 = CARTESIAN_POINT('',(40.,10.607460330003,2.));
#9741 = VECTOR('',#9742,1.);
#9742 = DIRECTION('',(-0.,-0.,1.));
#9743 = PLANE('',#9744);
#9744 = AXIS2_PLACEMENT_3D('',#9745,#9746,#9747);
#9745 = CARTESIAN_POINT('',(40.,15.,2.));
#9746 = DIRECTION('',(-1.,0.,0.));
#9747 = DIRECTION('',(0.,0.,1.));
#9748 = ADVANCED_FACE('',(#9749,#9759,#9769),#9803,.F.);
#9749 = FACE_BOUND('',#9750,.T.);
#9750 = EDGE_LOOP('',(#9751,#9752));
#9751 = ORIENTED_EDGE('',*,*,#9508,.F.);
#9752 = ORIENTED_EDGE('',*,*,#9753,.F.);
#9753 = EDGE_CURVE('',#9511,#9509,#9754,.T.);
#9754 = CIRCLE('',#9755,4.4);
#9755 = AXIS2_PLACEMENT_3D('',#9756,#9757,#9758);
#9756 = CARTESIAN_POINT('',(20.,0.,2.));
#9757 = DIRECTION('',(0.,0.,1.));
#9758 = DIRECTION('',(1.,0.,-0.));
#9759 = FACE_BOUND('',#9760,.T.);
#9760 = EDGE_LOOP('',(#9761,#9762));
#9761 = ORIENTED_EDGE('',*,*,#9550,.F.);
#9762 = ORIENTED_EDGE('',*,*,#9763,.F.);
#9763 = EDGE_CURVE('',#9553,#9551,#9764,.T.);
#9764 = CIRCLE('',#9765,1.4);
#9765 = AXIS2_PLACEMENT_3D('',#9766,#9767,#9768);
#9766 = CARTESIAN_POINT('',(-25.,0.,2.));
#9767 = DIRECTION('',(0.,0.,1.));
#9768 = DIRECTION('',(1.,0.,-0.));
#9769 = FACE_BOUND('',#9770,.T.);
#9770 = EDGE_LOOP('',(#9771,#9772,#9779,#9780,#9787,#9788,#9795,#9796));
#9771 = ORIENTED_EDGE('',*,*,#9650,.T.);
#9772 = ORIENTED_EDGE('',*,*,#9773,.T.);
#9773 = EDGE_CURVE('',#9643,#9673,#9774,.T.);
#9774 = CIRCLE('',#9775,4.);
#9775 = AXIS2_PLACEMENT_3D('',#9776,#9777,#9778);
#9776 = CARTESIAN_POINT('',(-36.,-3.857460330003,2.));
#9777 = DIRECTION('',(0.,-0.,1.));
#9778 = DIRECTION('',(-1.,0.,0.));
#9779 = ORIENTED_EDGE('',*,*,#9672,.T.);
#9780 = ORIENTED_EDGE('',*,*,#9781,.T.);
#9781 = EDGE_CURVE('',#9675,#9713,#9782,.T.);
#9782 = CIRCLE('',#9783,4.);
#9783 = AXIS2_PLACEMENT_3D('',#9784,#9785,#9786);
#9784 = CARTESIAN_POINT('',(36.,-10.60746033,2.));
#9785 = DIRECTION('',(0.,-0.,1.));
#9786 = DIRECTION('',(-1.,0.,0.));
#9787 = ORIENTED_EDGE('',*,*,#9712,.T.);
#9788 = ORIENTED_EDGE('',*,*,#9789,.T.);
#9789 = EDGE_CURVE('',#9715,#9611,#9790,.T.);
#9790 = CIRCLE('',#9791,4.);
#9791 = AXIS2_PLACEMENT_3D('',#9792,#9793,#9794);
#9792 = CARTESIAN_POINT('',(36.,10.607460330003,2.));
#9793 = DIRECTION('',(0.,-0.,1.));
#9794 = DIRECTION('',(-1.,0.,0.));
#9795 = ORIENTED_EDGE('',*,*,#9610,.T.);
#9796 = ORIENTED_EDGE('',*,*,#9797,.T.);
#9797 = EDGE_CURVE('',#9603,#9651,#9798,.T.);
#9798 = CIRCLE('',#9799,4.);
#9799 = AXIS2_PLACEMENT_3D('',#9800,#9801,#9802);
#9800 = CARTESIAN_POINT('',(-36.,3.857460330003,2.));
#9801 = DIRECTION('',(0.,-0.,1.));
#9802 = DIRECTION('',(-1.,0.,0.));
#9803 = PLANE('',#9804);
#9804 = AXIS2_PLACEMENT_3D('',#9805,#9806,#9807);
#9805 = CARTESIAN_POINT('',(0.,0.,2.));
#9806 = DIRECTION('',(0.,0.,-1.));
#9807 = DIRECTION('',(-1.,0.,-0.));
#9808 = ADVANCED_FACE('',(#9809,#9819),#9853,.T.);
#9809 = FACE_BOUND('',#9810,.T.);
#9810 = EDGE_LOOP('',(#9811,#9818));
#9811 = ORIENTED_EDGE('',*,*,#9812,.F.);
#9812 = EDGE_CURVE('',#9444,#9436,#9813,.T.);
#9813 = CIRCLE('',#9814,5.);
#9814 = AXIS2_PLACEMENT_3D('',#9815,#9816,#9817);
#9815 = CARTESIAN_POINT('',(0.,0.,0.));
#9816 = DIRECTION('',(0.,0.,-1.));
#9817 = DIRECTION('',(-1.,0.,0.));
#9818 = ORIENTED_EDGE('',*,*,#9443,.F.);
#9819 = FACE_BOUND('',#9820,.T.);
#9820 = EDGE_LOOP('',(#9821,#9822,#9829,#9830,#9837,#9838,#9845,#9846));
#9821 = ORIENTED_EDGE('',*,*,#9690,.F.);
#9822 = ORIENTED_EDGE('',*,*,#9823,.T.);
#9823 = EDGE_CURVE('',#9683,#9635,#9824,.T.);
#9824 = CIRCLE('',#9825,4.);
#9825 = AXIS2_PLACEMENT_3D('',#9826,#9827,#9828);
#9826 = CARTESIAN_POINT('',(-36.,-3.857460330003,4.336808689942E-16));
#9827 = DIRECTION('',(0.,0.,-1.));
#9828 = DIRECTION('',(-1.,0.,0.));
#9829 = ORIENTED_EDGE('',*,*,#9632,.F.);
#9830 = ORIENTED_EDGE('',*,*,#9831,.T.);
#9831 = EDGE_CURVE('',#9633,#9595,#9832,.T.);
#9832 = CIRCLE('',#9833,4.);
#9833 = AXIS2_PLACEMENT_3D('',#9834,#9835,#9836);
#9834 = CARTESIAN_POINT('',(-36.,3.857460330003,4.336808689942E-16));
#9835 = DIRECTION('',(0.,0.,-1.));
#9836 = DIRECTION('',(-1.,0.,0.));
#9837 = ORIENTED_EDGE('',*,*,#9592,.F.);
#9838 = ORIENTED_EDGE('',*,*,#9839,.T.);
#9839 = EDGE_CURVE('',#9593,#9731,#9840,.T.);
#9840 = CIRCLE('',#9841,4.);
#9841 = AXIS2_PLACEMENT_3D('',#9842,#9843,#9844);
#9842 = CARTESIAN_POINT('',(36.,10.607460330003,4.336808689942E-16));
#9843 = DIRECTION('',(0.,0.,-1.));
#9844 = DIRECTION('',(-1.,0.,0.));
#9845 = ORIENTED_EDGE('',*,*,#9730,.F.);
#9846 = ORIENTED_EDGE('',*,*,#9847,.T.);
#9847 = EDGE_CURVE('',#9723,#9691,#9848,.T.);
#9848 = CIRCLE('',#9849,4.);
#9849 = AXIS2_PLACEMENT_3D('',#9850,#9851,#9852);
#9850 = CARTESIAN_POINT('',(36.,-10.60746033,4.336808689942E-16));
#9851 = DIRECTION('',(0.,0.,-1.));
#9852 = DIRECTION('',(-1.,0.,0.));
#9853 = PLANE('',#9854);
#9854 = AXIS2_PLACEMENT_3D('',#9855,#9856,#9857);
#9855 = CARTESIAN_POINT('',(0.,0.,0.));
#9856 = DIRECTION('',(0.,0.,-1.));
#9857 = DIRECTION('',(-1.,0.,-0.));
#9858 = ADVANCED_FACE('',(#9859),#9871,.T.);
#9859 = FACE_BOUND('',#9860,.T.);
#9860 = EDGE_LOOP('',(#9861,#9862,#9863,#9864));
#9861 = ORIENTED_EDGE('',*,*,#9561,.F.);
#9862 = ORIENTED_EDGE('',*,*,#9763,.T.);
#9863 = ORIENTED_EDGE('',*,*,#9578,.T.);
#9864 = ORIENTED_EDGE('',*,*,#9865,.F.);
#9865 = EDGE_CURVE('',#9562,#9570,#9866,.T.);
#9866 = CIRCLE('',#9867,1.4);
#9867 = AXIS2_PLACEMENT_3D('',#9868,#9869,#9870);
#9868 = CARTESIAN_POINT('',(-25.,0.,14.));
#9869 = DIRECTION('',(0.,0.,1.));
#9870 = DIRECTION('',(1.,0.,-0.));
#9871 = CYLINDRICAL_SURFACE('',#9872,1.4);
#9872 = AXIS2_PLACEMENT_3D('',#9873,#9874,#9875);
#9873 = CARTESIAN_POINT('',(-25.,0.,2.));
#9874 = DIRECTION('',(0.,0.,1.));
#9875 = DIRECTION('',(1.,0.,-0.));
#9876 = ADVANCED_FACE('',(#9877),#9889,.T.);
#9877 = FACE_BOUND('',#9878,.T.);
#9878 = EDGE_LOOP('',(#9879,#9880,#9881,#9882));
#9879 = ORIENTED_EDGE('',*,*,#9519,.F.);
#9880 = ORIENTED_EDGE('',*,*,#9753,.T.);
#9881 = ORIENTED_EDGE('',*,*,#9536,.T.);
#9882 = ORIENTED_EDGE('',*,*,#9883,.F.);
#9883 = EDGE_CURVE('',#9520,#9528,#9884,.T.);
#9884 = CIRCLE('',#9885,4.4);
#9885 = AXIS2_PLACEMENT_3D('',#9886,#9887,#9888);
#9886 = CARTESIAN_POINT('',(20.,0.,14.));
#9887 = DIRECTION('',(0.,0.,1.));
#9888 = DIRECTION('',(1.,0.,-0.));
#9889 = CYLINDRICAL_SURFACE('',#9890,4.4);
#9890 = AXIS2_PLACEMENT_3D('',#9891,#9892,#9893);
#9891 = CARTESIAN_POINT('',(20.,0.,2.));
#9892 = DIRECTION('',(0.,0.,1.));
#9893 = DIRECTION('',(1.,0.,-0.));
#9894 = ADVANCED_FACE('',(#9895),#9929,.F.);
#9895 = FACE_BOUND('',#9896,.T.);
#9896 = EDGE_LOOP('',(#9897,#9907,#9915,#9923));
#9897 = ORIENTED_EDGE('',*,*,#9898,.T.);
#9898 = EDGE_CURVE('',#9899,#9901,#9903,.T.);
#9899 = VERTEX_POINT('',#9900);
#9900 = CARTESIAN_POINT('',(40.,-10.60746033,14.));
#9901 = VERTEX_POINT('',#9902);
#9902 = CARTESIAN_POINT('',(40.,10.607460330003,14.));
#9903 = LINE('',#9904,#9905);
#9904 = CARTESIAN_POINT('',(40.,-15.,14.));
#9905 = VECTOR('',#9906,1.);
#9906 = DIRECTION('',(0.,1.,0.));
#9907 = ORIENTED_EDGE('',*,*,#9908,.T.);
#9908 = EDGE_CURVE('',#9901,#9909,#9911,.T.);
#9909 = VERTEX_POINT('',#9910);
#9910 = CARTESIAN_POINT('',(40.,10.607460330003,16.));
#9911 = LINE('',#9912,#9913);
#9912 = CARTESIAN_POINT('',(40.,10.607460330003,16.));
#9913 = VECTOR('',#9914,1.);
#9914 = DIRECTION('',(-0.,-0.,1.));
#9915 = ORIENTED_EDGE('',*,*,#9916,.F.);
#9916 = EDGE_CURVE('',#9917,#9909,#9919,.T.);
#9917 = VERTEX_POINT('',#9918);
#9918 = CARTESIAN_POINT('',(40.,-10.60746033,16.));
#9919 = LINE('',#9920,#9921);
#9920 = CARTESIAN_POINT('',(40.,-15.,16.));
#9921 = VECTOR('',#9922,1.);
#9922 = DIRECTION('',(0.,1.,0.));
#9923 = ORIENTED_EDGE('',*,*,#9924,.T.);
#9924 = EDGE_CURVE('',#9917,#9899,#9925,.T.);
#9925 = LINE('',#9926,#9927);
#9926 = CARTESIAN_POINT('',(40.,-10.60746033,16.));
#9927 = VECTOR('',#9928,1.);
#9928 = DIRECTION('',(0.,0.,-1.));
#9929 = PLANE('',#9930);
#9930 = AXIS2_PLACEMENT_3D('',#9931,#9932,#9933);
#9931 = CARTESIAN_POINT('',(40.,-15.,16.));
#9932 = DIRECTION('',(-1.,0.,0.));
#9933 = DIRECTION('',(0.,0.,1.));
#9934 = ADVANCED_FACE('',(#9935),#9969,.F.);
#9935 = FACE_BOUND('',#9936,.T.);
#9936 = EDGE_LOOP('',(#9937,#9947,#9955,#9963));
#9937 = ORIENTED_EDGE('',*,*,#9938,.T.);
#9938 = EDGE_CURVE('',#9939,#9941,#9943,.T.);
#9939 = VERTEX_POINT('',#9940);
#9940 = CARTESIAN_POINT('',(35.626637165228,14.58999723424,14.));
#9941 = VERTEX_POINT('',#9942);
#9942 = CARTESIAN_POINT('',(-36.37336283477,7.83999723424,14.));
#9943 = LINE('',#9944,#9945);
#9944 = CARTESIAN_POINT('',(40.,15.,14.));
#9945 = VECTOR('',#9946,1.);
#9946 = DIRECTION('',(-0.995634226059,-9.334070869306E-02,0.));
#9947 = ORIENTED_EDGE('',*,*,#9948,.T.);
#9948 = EDGE_CURVE('',#9941,#9949,#9951,.T.);
#9949 = VERTEX_POINT('',#9950);
#9950 = CARTESIAN_POINT('',(-36.37336283477,7.83999723424,16.));
#9951 = LINE('',#9952,#9953);
#9952 = CARTESIAN_POINT('',(-36.37336283477,7.83999723424,16.));
#9953 = VECTOR('',#9954,1.);
#9954 = DIRECTION('',(-0.,-0.,1.));
#9955 = ORIENTED_EDGE('',*,*,#9956,.F.);
#9956 = EDGE_CURVE('',#9957,#9949,#9959,.T.);
#9957 = VERTEX_POINT('',#9958);
#9958 = CARTESIAN_POINT('',(35.626637165228,14.58999723424,16.));
#9959 = LINE('',#9960,#9961);
#9960 = CARTESIAN_POINT('',(40.,15.,16.));
#9961 = VECTOR('',#9962,1.);
#9962 = DIRECTION('',(-0.995634226059,-9.334070869306E-02,0.));
#9963 = ORIENTED_EDGE('',*,*,#9964,.T.);
#9964 = EDGE_CURVE('',#9957,#9939,#9965,.T.);
#9965 = LINE('',#9966,#9967);
#9966 = CARTESIAN_POINT('',(35.626637165228,14.58999723424,16.));
#9967 = VECTOR('',#9968,1.);
#9968 = DIRECTION('',(0.,0.,-1.));
#9969 = PLANE('',#9970);
#9970 = AXIS2_PLACEMENT_3D('',#9971,#9972,#9973);
#9971 = CARTESIAN_POINT('',(40.,15.,16.));
#9972 = DIRECTION('',(9.334070869306E-02,-0.995634226059,0.));
#9973 = DIRECTION('',(0.995634226059,9.334070869306E-02,0.));
#9974 = ADVANCED_FACE('',(#9975),#10009,.F.);
#9975 = FACE_BOUND('',#9976,.T.);
#9976 = EDGE_LOOP('',(#9977,#9987,#9995,#10003));
#9977 = ORIENTED_EDGE('',*,*,#9978,.T.);
#9978 = EDGE_CURVE('',#9979,#9981,#9983,.T.);
#9979 = VERTEX_POINT('',#9980);
#9980 = CARTESIAN_POINT('',(-40.,3.857460330003,14.));
#9981 = VERTEX_POINT('',#9982);
#9982 = CARTESIAN_POINT('',(-40.,-3.857460330003,14.));
#9983 = LINE('',#9984,#9985);
#9984 = CARTESIAN_POINT('',(-40.,7.5,14.));
#9985 = VECTOR('',#9986,1.);
#9986 = DIRECTION('',(0.,-1.,0.));
#9987 = ORIENTED_EDGE('',*,*,#9988,.T.);
#9988 = EDGE_CURVE('',#9981,#9989,#9991,.T.);
#9989 = VERTEX_POINT('',#9990);
#9990 = CARTESIAN_POINT('',(-40.,-3.857460330003,16.));
#9991 = LINE('',#9992,#9993);
#9992 = CARTESIAN_POINT('',(-40.,-3.857460330003,16.));
#9993 = VECTOR('',#9994,1.);
#9994 = DIRECTION('',(-0.,-0.,1.));
#9995 = ORIENTED_EDGE('',*,*,#9996,.F.);
#9996 = EDGE_CURVE('',#9997,#9989,#9999,.T.);
#9997 = VERTEX_POINT('',#9998);
#9998 = CARTESIAN_POINT('',(-40.,3.857460330003,16.));
#9999 = LINE('',#10000,#10001);
#10000 = CARTESIAN_POINT('',(-40.,7.5,16.));
#10001 = VECTOR('',#10002,1.);
#10002 = DIRECTION('',(0.,-1.,0.));
#10003 = ORIENTED_EDGE('',*,*,#10004,.T.);
#10004 = EDGE_CURVE('',#9997,#9979,#10005,.T.);
#10005 = LINE('',#10006,#10007);
#10006 = CARTESIAN_POINT('',(-40.,3.857460330003,16.));
#10007 = VECTOR('',#10008,1.);
#10008 = DIRECTION('',(0.,0.,-1.));
#10009 = PLANE('',#10010);
#10010 = AXIS2_PLACEMENT_3D('',#10011,#10012,#10013);
#10011 = CARTESIAN_POINT('',(-40.,7.5,16.));
#10012 = DIRECTION('',(1.,0.,-0.));
#10013 = DIRECTION('',(-0.,0.,-1.));
#10014 = ADVANCED_FACE('',(#10015),#10049,.F.);
#10015 = FACE_BOUND('',#10016,.T.);
#10016 = EDGE_LOOP('',(#10017,#10027,#10035,#10043));
#10017 = ORIENTED_EDGE('',*,*,#10018,.F.);
#10018 = EDGE_CURVE('',#10019,#10021,#10023,.T.);
#10019 = VERTEX_POINT('',#10020);
#10020 = CARTESIAN_POINT('',(-36.37336283477,-7.83999723424,16.));
#10021 = VERTEX_POINT('',#10022);
#10022 = CARTESIAN_POINT('',(35.626637165228,-14.58999723424,16.));
#10023 = LINE('',#10024,#10025);
#10024 = CARTESIAN_POINT('',(-40.,-7.5,16.));
#10025 = VECTOR('',#10026,1.);
#10026 = DIRECTION('',(0.995634226059,-9.334070869306E-02,0.));
#10027 = ORIENTED_EDGE('',*,*,#10028,.T.);
#10028 = EDGE_CURVE('',#10019,#10029,#10031,.T.);
#10029 = VERTEX_POINT('',#10030);
#10030 = CARTESIAN_POINT('',(-36.37336283477,-7.83999723424,14.));
#10031 = LINE('',#10032,#10033);
#10032 = CARTESIAN_POINT('',(-36.37336283477,-7.83999723424,16.));
#10033 = VECTOR('',#10034,1.);
#10034 = DIRECTION('',(0.,0.,-1.));
#10035 = ORIENTED_EDGE('',*,*,#10036,.T.);
#10036 = EDGE_CURVE('',#10029,#10037,#10039,.T.);
#10037 = VERTEX_POINT('',#10038);
#10038 = CARTESIAN_POINT('',(35.626637165228,-14.58999723424,14.));
#10039 = LINE('',#10040,#10041);
#10040 = CARTESIAN_POINT('',(-40.,-7.5,14.));
#10041 = VECTOR('',#10042,1.);
#10042 = DIRECTION('',(0.995634226059,-9.334070869306E-02,0.));
#10043 = ORIENTED_EDGE('',*,*,#10044,.T.);
#10044 = EDGE_CURVE('',#10037,#10021,#10045,.T.);
#10045 = LINE('',#10046,#10047);
#10046 = CARTESIAN_POINT('',(35.626637165228,-14.58999723424,16.));
#10047 = VECTOR('',#10048,1.);
#10048 = DIRECTION('',(-0.,-0.,1.));
#10049 = PLANE('',#10050);
#10050 = AXIS2_PLACEMENT_3D('',#10051,#10052,#10053);
#10051 = CARTESIAN_POINT('',(-40.,-7.5,16.));
#10052 = DIRECTION('',(9.334070869306E-02,0.995634226059,-0.));
#10053 = DIRECTION('',(-0.995634226059,9.334070869306E-02,0.));
#10054 = ADVANCED_FACE('',(#10055,#10065),#10099,.T.);
#10055 = FACE_BOUND('',#10056,.T.);
#10056 = EDGE_LOOP('',(#10057,#10064));
#10057 = ORIENTED_EDGE('',*,*,#10058,.F.);
#10058 = EDGE_CURVE('',#9486,#9478,#10059,.T.);
#10059 = CIRCLE('',#10060,5.);
#10060 = AXIS2_PLACEMENT_3D('',#10061,#10062,#10063);
#10061 = CARTESIAN_POINT('',(0.,0.,16.));
#10062 = DIRECTION('',(0.,0.,1.));
#10063 = DIRECTION('',(1.,0.,-0.));
#10064 = ORIENTED_EDGE('',*,*,#9485,.F.);
#10065 = FACE_BOUND('',#10066,.T.);
#10066 = EDGE_LOOP('',(#10067,#10068,#10075,#10076,#10083,#10084,#10091,
    #10092));
#10067 = ORIENTED_EDGE('',*,*,#9996,.T.);
#10068 = ORIENTED_EDGE('',*,*,#10069,.T.);
#10069 = EDGE_CURVE('',#9989,#10019,#10070,.T.);
#10070 = CIRCLE('',#10071,4.);
#10071 = AXIS2_PLACEMENT_3D('',#10072,#10073,#10074);
#10072 = CARTESIAN_POINT('',(-36.,-3.857460330003,16.));
#10073 = DIRECTION('',(0.,-0.,1.));
#10074 = DIRECTION('',(1.,0.,0.));
#10075 = ORIENTED_EDGE('',*,*,#10018,.T.);
#10076 = ORIENTED_EDGE('',*,*,#10077,.T.);
#10077 = EDGE_CURVE('',#10021,#9917,#10078,.T.);
#10078 = CIRCLE('',#10079,4.);
#10079 = AXIS2_PLACEMENT_3D('',#10080,#10081,#10082);
#10080 = CARTESIAN_POINT('',(36.,-10.60746033,16.));
#10081 = DIRECTION('',(0.,-0.,1.));
#10082 = DIRECTION('',(1.,0.,0.));
#10083 = ORIENTED_EDGE('',*,*,#9916,.T.);
#10084 = ORIENTED_EDGE('',*,*,#10085,.T.);
#10085 = EDGE_CURVE('',#9909,#9957,#10086,.T.);
#10086 = CIRCLE('',#10087,4.);
#10087 = AXIS2_PLACEMENT_3D('',#10088,#10089,#10090);
#10088 = CARTESIAN_POINT('',(36.,10.607460330003,16.));
#10089 = DIRECTION('',(0.,-0.,1.));
#10090 = DIRECTION('',(1.,0.,0.));
#10091 = ORIENTED_EDGE('',*,*,#9956,.T.);
#10092 = ORIENTED_EDGE('',*,*,#10093,.T.);
#10093 = EDGE_CURVE('',#9949,#9997,#10094,.T.);
#10094 = CIRCLE('',#10095,4.);
#10095 = AXIS2_PLACEMENT_3D('',#10096,#10097,#10098);
#10096 = CARTESIAN_POINT('',(-36.,3.857460330003,16.));
#10097 = DIRECTION('',(0.,-0.,1.));
#10098 = DIRECTION('',(1.,0.,0.));
#10099 = PLANE('',#10100);
#10100 = AXIS2_PLACEMENT_3D('',#10101,#10102,#10103);
#10101 = CARTESIAN_POINT('',(0.,0.,16.));
#10102 = DIRECTION('',(0.,-0.,1.));
#10103 = DIRECTION('',(1.,0.,0.));
#10104 = ADVANCED_FACE('',(#10105,#10109,#10113),#10147,.F.);
#10105 = FACE_BOUND('',#10106,.T.);
#10106 = EDGE_LOOP('',(#10107,#10108));
#10107 = ORIENTED_EDGE('',*,*,#9569,.T.);
#10108 = ORIENTED_EDGE('',*,*,#9865,.T.);
#10109 = FACE_BOUND('',#10110,.T.);
#10110 = EDGE_LOOP('',(#10111,#10112));
#10111 = ORIENTED_EDGE('',*,*,#9527,.T.);
#10112 = ORIENTED_EDGE('',*,*,#9883,.T.);
#10113 = FACE_BOUND('',#10114,.T.);
#10114 = EDGE_LOOP('',(#10115,#10116,#10123,#10124,#10131,#10132,#10139,
    #10140));
#10115 = ORIENTED_EDGE('',*,*,#10036,.F.);
#10116 = ORIENTED_EDGE('',*,*,#10117,.T.);
#10117 = EDGE_CURVE('',#10029,#9981,#10118,.T.);
#10118 = CIRCLE('',#10119,4.);
#10119 = AXIS2_PLACEMENT_3D('',#10120,#10121,#10122);
#10120 = CARTESIAN_POINT('',(-36.,-3.857460330003,14.));
#10121 = DIRECTION('',(0.,0.,-1.));
#10122 = DIRECTION('',(1.,0.,0.));
#10123 = ORIENTED_EDGE('',*,*,#9978,.F.);
#10124 = ORIENTED_EDGE('',*,*,#10125,.T.);
#10125 = EDGE_CURVE('',#9979,#9941,#10126,.T.);
#10126 = CIRCLE('',#10127,4.);
#10127 = AXIS2_PLACEMENT_3D('',#10128,#10129,#10130);
#10128 = CARTESIAN_POINT('',(-36.,3.857460330003,14.));
#10129 = DIRECTION('',(-0.,0.,-1.));
#10130 = DIRECTION('',(1.,-8.673617379884E-16,-0.));
#10131 = ORIENTED_EDGE('',*,*,#9938,.F.);
#10132 = ORIENTED_EDGE('',*,*,#10133,.T.);
#10133 = EDGE_CURVE('',#9939,#9901,#10134,.T.);
#10134 = CIRCLE('',#10135,4.);
#10135 = AXIS2_PLACEMENT_3D('',#10136,#10137,#10138);
#10136 = CARTESIAN_POINT('',(36.,10.607460330003,14.));
#10137 = DIRECTION('',(0.,0.,-1.));
#10138 = DIRECTION('',(1.,8.673617379884E-16,0.));
#10139 = ORIENTED_EDGE('',*,*,#9898,.F.);
#10140 = ORIENTED_EDGE('',*,*,#10141,.T.);
#10141 = EDGE_CURVE('',#9899,#10037,#10142,.T.);
#10142 = CIRCLE('',#10143,4.);
#10143 = AXIS2_PLACEMENT_3D('',#10144,#10145,#10146);
#10144 = CARTESIAN_POINT('',(36.,-10.60746033,14.));
#10145 = DIRECTION('',(0.,0.,-1.));
#10146 = DIRECTION('',(1.,0.,0.));
#10147 = PLANE('',#10148);
#10148 = AXIS2_PLACEMENT_3D('',#10149,#10150,#10151);
#10149 = CARTESIAN_POINT('',(0.,0.,14.));
#10150 = DIRECTION('',(0.,-0.,1.));
#10151 = DIRECTION('',(1.,0.,0.));
#10152 = ADVANCED_FACE('',(#10153),#10165,.T.);
#10153 = FACE_BOUND('',#10154,.T.);
#10154 = EDGE_LOOP('',(#10155,#10156,#10163,#10164));
#10155 = ORIENTED_EDGE('',*,*,#9477,.F.);
#10156 = ORIENTED_EDGE('',*,*,#10157,.F.);
#10157 = EDGE_CURVE('',#9469,#9467,#10158,.T.);
#10158 = CIRCLE('',#10159,5.);
#10159 = AXIS2_PLACEMENT_3D('',#10160,#10161,#10162);
#10160 = CARTESIAN_POINT('',(0.,0.,19.));
#10161 = DIRECTION('',(0.,0.,1.));
#10162 = DIRECTION('',(1.,0.,-0.));
#10163 = ORIENTED_EDGE('',*,*,#9494,.T.);
#10164 = ORIENTED_EDGE('',*,*,#10058,.T.);
#10165 = CYLINDRICAL_SURFACE('',#10166,5.);
#10166 = AXIS2_PLACEMENT_3D('',#10167,#10168,#10169);
#10167 = CARTESIAN_POINT('',(0.,0.,19.));
#10168 = DIRECTION('',(-0.,-0.,-1.));
#10169 = DIRECTION('',(-1.,0.,0.));
#10170 = ADVANCED_FACE('',(#10171),#10175,.T.);
#10171 = FACE_BOUND('',#10172,.T.);
#10172 = EDGE_LOOP('',(#10173,#10174));
#10173 = ORIENTED_EDGE('',*,*,#10157,.T.);
#10174 = ORIENTED_EDGE('',*,*,#9466,.T.);
#10175 = PLANE('',#10176);
#10176 = AXIS2_PLACEMENT_3D('',#10177,#10178,#10179);
#10177 = CARTESIAN_POINT('',(0.,0.,19.));
#10178 = DIRECTION('',(0.,0.,1.));
#10179 = DIRECTION('',(1.,0.,-0.));
#10180 = ADVANCED_FACE('',(#10181),#10193,.T.);
#10181 = FACE_BOUND('',#10182,.T.);
#10182 = EDGE_LOOP('',(#10183,#10184,#10191,#10192));
#10183 = ORIENTED_EDGE('',*,*,#9435,.F.);
#10184 = ORIENTED_EDGE('',*,*,#10185,.F.);
#10185 = EDGE_CURVE('',#9427,#9425,#10186,.T.);
#10186 = CIRCLE('',#10187,5.);
#10187 = AXIS2_PLACEMENT_3D('',#10188,#10189,#10190);
#10188 = CARTESIAN_POINT('',(0.,0.,-3.));
#10189 = DIRECTION('',(0.,0.,-1.));
#10190 = DIRECTION('',(-1.,0.,0.));
#10191 = ORIENTED_EDGE('',*,*,#9452,.T.);
#10192 = ORIENTED_EDGE('',*,*,#9812,.T.);
#10193 = CYLINDRICAL_SURFACE('',#10194,5.);
#10194 = AXIS2_PLACEMENT_3D('',#10195,#10196,#10197);
#10195 = CARTESIAN_POINT('',(0.,0.,-3.));
#10196 = DIRECTION('',(-0.,-0.,1.));
#10197 = DIRECTION('',(1.,0.,0.));
#10198 = ADVANCED_FACE('',(#10199),#10203,.T.);
#10199 = FACE_BOUND('',#10200,.T.);
#10200 = EDGE_LOOP('',(#10201,#10202));
#10201 = ORIENTED_EDGE('',*,*,#10185,.T.);
#10202 = ORIENTED_EDGE('',*,*,#9424,.T.);
#10203 = PLANE('',#10204);
#10204 = AXIS2_PLACEMENT_3D('',#10205,#10206,#10207);
#10205 = CARTESIAN_POINT('',(0.,0.,-3.));
#10206 = DIRECTION('',(0.,0.,-1.));
#10207 = DIRECTION('',(-1.,0.,-0.));
#10208 = ADVANCED_FACE('',(#10209),#10215,.T.);
#10209 = FACE_BOUND('',#10210,.T.);
#10210 = EDGE_LOOP('',(#10211,#10212,#10213,#10214));
#10211 = ORIENTED_EDGE('',*,*,#9773,.F.);
#10212 = ORIENTED_EDGE('',*,*,#9642,.F.);
#10213 = ORIENTED_EDGE('',*,*,#9823,.F.);
#10214 = ORIENTED_EDGE('',*,*,#9682,.F.);
#10215 = CYLINDRICAL_SURFACE('',#10216,4.);
#10216 = AXIS2_PLACEMENT_3D('',#10217,#10218,#10219);
#10217 = CARTESIAN_POINT('',(-36.,-3.857460330003,2.));
#10218 = DIRECTION('',(0.,-0.,-1.));
#10219 = DIRECTION('',(-1.,-0.,0.));
#10220 = ADVANCED_FACE('',(#10221),#10227,.T.);
#10221 = FACE_BOUND('',#10222,.T.);
#10222 = EDGE_LOOP('',(#10223,#10224,#10225,#10226));
#10223 = ORIENTED_EDGE('',*,*,#10069,.F.);
#10224 = ORIENTED_EDGE('',*,*,#9988,.F.);
#10225 = ORIENTED_EDGE('',*,*,#10117,.F.);
#10226 = ORIENTED_EDGE('',*,*,#10028,.F.);
#10227 = CYLINDRICAL_SURFACE('',#10228,4.);
#10228 = AXIS2_PLACEMENT_3D('',#10229,#10230,#10231);
#10229 = CARTESIAN_POINT('',(-36.,-3.857460330003,16.));
#10230 = DIRECTION('',(0.,0.,-1.));
#10231 = DIRECTION('',(-1.,0.,0.));
#10232 = ADVANCED_FACE('',(#10233),#10239,.T.);
#10233 = FACE_BOUND('',#10234,.T.);
#10234 = EDGE_LOOP('',(#10235,#10236,#10237,#10238));
#10235 = ORIENTED_EDGE('',*,*,#9797,.F.);
#10236 = ORIENTED_EDGE('',*,*,#9602,.F.);
#10237 = ORIENTED_EDGE('',*,*,#9831,.F.);
#10238 = ORIENTED_EDGE('',*,*,#9658,.F.);
#10239 = CYLINDRICAL_SURFACE('',#10240,4.);
#10240 = AXIS2_PLACEMENT_3D('',#10241,#10242,#10243);
#10241 = CARTESIAN_POINT('',(-36.,3.857460330003,2.));
#10242 = DIRECTION('',(0.,0.,-1.));
#10243 = DIRECTION('',(-1.,0.,0.));
#10244 = ADVANCED_FACE('',(#10245),#10251,.T.);
#10245 = FACE_BOUND('',#10246,.T.);
#10246 = EDGE_LOOP('',(#10247,#10248,#10249,#10250));
#10247 = ORIENTED_EDGE('',*,*,#10093,.F.);
#10248 = ORIENTED_EDGE('',*,*,#9948,.F.);
#10249 = ORIENTED_EDGE('',*,*,#10125,.F.);
#10250 = ORIENTED_EDGE('',*,*,#10004,.F.);
#10251 = CYLINDRICAL_SURFACE('',#10252,4.);
#10252 = AXIS2_PLACEMENT_3D('',#10253,#10254,#10255);
#10253 = CARTESIAN_POINT('',(-36.,3.857460330003,16.));
#10254 = DIRECTION('',(0.,0.,-1.));
#10255 = DIRECTION('',(-1.,0.,0.));
#10256 = ADVANCED_FACE('',(#10257),#10263,.T.);
#10257 = FACE_BOUND('',#10258,.T.);
#10258 = EDGE_LOOP('',(#10259,#10260,#10261,#10262));
#10259 = ORIENTED_EDGE('',*,*,#10085,.F.);
#10260 = ORIENTED_EDGE('',*,*,#9908,.F.);
#10261 = ORIENTED_EDGE('',*,*,#10133,.F.);
#10262 = ORIENTED_EDGE('',*,*,#9964,.F.);
#10263 = CYLINDRICAL_SURFACE('',#10264,4.);
#10264 = AXIS2_PLACEMENT_3D('',#10265,#10266,#10267);
#10265 = CARTESIAN_POINT('',(36.,10.607460330003,16.));
#10266 = DIRECTION('',(0.,0.,-1.));
#10267 = DIRECTION('',(-1.,0.,0.));
#10268 = ADVANCED_FACE('',(#10269),#10275,.T.);
#10269 = FACE_BOUND('',#10270,.T.);
#10270 = EDGE_LOOP('',(#10271,#10272,#10273,#10274));
#10271 = ORIENTED_EDGE('',*,*,#10077,.F.);
#10272 = ORIENTED_EDGE('',*,*,#10044,.F.);
#10273 = ORIENTED_EDGE('',*,*,#10141,.F.);
#10274 = ORIENTED_EDGE('',*,*,#9924,.F.);
#10275 = CYLINDRICAL_SURFACE('',#10276,4.);
#10276 = AXIS2_PLACEMENT_3D('',#10277,#10278,#10279);
#10277 = CARTESIAN_POINT('',(36.,-10.60746033,16.));
#10278 = DIRECTION('',(0.,0.,-1.));
#10279 = DIRECTION('',(-1.,0.,0.));
#10280 = ADVANCED_FACE('',(#10281),#10287,.T.);
#10281 = FACE_BOUND('',#10282,.T.);
#10282 = EDGE_LOOP('',(#10283,#10284,#10285,#10286));
#10283 = ORIENTED_EDGE('',*,*,#9781,.F.);
#10284 = ORIENTED_EDGE('',*,*,#9698,.F.);
#10285 = ORIENTED_EDGE('',*,*,#9847,.F.);
#10286 = ORIENTED_EDGE('',*,*,#9722,.F.);
#10287 = CYLINDRICAL_SURFACE('',#10288,4.);
#10288 = AXIS2_PLACEMENT_3D('',#10289,#10290,#10291);
#10289 = CARTESIAN_POINT('',(36.,-10.60746033,2.));
#10290 = DIRECTION('',(0.,0.,-1.));
#10291 = DIRECTION('',(-1.,0.,0.));
#10292 = ADVANCED_FACE('',(#10293),#10299,.T.);
#10293 = FACE_BOUND('',#10294,.T.);
#10294 = EDGE_LOOP('',(#10295,#10296,#10297,#10298));
#10295 = ORIENTED_EDGE('',*,*,#9789,.F.);
#10296 = ORIENTED_EDGE('',*,*,#9738,.F.);
#10297 = ORIENTED_EDGE('',*,*,#9839,.F.);
#10298 = ORIENTED_EDGE('',*,*,#9618,.F.);
#10299 = CYLINDRICAL_SURFACE('',#10300,4.);
#10300 = AXIS2_PLACEMENT_3D('',#10301,#10302,#10303);
#10301 = CARTESIAN_POINT('',(36.,10.607460330003,2.));
#10302 = DIRECTION('',(0.,0.,-1.));
#10303 = DIRECTION('',(-1.,0.,0.));
#10304 = ( GEOMETRIC_REPRESENTATION_CONTEXT(3) 
GLOBAL_UNCERTAINTY_ASSIGNED_CONTEXT((#10308)) 
GLOBAL_UNIT_ASSIGNED_CONTEXT((#10305,#10306,#10307)) 
REPRESENTATION_CONTEXT('Context #1',
  '3D Context with UNIT and UNCERTAINTY') );
#10305 = ( LENGTH_UNIT() NAMED_UNIT(*) SI_UNIT(.MILLI.,.METRE.) );
#10306 = ( NAMED_UNIT(*) PLANE_ANGLE_UNIT() SI_UNIT($,.RADIAN.) );
#10307 = ( NAMED_UNIT(*) SI_UNIT($,.STERADIAN.) SOLID_ANGLE_UNIT() );
#10308 = UNCERTAINTY_MEASURE_WITH_UNIT(LENGTH_MEASURE(1.E-07),#10305,
  'distance_accuracy_value','confusion accuracy');
#10309 = SHAPE_DEFINITION_REPRESENTATION(#10310,#9417);
#10310 = PRODUCT_DEFINITION_SHAPE('','',#10311);
#10311 = PRODUCT_DEFINITION('design','',#10312,#10315);
#10312 = PRODUCT_DEFINITION_FORMATION('','',#10313);
#10313 = PRODUCT('connector','connector','',(#10314));
#10314 = MECHANICAL_CONTEXT('',#2,'mechanical');
#10315 = PRODUCT_DEFINITION_CONTEXT('part definition',#2,'design');
#10316 = CONTEXT_DEPENDENT_SHAPE_REPRESENTATION(#10317,#10319);
#10317 = ( REPRESENTATION_RELATIONSHIP('','',#9417,#10) 
REPRESENTATION_RELATIONSHIP_WITH_TRANSFORMATION(#10318) 
SHAPE_REPRESENTATION_RELATIONSHIP() );
#10318 = ITEM_DEFINED_TRANSFORMATION('','',#11,#27);
#10319 = PRODUCT_DEFINITION_SHAPE('Placement','Placement of an item',
  #10320);
#10320 = NEXT_ASSEMBLY_USAGE_OCCURRENCE('4','NAUO4','',#5,#10311,$);
#10321 = PRODUCT_TYPE('part',$,(#10313));
#10322 = ADVANCED_BREP_SHAPE_REPRESENTATION('',(#11,#10323),#11271);
#10323 = MANIFOLD_SOLID_BREP('',#10324);
#10324 = CLOSED_SHELL('',(#10325,#10367,#10409,#10451,#10475,#10517,
    #10548,#10581,#10612,#10645,#10676,#10709,#10740,#10773,#10795,
    #10827,#10845,#10863,#10887,#10929,#10960,#10993,#11024,#11057,
    #11088,#11121,#11152,#11185,#11207,#11225,#11251,#11261));
#10325 = ADVANCED_FACE('',(#10326),#10362,.T.);
#10326 = FACE_BOUND('',#10327,.T.);
#10327 = EDGE_LOOP('',(#10328,#10339,#10347,#10356));
#10328 = ORIENTED_EDGE('',*,*,#10329,.F.);
#10329 = EDGE_CURVE('',#10330,#10332,#10334,.T.);
#10330 = VERTEX_POINT('',#10331);
#10331 = CARTESIAN_POINT('',(25.,-75.,35.));
#10332 = VERTEX_POINT('',#10333);
#10333 = CARTESIAN_POINT('',(15.,-75.,35.));
#10334 = CIRCLE('',#10335,5.);
#10335 = AXIS2_PLACEMENT_3D('',#10336,#10337,#10338);
#10336 = CARTESIAN_POINT('',(20.,-75.,35.));
#10337 = DIRECTION('',(0.,0.,1.));
#10338 = DIRECTION('',(1.,0.,-0.));
#10339 = ORIENTED_EDGE('',*,*,#10340,.T.);
#10340 = EDGE_CURVE('',#10330,#10341,#10343,.T.);
#10341 = VERTEX_POINT('',#10342);
#10342 = CARTESIAN_POINT('',(25.,-75.,31.));
#10343 = LINE('',#10344,#10345);
#10344 = CARTESIAN_POINT('',(25.,-75.,35.));
#10345 = VECTOR('',#10346,1.);
#10346 = DIRECTION('',(-0.,-0.,-1.));
#10347 = ORIENTED_EDGE('',*,*,#10348,.T.);
#10348 = EDGE_CURVE('',#10341,#10349,#10351,.T.);
#10349 = VERTEX_POINT('',#10350);
#10350 = CARTESIAN_POINT('',(15.,-75.,31.));
#10351 = CIRCLE('',#10352,5.);
#10352 = AXIS2_PLACEMENT_3D('',#10353,#10354,#10355);
#10353 = CARTESIAN_POINT('',(20.,-75.,31.));
#10354 = DIRECTION('',(0.,0.,1.));
#10355 = DIRECTION('',(1.,0.,-0.));
#10356 = ORIENTED_EDGE('',*,*,#10357,.F.);
#10357 = EDGE_CURVE('',#10332,#10349,#10358,.T.);
#10358 = LINE('',#10359,#10360);
#10359 = CARTESIAN_POINT('',(15.,-75.,35.));
#10360 = VECTOR('',#10361,1.);
#10361 = DIRECTION('',(-0.,-0.,-1.));
#10362 = CYLINDRICAL_SURFACE('',#10363,5.);
#10363 = AXIS2_PLACEMENT_3D('',#10364,#10365,#10366);
#10364 = CARTESIAN_POINT('',(20.,-75.,35.));
#10365 = DIRECTION('',(-0.,-0.,-1.));
#10366 = DIRECTION('',(-1.,0.,0.));
#10367 = ADVANCED_FACE('',(#10368),#10404,.T.);
#10368 = FACE_BOUND('',#10369,.T.);
#10369 = EDGE_LOOP('',(#10370,#10381,#10389,#10398));
#10370 = ORIENTED_EDGE('',*,*,#10371,.F.);
#10371 = EDGE_CURVE('',#10372,#10374,#10376,.T.);
#10372 = VERTEX_POINT('',#10373);
#10373 = CARTESIAN_POINT('',(-13.,285.,35.));
#10374 = VERTEX_POINT('',#10375);
#10375 = CARTESIAN_POINT('',(-23.,285.,35.));
#10376 = CIRCLE('',#10377,5.);
#10377 = AXIS2_PLACEMENT_3D('',#10378,#10379,#10380);
#10378 = CARTESIAN_POINT('',(-18.,285.,35.));
#10379 = DIRECTION('',(0.,0.,1.));
#10380 = DIRECTION('',(1.,0.,-0.));
#10381 = ORIENTED_EDGE('',*,*,#10382,.T.);
#10382 = EDGE_CURVE('',#10372,#10383,#10385,.T.);
#10383 = VERTEX_POINT('',#10384);
#10384 = CARTESIAN_POINT('',(-13.,285.,5.));
#10385 = LINE('',#10386,#10387);
#10386 = CARTESIAN_POINT('',(-13.,285.,35.));
#10387 = VECTOR('',#10388,1.);
#10388 = DIRECTION('',(-0.,-0.,-1.));
#10389 = ORIENTED_EDGE('',*,*,#10390,.T.);
#10390 = EDGE_CURVE('',#10383,#10391,#10393,.T.);
#10391 = VERTEX_POINT('',#10392);
#10392 = CARTESIAN_POINT('',(-23.,285.,5.));
#10393 = CIRCLE('',#10394,5.);
#10394 = AXIS2_PLACEMENT_3D('',#10395,#10396,#10397);
#10395 = CARTESIAN_POINT('',(-18.,285.,5.));
#10396 = DIRECTION('',(0.,0.,1.));
#10397 = DIRECTION('',(-1.,0.,0.));
#10398 = ORIENTED_EDGE('',*,*,#10399,.F.);
#10399 = EDGE_CURVE('',#10374,#10391,#10400,.T.);
#10400 = LINE('',#10401,#10402);
#10401 = CARTESIAN_POINT('',(-23.,285.,35.));
#10402 = VECTOR('',#10403,1.);
#10403 = DIRECTION('',(-0.,-0.,-1.));
#10404 = CYLINDRICAL_SURFACE('',#10405,5.);
#10405 = AXIS2_PLACEMENT_3D('',#10406,#10407,#10408);
#10406 = CARTESIAN_POINT('',(-18.,285.,35.));
#10407 = DIRECTION('',(-0.,-0.,-1.));
#10408 = DIRECTION('',(-1.,0.,0.));
#10409 = ADVANCED_FACE('',(#10410),#10446,.T.);
#10410 = FACE_BOUND('',#10411,.T.);
#10411 = EDGE_LOOP('',(#10412,#10423,#10431,#10440));
#10412 = ORIENTED_EDGE('',*,*,#10413,.F.);
#10413 = EDGE_CURVE('',#10414,#10416,#10418,.T.);
#10414 = VERTEX_POINT('',#10415);
#10415 = CARTESIAN_POINT('',(25.,-75.,9.));
#10416 = VERTEX_POINT('',#10417);
#10417 = CARTESIAN_POINT('',(15.,-75.,9.));
#10418 = CIRCLE('',#10419,5.);
#10419 = AXIS2_PLACEMENT_3D('',#10420,#10421,#10422);
#10420 = CARTESIAN_POINT('',(20.,-75.,9.));
#10421 = DIRECTION('',(0.,0.,1.));
#10422 = DIRECTION('',(1.,0.,-0.));
#10423 = ORIENTED_EDGE('',*,*,#10424,.T.);
#10424 = EDGE_CURVE('',#10414,#10425,#10427,.T.);
#10425 = VERTEX_POINT('',#10426);
#10426 = CARTESIAN_POINT('',(25.,-75.,5.));
#10427 = LINE('',#10428,#10429);
#10428 = CARTESIAN_POINT('',(25.,-75.,35.));
#10429 = VECTOR('',#10430,1.);
#10430 = DIRECTION('',(-0.,-0.,-1.));
#10431 = ORIENTED_EDGE('',*,*,#10432,.T.);
#10432 = EDGE_CURVE('',#10425,#10433,#10435,.T.);
#10433 = VERTEX_POINT('',#10434);
#10434 = CARTESIAN_POINT('',(15.,-75.,5.));
#10435 = CIRCLE('',#10436,5.);
#10436 = AXIS2_PLACEMENT_3D('',#10437,#10438,#10439);
#10437 = CARTESIAN_POINT('',(20.,-75.,5.));
#10438 = DIRECTION('',(0.,0.,1.));
#10439 = DIRECTION('',(-1.,0.,0.));
#10440 = ORIENTED_EDGE('',*,*,#10441,.F.);
#10441 = EDGE_CURVE('',#10416,#10433,#10442,.T.);
#10442 = LINE('',#10443,#10444);
#10443 = CARTESIAN_POINT('',(15.,-75.,35.));
#10444 = VECTOR('',#10445,1.);
#10445 = DIRECTION('',(-0.,-0.,-1.));
#10446 = CYLINDRICAL_SURFACE('',#10447,5.);
#10447 = AXIS2_PLACEMENT_3D('',#10448,#10449,#10450);
#10448 = CARTESIAN_POINT('',(20.,-75.,35.));
#10449 = DIRECTION('',(-0.,-0.,-1.));
#10450 = DIRECTION('',(-1.,0.,0.));
#10451 = ADVANCED_FACE('',(#10452),#10470,.T.);
#10452 = FACE_BOUND('',#10453,.T.);
#10453 = EDGE_LOOP('',(#10454,#10455,#10462,#10463));
#10454 = ORIENTED_EDGE('',*,*,#10424,.F.);
#10455 = ORIENTED_EDGE('',*,*,#10456,.F.);
#10456 = EDGE_CURVE('',#10416,#10414,#10457,.T.);
#10457 = CIRCLE('',#10458,5.);
#10458 = AXIS2_PLACEMENT_3D('',#10459,#10460,#10461);
#10459 = CARTESIAN_POINT('',(20.,-75.,9.));
#10460 = DIRECTION('',(0.,0.,1.));
#10461 = DIRECTION('',(1.,0.,-0.));
#10462 = ORIENTED_EDGE('',*,*,#10441,.T.);
#10463 = ORIENTED_EDGE('',*,*,#10464,.T.);
#10464 = EDGE_CURVE('',#10433,#10425,#10465,.T.);
#10465 = CIRCLE('',#10466,5.);
#10466 = AXIS2_PLACEMENT_3D('',#10467,#10468,#10469);
#10467 = CARTESIAN_POINT('',(20.,-75.,5.));
#10468 = DIRECTION('',(0.,0.,1.));
#10469 = DIRECTION('',(-1.,0.,0.));
#10470 = CYLINDRICAL_SURFACE('',#10471,5.);
#10471 = AXIS2_PLACEMENT_3D('',#10472,#10473,#10474);
#10472 = CARTESIAN_POINT('',(20.,-75.,35.));
#10473 = DIRECTION('',(-0.,-0.,-1.));
#10474 = DIRECTION('',(-1.,0.,0.));
#10475 = ADVANCED_FACE('',(#10476),#10512,.T.);
#10476 = FACE_BOUND('',#10477,.T.);
#10477 = EDGE_LOOP('',(#10478,#10489,#10497,#10506));
#10478 = ORIENTED_EDGE('',*,*,#10479,.T.);
#10479 = EDGE_CURVE('',#10480,#10482,#10484,.T.);
#10480 = VERTEX_POINT('',#10481);
#10481 = CARTESIAN_POINT('',(35.,-35.52097024628,0.));
#10482 = VERTEX_POINT('',#10483);
#10483 = CARTESIAN_POINT('',(34.945864928494,-34.48185002987,0.));
#10484 = CIRCLE('',#10485,10.);
#10485 = AXIS2_PLACEMENT_3D('',#10486,#10487,#10488);
#10486 = CARTESIAN_POINT('',(25.,-35.52097024628,0.));
#10487 = DIRECTION('',(0.,0.,1.));
#10488 = DIRECTION('',(-1.,0.,0.));
#10489 = ORIENTED_EDGE('',*,*,#10490,.F.);
#10490 = EDGE_CURVE('',#10491,#10482,#10493,.T.);
#10491 = VERTEX_POINT('',#10492);
#10492 = CARTESIAN_POINT('',(34.945864928494,-34.48185002987,5.));
#10493 = LINE('',#10494,#10495);
#10494 = CARTESIAN_POINT('',(34.945864928494,-34.48185002987,5.));
#10495 = VECTOR('',#10496,1.);
#10496 = DIRECTION('',(-0.,-0.,-1.));
#10497 = ORIENTED_EDGE('',*,*,#10498,.F.);
#10498 = EDGE_CURVE('',#10499,#10491,#10501,.T.);
#10499 = VERTEX_POINT('',#10500);
#10500 = CARTESIAN_POINT('',(35.,-35.52097024628,5.));
#10501 = CIRCLE('',#10502,10.);
#10502 = AXIS2_PLACEMENT_3D('',#10503,#10504,#10505);
#10503 = CARTESIAN_POINT('',(25.,-35.52097024628,5.));
#10504 = DIRECTION('',(0.,0.,1.));
#10505 = DIRECTION('',(-1.,0.,0.));
#10506 = ORIENTED_EDGE('',*,*,#10507,.T.);
#10507 = EDGE_CURVE('',#10499,#10480,#10508,.T.);
#10508 = LINE('',#10509,#10510);
#10509 = CARTESIAN_POINT('',(35.,-35.52097024628,5.));
#10510 = VECTOR('',#10511,1.);
#10511 = DIRECTION('',(-0.,-0.,-1.));
#10512 = CYLINDRICAL_SURFACE('',#10513,10.);
#10513 = AXIS2_PLACEMENT_3D('',#10514,#10515,#10516);
#10514 = CARTESIAN_POINT('',(25.,-35.52097024628,5.));
#10515 = DIRECTION('',(-0.,-0.,-1.));
#10516 = DIRECTION('',(-1.,0.,0.));
#10517 = ADVANCED_FACE('',(#10518),#10543,.F.);
#10518 = FACE_BOUND('',#10519,.T.);
#10519 = EDGE_LOOP('',(#10520,#10528,#10536,#10542));
#10520 = ORIENTED_EDGE('',*,*,#10521,.T.);
#10521 = EDGE_CURVE('',#10482,#10522,#10524,.T.);
#10522 = VERTEX_POINT('',#10523);
#10523 = CARTESIAN_POINT('',(0.936211320674,291.03912021641,0.));
#10524 = LINE('',#10525,#10526);
#10525 = CARTESIAN_POINT('',(0.936211320674,291.03912021641,0.));
#10526 = VECTOR('',#10527,1.);
#10527 = DIRECTION('',(-0.103912021641,0.994586492849,-0.));
#10528 = ORIENTED_EDGE('',*,*,#10529,.F.);
#10529 = EDGE_CURVE('',#10530,#10522,#10532,.T.);
#10530 = VERTEX_POINT('',#10531);
#10531 = CARTESIAN_POINT('',(0.936211320674,291.03912021641,5.));
#10532 = LINE('',#10533,#10534);
#10533 = CARTESIAN_POINT('',(0.936211320674,291.03912021641,5.));
#10534 = VECTOR('',#10535,1.);
#10535 = DIRECTION('',(-0.,-0.,-1.));
#10536 = ORIENTED_EDGE('',*,*,#10537,.F.);
#10537 = EDGE_CURVE('',#10491,#10530,#10538,.T.);
#10538 = LINE('',#10539,#10540);
#10539 = CARTESIAN_POINT('',(0.936211320674,291.03912021641,5.));
#10540 = VECTOR('',#10541,1.);
#10541 = DIRECTION('',(-0.103912021641,0.994586492849,-0.));
#10542 = ORIENTED_EDGE('',*,*,#10490,.T.);
#10543 = PLANE('',#10544);
#10544 = AXIS2_PLACEMENT_3D('',#10545,#10546,#10547);
#10545 = CARTESIAN_POINT('',(0.936211320674,291.03912021641,5.));
#10546 = DIRECTION('',(-0.994586492849,-0.103912021641,0.));
#10547 = DIRECTION('',(0.103912021641,-0.994586492849,0.));
#10548 = ADVANCED_FACE('',(#10549),#10576,.T.);
#10549 = FACE_BOUND('',#10550,.T.);
#10550 = EDGE_LOOP('',(#10551,#10560,#10568,#10575));
#10551 = ORIENTED_EDGE('',*,*,#10552,.T.);
#10552 = EDGE_CURVE('',#10522,#10553,#10555,.T.);
#10553 = VERTEX_POINT('',#10554);
#10554 = CARTESIAN_POINT('',(-9.00965360782,300.,0.));
#10555 = CIRCLE('',#10556,10.);
#10556 = AXIS2_PLACEMENT_3D('',#10557,#10558,#10559);
#10557 = CARTESIAN_POINT('',(-9.00965360782,290.,0.));
#10558 = DIRECTION('',(0.,0.,1.));
#10559 = DIRECTION('',(1.,0.,-0.));
#10560 = ORIENTED_EDGE('',*,*,#10561,.F.);
#10561 = EDGE_CURVE('',#10562,#10553,#10564,.T.);
#10562 = VERTEX_POINT('',#10563);
#10563 = CARTESIAN_POINT('',(-9.00965360782,300.,5.));
#10564 = LINE('',#10565,#10566);
#10565 = CARTESIAN_POINT('',(-9.00965360782,300.,5.));
#10566 = VECTOR('',#10567,1.);
#10567 = DIRECTION('',(-0.,-0.,-1.));
#10568 = ORIENTED_EDGE('',*,*,#10569,.F.);
#10569 = EDGE_CURVE('',#10530,#10562,#10570,.T.);
#10570 = CIRCLE('',#10571,10.);
#10571 = AXIS2_PLACEMENT_3D('',#10572,#10573,#10574);
#10572 = CARTESIAN_POINT('',(-9.00965360782,290.,5.));
#10573 = DIRECTION('',(0.,0.,1.));
#10574 = DIRECTION('',(1.,0.,-0.));
#10575 = ORIENTED_EDGE('',*,*,#10529,.T.);
#10576 = CYLINDRICAL_SURFACE('',#10577,10.);
#10577 = AXIS2_PLACEMENT_3D('',#10578,#10579,#10580);
#10578 = CARTESIAN_POINT('',(-9.00965360782,290.,5.));
#10579 = DIRECTION('',(-0.,-0.,-1.));
#10580 = DIRECTION('',(-1.,0.,0.));
#10581 = ADVANCED_FACE('',(#10582),#10607,.F.);
#10582 = FACE_BOUND('',#10583,.T.);
#10583 = EDGE_LOOP('',(#10584,#10592,#10600,#10606));
#10584 = ORIENTED_EDGE('',*,*,#10585,.T.);
#10585 = EDGE_CURVE('',#10553,#10586,#10588,.T.);
#10586 = VERTEX_POINT('',#10587);
#10587 = CARTESIAN_POINT('',(-45.,300.,0.));
#10588 = LINE('',#10589,#10590);
#10589 = CARTESIAN_POINT('',(-45.,300.,0.));
#10590 = VECTOR('',#10591,1.);
#10591 = DIRECTION('',(-1.,-0.,-0.));
#10592 = ORIENTED_EDGE('',*,*,#10593,.F.);
#10593 = EDGE_CURVE('',#10594,#10586,#10596,.T.);
#10594 = VERTEX_POINT('',#10595);
#10595 = CARTESIAN_POINT('',(-45.,300.,5.));
#10596 = LINE('',#10597,#10598);
#10597 = CARTESIAN_POINT('',(-45.,300.,5.));
#10598 = VECTOR('',#10599,1.);
#10599 = DIRECTION('',(-0.,-0.,-1.));
#10600 = ORIENTED_EDGE('',*,*,#10601,.F.);
#10601 = EDGE_CURVE('',#10562,#10594,#10602,.T.);
#10602 = LINE('',#10603,#10604);
#10603 = CARTESIAN_POINT('',(-45.,300.,5.));
#10604 = VECTOR('',#10605,1.);
#10605 = DIRECTION('',(-1.,-0.,-0.));
#10606 = ORIENTED_EDGE('',*,*,#10561,.T.);
#10607 = PLANE('',#10608);
#10608 = AXIS2_PLACEMENT_3D('',#10609,#10610,#10611);
#10609 = CARTESIAN_POINT('',(-45.,300.,5.));
#10610 = DIRECTION('',(0.,-1.,0.));
#10611 = DIRECTION('',(0.,-0.,-1.));
#10612 = ADVANCED_FACE('',(#10613),#10640,.T.);
#10613 = FACE_BOUND('',#10614,.T.);
#10614 = EDGE_LOOP('',(#10615,#10624,#10632,#10639));
#10615 = ORIENTED_EDGE('',*,*,#10616,.T.);
#10616 = EDGE_CURVE('',#10586,#10617,#10619,.T.);
#10617 = VERTEX_POINT('',#10618);
#10618 = CARTESIAN_POINT('',(-50.,295.,0.));
#10619 = CIRCLE('',#10620,5.);
#10620 = AXIS2_PLACEMENT_3D('',#10621,#10622,#10623);
#10621 = CARTESIAN_POINT('',(-45.,295.,0.));
#10622 = DIRECTION('',(0.,0.,1.));
#10623 = DIRECTION('',(1.,0.,-0.));
#10624 = ORIENTED_EDGE('',*,*,#10625,.F.);
#10625 = EDGE_CURVE('',#10626,#10617,#10628,.T.);
#10626 = VERTEX_POINT('',#10627);
#10627 = CARTESIAN_POINT('',(-50.,295.,5.));
#10628 = LINE('',#10629,#10630);
#10629 = CARTESIAN_POINT('',(-50.,295.,5.));
#10630 = VECTOR('',#10631,1.);
#10631 = DIRECTION('',(-0.,-0.,-1.));
#10632 = ORIENTED_EDGE('',*,*,#10633,.F.);
#10633 = EDGE_CURVE('',#10594,#10626,#10634,.T.);
#10634 = CIRCLE('',#10635,5.);
#10635 = AXIS2_PLACEMENT_3D('',#10636,#10637,#10638);
#10636 = CARTESIAN_POINT('',(-45.,295.,5.));
#10637 = DIRECTION('',(0.,0.,1.));
#10638 = DIRECTION('',(1.,0.,-0.));
#10639 = ORIENTED_EDGE('',*,*,#10593,.T.);
#10640 = CYLINDRICAL_SURFACE('',#10641,5.);
#10641 = AXIS2_PLACEMENT_3D('',#10642,#10643,#10644);
#10642 = CARTESIAN_POINT('',(-45.,295.,5.));
#10643 = DIRECTION('',(-0.,-0.,-1.));
#10644 = DIRECTION('',(-1.,0.,0.));
#10645 = ADVANCED_FACE('',(#10646),#10671,.F.);
#10646 = FACE_BOUND('',#10647,.T.);
#10647 = EDGE_LOOP('',(#10648,#10656,#10664,#10670));
#10648 = ORIENTED_EDGE('',*,*,#10649,.T.);
#10649 = EDGE_CURVE('',#10617,#10650,#10652,.T.);
#10650 = VERTEX_POINT('',#10651);
#10651 = CARTESIAN_POINT('',(-50.,-95.,0.));
#10652 = LINE('',#10653,#10654);
#10653 = CARTESIAN_POINT('',(-50.,295.,0.));
#10654 = VECTOR('',#10655,1.);
#10655 = DIRECTION('',(1.245442495573E-16,-1.,0.));
#10656 = ORIENTED_EDGE('',*,*,#10657,.F.);
#10657 = EDGE_CURVE('',#10658,#10650,#10660,.T.);
#10658 = VERTEX_POINT('',#10659);
#10659 = CARTESIAN_POINT('',(-50.,-95.,5.));
#10660 = LINE('',#10661,#10662);
#10661 = CARTESIAN_POINT('',(-50.,-95.,5.));
#10662 = VECTOR('',#10663,1.);
#10663 = DIRECTION('',(-0.,-0.,-1.));
#10664 = ORIENTED_EDGE('',*,*,#10665,.F.);
#10665 = EDGE_CURVE('',#10626,#10658,#10666,.T.);
#10666 = LINE('',#10667,#10668);
#10667 = CARTESIAN_POINT('',(-50.,295.,5.));
#10668 = VECTOR('',#10669,1.);
#10669 = DIRECTION('',(1.245442495573E-16,-1.,0.));
#10670 = ORIENTED_EDGE('',*,*,#10625,.T.);
#10671 = PLANE('',#10672);
#10672 = AXIS2_PLACEMENT_3D('',#10673,#10674,#10675);
#10673 = CARTESIAN_POINT('',(-50.,295.,5.));
#10674 = DIRECTION('',(1.,1.245442495573E-16,-0.));
#10675 = DIRECTION('',(-1.245442495573E-16,1.,0.));
#10676 = ADVANCED_FACE('',(#10677),#10704,.T.);
#10677 = FACE_BOUND('',#10678,.T.);
#10678 = EDGE_LOOP('',(#10679,#10688,#10696,#10703));
#10679 = ORIENTED_EDGE('',*,*,#10680,.T.);
#10680 = EDGE_CURVE('',#10650,#10681,#10683,.T.);
#10681 = VERTEX_POINT('',#10682);
#10682 = CARTESIAN_POINT('',(-45.,-100.,0.));
#10683 = CIRCLE('',#10684,5.);
#10684 = AXIS2_PLACEMENT_3D('',#10685,#10686,#10687);
#10685 = CARTESIAN_POINT('',(-45.,-95.,0.));
#10686 = DIRECTION('',(0.,0.,1.));
#10687 = DIRECTION('',(1.,0.,-0.));
#10688 = ORIENTED_EDGE('',*,*,#10689,.F.);
#10689 = EDGE_CURVE('',#10690,#10681,#10692,.T.);
#10690 = VERTEX_POINT('',#10691);
#10691 = CARTESIAN_POINT('',(-45.,-100.,5.));
#10692 = LINE('',#10693,#10694);
#10693 = CARTESIAN_POINT('',(-45.,-100.,5.));
#10694 = VECTOR('',#10695,1.);
#10695 = DIRECTION('',(-0.,-0.,-1.));
#10696 = ORIENTED_EDGE('',*,*,#10697,.F.);
#10697 = EDGE_CURVE('',#10658,#10690,#10698,.T.);
#10698 = CIRCLE('',#10699,5.);
#10699 = AXIS2_PLACEMENT_3D('',#10700,#10701,#10702);
#10700 = CARTESIAN_POINT('',(-45.,-95.,5.));
#10701 = DIRECTION('',(0.,0.,1.));
#10702 = DIRECTION('',(1.,0.,-0.));
#10703 = ORIENTED_EDGE('',*,*,#10657,.T.);
#10704 = CYLINDRICAL_SURFACE('',#10705,5.);
#10705 = AXIS2_PLACEMENT_3D('',#10706,#10707,#10708);
#10706 = CARTESIAN_POINT('',(-45.,-95.,5.));
#10707 = DIRECTION('',(-0.,-0.,-1.));
#10708 = DIRECTION('',(-1.,0.,0.));
#10709 = ADVANCED_FACE('',(#10710),#10735,.F.);
#10710 = FACE_BOUND('',#10711,.T.);
#10711 = EDGE_LOOP('',(#10712,#10720,#10728,#10734));
#10712 = ORIENTED_EDGE('',*,*,#10713,.T.);
#10713 = EDGE_CURVE('',#10681,#10714,#10716,.T.);
#10714 = VERTEX_POINT('',#10715);
#10715 = CARTESIAN_POINT('',(30.,-100.,0.));
#10716 = LINE('',#10717,#10718);
#10717 = CARTESIAN_POINT('',(-45.,-100.,0.));
#10718 = VECTOR('',#10719,1.);
#10719 = DIRECTION('',(1.,-1.850371707709E-16,0.));
#10720 = ORIENTED_EDGE('',*,*,#10721,.F.);
#10721 = EDGE_CURVE('',#10722,#10714,#10724,.T.);
#10722 = VERTEX_POINT('',#10723);
#10723 = CARTESIAN_POINT('',(30.,-100.,5.));
#10724 = LINE('',#10725,#10726);
#10725 = CARTESIAN_POINT('',(30.,-100.,5.));
#10726 = VECTOR('',#10727,1.);
#10727 = DIRECTION('',(-0.,-0.,-1.));
#10728 = ORIENTED_EDGE('',*,*,#10729,.F.);
#10729 = EDGE_CURVE('',#10690,#10722,#10730,.T.);
#10730 = LINE('',#10731,#10732);
#10731 = CARTESIAN_POINT('',(-45.,-100.,5.));
#10732 = VECTOR('',#10733,1.);
#10733 = DIRECTION('',(1.,-1.850371707709E-16,0.));
#10734 = ORIENTED_EDGE('',*,*,#10689,.T.);
#10735 = PLANE('',#10736);
#10736 = AXIS2_PLACEMENT_3D('',#10737,#10738,#10739);
#10737 = CARTESIAN_POINT('',(-45.,-100.,5.));
#10738 = DIRECTION('',(1.850371707709E-16,1.,-0.));
#10739 = DIRECTION('',(-1.,1.850371707709E-16,0.));
#10740 = ADVANCED_FACE('',(#10741),#10768,.T.);
#10741 = FACE_BOUND('',#10742,.T.);
#10742 = EDGE_LOOP('',(#10743,#10752,#10760,#10767));
#10743 = ORIENTED_EDGE('',*,*,#10744,.T.);
#10744 = EDGE_CURVE('',#10714,#10745,#10747,.T.);
#10745 = VERTEX_POINT('',#10746);
#10746 = CARTESIAN_POINT('',(35.,-95.,0.));
#10747 = CIRCLE('',#10748,5.);
#10748 = AXIS2_PLACEMENT_3D('',#10749,#10750,#10751);
#10749 = CARTESIAN_POINT('',(30.,-95.,0.));
#10750 = DIRECTION('',(0.,0.,1.));
#10751 = DIRECTION('',(1.,0.,-0.));
#10752 = ORIENTED_EDGE('',*,*,#10753,.F.);
#10753 = EDGE_CURVE('',#10754,#10745,#10756,.T.);
#10754 = VERTEX_POINT('',#10755);
#10755 = CARTESIAN_POINT('',(35.,-95.,5.));
#10756 = LINE('',#10757,#10758);
#10757 = CARTESIAN_POINT('',(35.,-95.,5.));
#10758 = VECTOR('',#10759,1.);
#10759 = DIRECTION('',(-0.,-0.,-1.));
#10760 = ORIENTED_EDGE('',*,*,#10761,.F.);
#10761 = EDGE_CURVE('',#10722,#10754,#10762,.T.);
#10762 = CIRCLE('',#10763,5.);
#10763 = AXIS2_PLACEMENT_3D('',#10764,#10765,#10766);
#10764 = CARTESIAN_POINT('',(30.,-95.,5.));
#10765 = DIRECTION('',(0.,0.,1.));
#10766 = DIRECTION('',(1.,0.,-0.));
#10767 = ORIENTED_EDGE('',*,*,#10721,.T.);
#10768 = CYLINDRICAL_SURFACE('',#10769,5.);
#10769 = AXIS2_PLACEMENT_3D('',#10770,#10771,#10772);
#10770 = CARTESIAN_POINT('',(30.,-95.,5.));
#10771 = DIRECTION('',(-0.,-0.,-1.));
#10772 = DIRECTION('',(-1.,0.,0.));
#10773 = ADVANCED_FACE('',(#10774),#10790,.F.);
#10774 = FACE_BOUND('',#10775,.T.);
#10775 = EDGE_LOOP('',(#10776,#10782,#10783,#10789));
#10776 = ORIENTED_EDGE('',*,*,#10777,.T.);
#10777 = EDGE_CURVE('',#10745,#10480,#10778,.T.);
#10778 = LINE('',#10779,#10780);
#10779 = CARTESIAN_POINT('',(35.,-35.52097024628,0.));
#10780 = VECTOR('',#10781,1.);
#10781 = DIRECTION('',(1.166611818088E-16,1.,-0.));
#10782 = ORIENTED_EDGE('',*,*,#10507,.F.);
#10783 = ORIENTED_EDGE('',*,*,#10784,.F.);
#10784 = EDGE_CURVE('',#10754,#10499,#10785,.T.);
#10785 = LINE('',#10786,#10787);
#10786 = CARTESIAN_POINT('',(35.,-35.52097024628,5.));
#10787 = VECTOR('',#10788,1.);
#10788 = DIRECTION('',(1.166611818088E-16,1.,-0.));
#10789 = ORIENTED_EDGE('',*,*,#10753,.T.);
#10790 = PLANE('',#10791);
#10791 = AXIS2_PLACEMENT_3D('',#10792,#10793,#10794);
#10792 = CARTESIAN_POINT('',(35.,-35.52097024628,5.));
#10793 = DIRECTION('',(-1.,1.166611818088E-16,0.));
#10794 = DIRECTION('',(-1.166611818088E-16,-1.,0.));
#10795 = ADVANCED_FACE('',(#10796,#10800,#10810),#10822,.F.);
#10796 = FACE_BOUND('',#10797,.T.);
#10797 = EDGE_LOOP('',(#10798,#10799));
#10798 = ORIENTED_EDGE('',*,*,#10464,.F.);
#10799 = ORIENTED_EDGE('',*,*,#10432,.F.);
#10800 = FACE_BOUND('',#10801,.T.);
#10801 = EDGE_LOOP('',(#10802,#10809));
#10802 = ORIENTED_EDGE('',*,*,#10803,.F.);
#10803 = EDGE_CURVE('',#10391,#10383,#10804,.T.);
#10804 = CIRCLE('',#10805,5.);
#10805 = AXIS2_PLACEMENT_3D('',#10806,#10807,#10808);
#10806 = CARTESIAN_POINT('',(-18.,285.,5.));
#10807 = DIRECTION('',(0.,0.,1.));
#10808 = DIRECTION('',(-1.,0.,0.));
#10809 = ORIENTED_EDGE('',*,*,#10390,.F.);
#10810 = FACE_BOUND('',#10811,.T.);
#10811 = EDGE_LOOP('',(#10812,#10813,#10814,#10815,#10816,#10817,#10818,
    #10819,#10820,#10821));
#10812 = ORIENTED_EDGE('',*,*,#10498,.T.);
#10813 = ORIENTED_EDGE('',*,*,#10537,.T.);
#10814 = ORIENTED_EDGE('',*,*,#10569,.T.);
#10815 = ORIENTED_EDGE('',*,*,#10601,.T.);
#10816 = ORIENTED_EDGE('',*,*,#10633,.T.);
#10817 = ORIENTED_EDGE('',*,*,#10665,.T.);
#10818 = ORIENTED_EDGE('',*,*,#10697,.T.);
#10819 = ORIENTED_EDGE('',*,*,#10729,.T.);
#10820 = ORIENTED_EDGE('',*,*,#10761,.T.);
#10821 = ORIENTED_EDGE('',*,*,#10784,.T.);
#10822 = PLANE('',#10823);
#10823 = AXIS2_PLACEMENT_3D('',#10824,#10825,#10826);
#10824 = CARTESIAN_POINT('',(25.,-35.52097024628,5.));
#10825 = DIRECTION('',(-0.,0.,-1.));
#10826 = DIRECTION('',(-1.,0.,0.));
#10827 = ADVANCED_FACE('',(#10828),#10840,.T.);
#10828 = FACE_BOUND('',#10829,.T.);
#10829 = EDGE_LOOP('',(#10830,#10831,#10832,#10833,#10834,#10835,#10836,
    #10837,#10838,#10839));
#10830 = ORIENTED_EDGE('',*,*,#10479,.F.);
#10831 = ORIENTED_EDGE('',*,*,#10777,.F.);
#10832 = ORIENTED_EDGE('',*,*,#10744,.F.);
#10833 = ORIENTED_EDGE('',*,*,#10713,.F.);
#10834 = ORIENTED_EDGE('',*,*,#10680,.F.);
#10835 = ORIENTED_EDGE('',*,*,#10649,.F.);
#10836 = ORIENTED_EDGE('',*,*,#10616,.F.);
#10837 = ORIENTED_EDGE('',*,*,#10585,.F.);
#10838 = ORIENTED_EDGE('',*,*,#10552,.F.);
#10839 = ORIENTED_EDGE('',*,*,#10521,.F.);
#10840 = PLANE('',#10841);
#10841 = AXIS2_PLACEMENT_3D('',#10842,#10843,#10844);
#10842 = CARTESIAN_POINT('',(25.,-35.52097024628,0.));
#10843 = DIRECTION('',(-0.,0.,-1.));
#10844 = DIRECTION('',(-1.,0.,0.));
#10845 = ADVANCED_FACE('',(#10846),#10858,.T.);
#10846 = FACE_BOUND('',#10847,.T.);
#10847 = EDGE_LOOP('',(#10848,#10849,#10856,#10857));
#10848 = ORIENTED_EDGE('',*,*,#10382,.F.);
#10849 = ORIENTED_EDGE('',*,*,#10850,.F.);
#10850 = EDGE_CURVE('',#10374,#10372,#10851,.T.);
#10851 = CIRCLE('',#10852,5.);
#10852 = AXIS2_PLACEMENT_3D('',#10853,#10854,#10855);
#10853 = CARTESIAN_POINT('',(-18.,285.,35.));
#10854 = DIRECTION('',(0.,0.,1.));
#10855 = DIRECTION('',(1.,0.,-0.));
#10856 = ORIENTED_EDGE('',*,*,#10399,.T.);
#10857 = ORIENTED_EDGE('',*,*,#10803,.T.);
#10858 = CYLINDRICAL_SURFACE('',#10859,5.);
#10859 = AXIS2_PLACEMENT_3D('',#10860,#10861,#10862);
#10860 = CARTESIAN_POINT('',(-18.,285.,35.));
#10861 = DIRECTION('',(-0.,-0.,-1.));
#10862 = DIRECTION('',(-1.,0.,0.));
#10863 = ADVANCED_FACE('',(#10864),#10882,.T.);
#10864 = FACE_BOUND('',#10865,.T.);
#10865 = EDGE_LOOP('',(#10866,#10867,#10874,#10875));
#10866 = ORIENTED_EDGE('',*,*,#10340,.F.);
#10867 = ORIENTED_EDGE('',*,*,#10868,.F.);
#10868 = EDGE_CURVE('',#10332,#10330,#10869,.T.);
#10869 = CIRCLE('',#10870,5.);
#10870 = AXIS2_PLACEMENT_3D('',#10871,#10872,#10873);
#10871 = CARTESIAN_POINT('',(20.,-75.,35.));
#10872 = DIRECTION('',(0.,0.,1.));
#10873 = DIRECTION('',(1.,0.,-0.));
#10874 = ORIENTED_EDGE('',*,*,#10357,.T.);
#10875 = ORIENTED_EDGE('',*,*,#10876,.T.);
#10876 = EDGE_CURVE('',#10349,#10341,#10877,.T.);
#10877 = CIRCLE('',#10878,5.);
#10878 = AXIS2_PLACEMENT_3D('',#10879,#10880,#10881);
#10879 = CARTESIAN_POINT('',(20.,-75.,31.));
#10880 = DIRECTION('',(0.,0.,1.));
#10881 = DIRECTION('',(1.,0.,-0.));
#10882 = CYLINDRICAL_SURFACE('',#10883,5.);
#10883 = AXIS2_PLACEMENT_3D('',#10884,#10885,#10886);
#10884 = CARTESIAN_POINT('',(20.,-75.,35.));
#10885 = DIRECTION('',(-0.,-0.,-1.));
#10886 = DIRECTION('',(-1.,0.,0.));
#10887 = ADVANCED_FACE('',(#10888),#10924,.T.);
#10888 = FACE_BOUND('',#10889,.T.);
#10889 = EDGE_LOOP('',(#10890,#10901,#10909,#10918));
#10890 = ORIENTED_EDGE('',*,*,#10891,.T.);
#10891 = EDGE_CURVE('',#10892,#10894,#10896,.T.);
#10892 = VERTEX_POINT('',#10893);
#10893 = CARTESIAN_POINT('',(30.,-100.,35.));
#10894 = VERTEX_POINT('',#10895);
#10895 = CARTESIAN_POINT('',(35.,-95.,35.));
#10896 = CIRCLE('',#10897,5.);
#10897 = AXIS2_PLACEMENT_3D('',#10898,#10899,#10900);
#10898 = CARTESIAN_POINT('',(30.,-95.,35.));
#10899 = DIRECTION('',(0.,0.,1.));
#10900 = DIRECTION('',(1.,0.,-0.));
#10901 = ORIENTED_EDGE('',*,*,#10902,.F.);
#10902 = EDGE_CURVE('',#10903,#10894,#10905,.T.);
#10903 = VERTEX_POINT('',#10904);
#10904 = CARTESIAN_POINT('',(35.,-95.,40.));
#10905 = LINE('',#10906,#10907);
#10906 = CARTESIAN_POINT('',(35.,-95.,40.));
#10907 = VECTOR('',#10908,1.);
#10908 = DIRECTION('',(-0.,-0.,-1.));
#10909 = ORIENTED_EDGE('',*,*,#10910,.F.);
#10910 = EDGE_CURVE('',#10911,#10903,#10913,.T.);
#10911 = VERTEX_POINT('',#10912);
#10912 = CARTESIAN_POINT('',(30.,-100.,40.));
#10913 = CIRCLE('',#10914,5.);
#10914 = AXIS2_PLACEMENT_3D('',#10915,#10916,#10917);
#10915 = CARTESIAN_POINT('',(30.,-95.,40.));
#10916 = DIRECTION('',(0.,0.,1.));
#10917 = DIRECTION('',(1.,0.,-0.));
#10918 = ORIENTED_EDGE('',*,*,#10919,.T.);
#10919 = EDGE_CURVE('',#10911,#10892,#10920,.T.);
#10920 = LINE('',#10921,#10922);
#10921 = CARTESIAN_POINT('',(30.,-100.,40.));
#10922 = VECTOR('',#10923,1.);
#10923 = DIRECTION('',(-0.,-0.,-1.));
#10924 = CYLINDRICAL_SURFACE('',#10925,5.);
#10925 = AXIS2_PLACEMENT_3D('',#10926,#10927,#10928);
#10926 = CARTESIAN_POINT('',(30.,-95.,40.));
#10927 = DIRECTION('',(-0.,-0.,-1.));
#10928 = DIRECTION('',(-1.,0.,0.));
#10929 = ADVANCED_FACE('',(#10930),#10955,.F.);
#10930 = FACE_BOUND('',#10931,.T.);
#10931 = EDGE_LOOP('',(#10932,#10940,#10948,#10954));
#10932 = ORIENTED_EDGE('',*,*,#10933,.T.);
#10933 = EDGE_CURVE('',#10894,#10934,#10936,.T.);
#10934 = VERTEX_POINT('',#10935);
#10935 = CARTESIAN_POINT('',(35.,-35.52097024628,35.));
#10936 = LINE('',#10937,#10938);
#10937 = CARTESIAN_POINT('',(35.,-95.,35.));
#10938 = VECTOR('',#10939,1.);
#10939 = DIRECTION('',(0.,1.,0.));
#10940 = ORIENTED_EDGE('',*,*,#10941,.F.);
#10941 = EDGE_CURVE('',#10942,#10934,#10944,.T.);
#10942 = VERTEX_POINT('',#10943);
#10943 = CARTESIAN_POINT('',(35.,-35.52097024628,40.));
#10944 = LINE('',#10945,#10946);
#10945 = CARTESIAN_POINT('',(35.,-35.52097024628,40.));
#10946 = VECTOR('',#10947,1.);
#10947 = DIRECTION('',(-0.,-0.,-1.));
#10948 = ORIENTED_EDGE('',*,*,#10949,.F.);
#10949 = EDGE_CURVE('',#10903,#10942,#10950,.T.);
#10950 = LINE('',#10951,#10952);
#10951 = CARTESIAN_POINT('',(35.,-95.,40.));
#10952 = VECTOR('',#10953,1.);
#10953 = DIRECTION('',(0.,1.,0.));
#10954 = ORIENTED_EDGE('',*,*,#10902,.T.);
#10955 = PLANE('',#10956);
#10956 = AXIS2_PLACEMENT_3D('',#10957,#10958,#10959);
#10957 = CARTESIAN_POINT('',(35.,-95.,40.));
#10958 = DIRECTION('',(-1.,0.,0.));
#10959 = DIRECTION('',(0.,0.,1.));
#10960 = ADVANCED_FACE('',(#10961),#10988,.T.);
#10961 = FACE_BOUND('',#10962,.T.);
#10962 = EDGE_LOOP('',(#10963,#10972,#10980,#10987));
#10963 = ORIENTED_EDGE('',*,*,#10964,.T.);
#10964 = EDGE_CURVE('',#10934,#10965,#10967,.T.);
#10965 = VERTEX_POINT('',#10966);
#10966 = CARTESIAN_POINT('',(34.945864928494,-34.48185002987,35.));
#10967 = CIRCLE('',#10968,10.);
#10968 = AXIS2_PLACEMENT_3D('',#10969,#10970,#10971);
#10969 = CARTESIAN_POINT('',(25.,-35.52097024628,35.));
#10970 = DIRECTION('',(0.,0.,1.));
#10971 = DIRECTION('',(1.,0.,-0.));
#10972 = ORIENTED_EDGE('',*,*,#10973,.F.);
#10973 = EDGE_CURVE('',#10974,#10965,#10976,.T.);
#10974 = VERTEX_POINT('',#10975);
#10975 = CARTESIAN_POINT('',(34.945864928494,-34.48185002987,40.));
#10976 = LINE('',#10977,#10978);
#10977 = CARTESIAN_POINT('',(34.945864928494,-34.48185002987,40.));
#10978 = VECTOR('',#10979,1.);
#10979 = DIRECTION('',(-0.,-0.,-1.));
#10980 = ORIENTED_EDGE('',*,*,#10981,.F.);
#10981 = EDGE_CURVE('',#10942,#10974,#10982,.T.);
#10982 = CIRCLE('',#10983,10.);
#10983 = AXIS2_PLACEMENT_3D('',#10984,#10985,#10986);
#10984 = CARTESIAN_POINT('',(25.,-35.52097024628,40.));
#10985 = DIRECTION('',(0.,0.,1.));
#10986 = DIRECTION('',(1.,0.,-0.));
#10987 = ORIENTED_EDGE('',*,*,#10941,.T.);
#10988 = CYLINDRICAL_SURFACE('',#10989,10.);
#10989 = AXIS2_PLACEMENT_3D('',#10990,#10991,#10992);
#10990 = CARTESIAN_POINT('',(25.,-35.52097024628,40.));
#10991 = DIRECTION('',(-0.,-0.,-1.));
#10992 = DIRECTION('',(-1.,0.,0.));
#10993 = ADVANCED_FACE('',(#10994),#11019,.F.);
#10994 = FACE_BOUND('',#10995,.T.);
#10995 = EDGE_LOOP('',(#10996,#11004,#11012,#11018));
#10996 = ORIENTED_EDGE('',*,*,#10997,.T.);
#10997 = EDGE_CURVE('',#10965,#10998,#11000,.T.);
#10998 = VERTEX_POINT('',#10999);
#10999 = CARTESIAN_POINT('',(0.936211320674,291.03912021641,35.));
#11000 = LINE('',#11001,#11002);
#11001 = CARTESIAN_POINT('',(34.945864928494,-34.48185002987,35.));
#11002 = VECTOR('',#11003,1.);
#11003 = DIRECTION('',(-0.103912021641,0.994586492849,0.));
#11004 = ORIENTED_EDGE('',*,*,#11005,.F.);
#11005 = EDGE_CURVE('',#11006,#10998,#11008,.T.);
#11006 = VERTEX_POINT('',#11007);
#11007 = CARTESIAN_POINT('',(0.936211320674,291.03912021641,40.));
#11008 = LINE('',#11009,#11010);
#11009 = CARTESIAN_POINT('',(0.936211320674,291.03912021641,40.));
#11010 = VECTOR('',#11011,1.);
#11011 = DIRECTION('',(-0.,-0.,-1.));
#11012 = ORIENTED_EDGE('',*,*,#11013,.F.);
#11013 = EDGE_CURVE('',#10974,#11006,#11014,.T.);
#11014 = LINE('',#11015,#11016);
#11015 = CARTESIAN_POINT('',(34.945864928494,-34.48185002987,40.));
#11016 = VECTOR('',#11017,1.);
#11017 = DIRECTION('',(-0.103912021641,0.994586492849,0.));
#11018 = ORIENTED_EDGE('',*,*,#10973,.T.);
#11019 = PLANE('',#11020);
#11020 = AXIS2_PLACEMENT_3D('',#11021,#11022,#11023);
#11021 = CARTESIAN_POINT('',(34.945864928494,-34.48185002987,40.));
#11022 = DIRECTION('',(-0.994586492849,-0.103912021641,0.));
#11023 = DIRECTION('',(0.103912021641,-0.994586492849,0.));
#11024 = ADVANCED_FACE('',(#11025),#11052,.T.);
#11025 = FACE_BOUND('',#11026,.T.);
#11026 = EDGE_LOOP('',(#11027,#11036,#11044,#11051));
#11027 = ORIENTED_EDGE('',*,*,#11028,.T.);
#11028 = EDGE_CURVE('',#10998,#11029,#11031,.T.);
#11029 = VERTEX_POINT('',#11030);
#11030 = CARTESIAN_POINT('',(-9.00965360782,300.,35.));
#11031 = CIRCLE('',#11032,10.);
#11032 = AXIS2_PLACEMENT_3D('',#11033,#11034,#11035);
#11033 = CARTESIAN_POINT('',(-9.00965360782,290.,35.));
#11034 = DIRECTION('',(0.,0.,1.));
#11035 = DIRECTION('',(1.,0.,-0.));
#11036 = ORIENTED_EDGE('',*,*,#11037,.F.);
#11037 = EDGE_CURVE('',#11038,#11029,#11040,.T.);
#11038 = VERTEX_POINT('',#11039);
#11039 = CARTESIAN_POINT('',(-9.00965360782,300.,40.));
#11040 = LINE('',#11041,#11042);
#11041 = CARTESIAN_POINT('',(-9.00965360782,300.,40.));
#11042 = VECTOR('',#11043,1.);
#11043 = DIRECTION('',(-0.,-0.,-1.));
#11044 = ORIENTED_EDGE('',*,*,#11045,.F.);
#11045 = EDGE_CURVE('',#11006,#11038,#11046,.T.);
#11046 = CIRCLE('',#11047,10.);
#11047 = AXIS2_PLACEMENT_3D('',#11048,#11049,#11050);
#11048 = CARTESIAN_POINT('',(-9.00965360782,290.,40.));
#11049 = DIRECTION('',(0.,0.,1.));
#11050 = DIRECTION('',(1.,0.,-0.));
#11051 = ORIENTED_EDGE('',*,*,#11005,.T.);
#11052 = CYLINDRICAL_SURFACE('',#11053,10.);
#11053 = AXIS2_PLACEMENT_3D('',#11054,#11055,#11056);
#11054 = CARTESIAN_POINT('',(-9.00965360782,290.,40.));
#11055 = DIRECTION('',(-0.,-0.,-1.));
#11056 = DIRECTION('',(-1.,0.,0.));
#11057 = ADVANCED_FACE('',(#11058),#11083,.F.);
#11058 = FACE_BOUND('',#11059,.T.);
#11059 = EDGE_LOOP('',(#11060,#11068,#11076,#11082));
#11060 = ORIENTED_EDGE('',*,*,#11061,.T.);
#11061 = EDGE_CURVE('',#11029,#11062,#11064,.T.);
#11062 = VERTEX_POINT('',#11063);
#11063 = CARTESIAN_POINT('',(-45.,300.,35.));
#11064 = LINE('',#11065,#11066);
#11065 = CARTESIAN_POINT('',(-9.00965360782,300.,35.));
#11066 = VECTOR('',#11067,1.);
#11067 = DIRECTION('',(-1.,0.,0.));
#11068 = ORIENTED_EDGE('',*,*,#11069,.F.);
#11069 = EDGE_CURVE('',#11070,#11062,#11072,.T.);
#11070 = VERTEX_POINT('',#11071);
#11071 = CARTESIAN_POINT('',(-45.,300.,40.));
#11072 = LINE('',#11073,#11074);
#11073 = CARTESIAN_POINT('',(-45.,300.,40.));
#11074 = VECTOR('',#11075,1.);
#11075 = DIRECTION('',(-0.,-0.,-1.));
#11076 = ORIENTED_EDGE('',*,*,#11077,.F.);
#11077 = EDGE_CURVE('',#11038,#11070,#11078,.T.);
#11078 = LINE('',#11079,#11080);
#11079 = CARTESIAN_POINT('',(-9.00965360782,300.,40.));
#11080 = VECTOR('',#11081,1.);
#11081 = DIRECTION('',(-1.,0.,0.));
#11082 = ORIENTED_EDGE('',*,*,#11037,.T.);
#11083 = PLANE('',#11084);
#11084 = AXIS2_PLACEMENT_3D('',#11085,#11086,#11087);
#11085 = CARTESIAN_POINT('',(-9.00965360782,300.,40.));
#11086 = DIRECTION('',(0.,-1.,0.));
#11087 = DIRECTION('',(0.,-0.,-1.));
#11088 = ADVANCED_FACE('',(#11089),#11116,.T.);
#11089 = FACE_BOUND('',#11090,.T.);
#11090 = EDGE_LOOP('',(#11091,#11100,#11108,#11115));
#11091 = ORIENTED_EDGE('',*,*,#11092,.T.);
#11092 = EDGE_CURVE('',#11062,#11093,#11095,.T.);
#11093 = VERTEX_POINT('',#11094);
#11094 = CARTESIAN_POINT('',(-50.,295.,35.));
#11095 = CIRCLE('',#11096,5.);
#11096 = AXIS2_PLACEMENT_3D('',#11097,#11098,#11099);
#11097 = CARTESIAN_POINT('',(-45.,295.,35.));
#11098 = DIRECTION('',(0.,0.,1.));
#11099 = DIRECTION('',(1.,0.,-0.));
#11100 = ORIENTED_EDGE('',*,*,#11101,.F.);
#11101 = EDGE_CURVE('',#11102,#11093,#11104,.T.);
#11102 = VERTEX_POINT('',#11103);
#11103 = CARTESIAN_POINT('',(-50.,295.,40.));
#11104 = LINE('',#11105,#11106);
#11105 = CARTESIAN_POINT('',(-50.,295.,40.));
#11106 = VECTOR('',#11107,1.);
#11107 = DIRECTION('',(-0.,-0.,-1.));
#11108 = ORIENTED_EDGE('',*,*,#11109,.F.);
#11109 = EDGE_CURVE('',#11070,#11102,#11110,.T.);
#11110 = CIRCLE('',#11111,5.);
#11111 = AXIS2_PLACEMENT_3D('',#11112,#11113,#11114);
#11112 = CARTESIAN_POINT('',(-45.,295.,40.));
#11113 = DIRECTION('',(0.,0.,1.));
#11114 = DIRECTION('',(1.,0.,-0.));
#11115 = ORIENTED_EDGE('',*,*,#11069,.T.);
#11116 = CYLINDRICAL_SURFACE('',#11117,5.);
#11117 = AXIS2_PLACEMENT_3D('',#11118,#11119,#11120);
#11118 = CARTESIAN_POINT('',(-45.,295.,40.));
#11119 = DIRECTION('',(-0.,-0.,-1.));
#11120 = DIRECTION('',(-1.,0.,0.));
#11121 = ADVANCED_FACE('',(#11122),#11147,.F.);
#11122 = FACE_BOUND('',#11123,.T.);
#11123 = EDGE_LOOP('',(#11124,#11132,#11140,#11146));
#11124 = ORIENTED_EDGE('',*,*,#11125,.T.);
#11125 = EDGE_CURVE('',#11093,#11126,#11128,.T.);
#11126 = VERTEX_POINT('',#11127);
#11127 = CARTESIAN_POINT('',(-50.,-95.,35.));
#11128 = LINE('',#11129,#11130);
#11129 = CARTESIAN_POINT('',(-50.,295.,35.));
#11130 = VECTOR('',#11131,1.);
#11131 = DIRECTION('',(8.896017825522E-17,-1.,0.));
#11132 = ORIENTED_EDGE('',*,*,#11133,.F.);
#11133 = EDGE_CURVE('',#11134,#11126,#11136,.T.);
#11134 = VERTEX_POINT('',#11135);
#11135 = CARTESIAN_POINT('',(-50.,-95.,40.));
#11136 = LINE('',#11137,#11138);
#11137 = CARTESIAN_POINT('',(-50.,-95.,40.));
#11138 = VECTOR('',#11139,1.);
#11139 = DIRECTION('',(-0.,-0.,-1.));
#11140 = ORIENTED_EDGE('',*,*,#11141,.F.);
#11141 = EDGE_CURVE('',#11102,#11134,#11142,.T.);
#11142 = LINE('',#11143,#11144);
#11143 = CARTESIAN_POINT('',(-50.,295.,40.));
#11144 = VECTOR('',#11145,1.);
#11145 = DIRECTION('',(8.896017825522E-17,-1.,0.));
#11146 = ORIENTED_EDGE('',*,*,#11101,.T.);
#11147 = PLANE('',#11148);
#11148 = AXIS2_PLACEMENT_3D('',#11149,#11150,#11151);
#11149 = CARTESIAN_POINT('',(-50.,295.,40.));
#11150 = DIRECTION('',(1.,8.896017825522E-17,-0.));
#11151 = DIRECTION('',(-8.896017825522E-17,1.,0.));
#11152 = ADVANCED_FACE('',(#11153),#11180,.T.);
#11153 = FACE_BOUND('',#11154,.T.);
#11154 = EDGE_LOOP('',(#11155,#11164,#11172,#11179));
#11155 = ORIENTED_EDGE('',*,*,#11156,.T.);
#11156 = EDGE_CURVE('',#11126,#11157,#11159,.T.);
#11157 = VERTEX_POINT('',#11158);
#11158 = CARTESIAN_POINT('',(-45.,-100.,35.));
#11159 = CIRCLE('',#11160,5.);
#11160 = AXIS2_PLACEMENT_3D('',#11161,#11162,#11163);
#11161 = CARTESIAN_POINT('',(-45.,-95.,35.));
#11162 = DIRECTION('',(0.,0.,1.));
#11163 = DIRECTION('',(1.,0.,-0.));
#11164 = ORIENTED_EDGE('',*,*,#11165,.F.);
#11165 = EDGE_CURVE('',#11166,#11157,#11168,.T.);
#11166 = VERTEX_POINT('',#11167);
#11167 = CARTESIAN_POINT('',(-45.,-100.,40.));
#11168 = LINE('',#11169,#11170);
#11169 = CARTESIAN_POINT('',(-45.,-100.,40.));
#11170 = VECTOR('',#11171,1.);
#11171 = DIRECTION('',(-0.,-0.,-1.));
#11172 = ORIENTED_EDGE('',*,*,#11173,.F.);
#11173 = EDGE_CURVE('',#11134,#11166,#11174,.T.);
#11174 = CIRCLE('',#11175,5.);
#11175 = AXIS2_PLACEMENT_3D('',#11176,#11177,#11178);
#11176 = CARTESIAN_POINT('',(-45.,-95.,40.));
#11177 = DIRECTION('',(0.,0.,1.));
#11178 = DIRECTION('',(1.,0.,-0.));
#11179 = ORIENTED_EDGE('',*,*,#11133,.T.);
#11180 = CYLINDRICAL_SURFACE('',#11181,5.);
#11181 = AXIS2_PLACEMENT_3D('',#11182,#11183,#11184);
#11182 = CARTESIAN_POINT('',(-45.,-95.,40.));
#11183 = DIRECTION('',(-0.,-0.,-1.));
#11184 = DIRECTION('',(-1.,0.,0.));
#11185 = ADVANCED_FACE('',(#11186),#11202,.F.);
#11186 = FACE_BOUND('',#11187,.T.);
#11187 = EDGE_LOOP('',(#11188,#11194,#11195,#11201));
#11188 = ORIENTED_EDGE('',*,*,#11189,.T.);
#11189 = EDGE_CURVE('',#11157,#10892,#11190,.T.);
#11190 = LINE('',#11191,#11192);
#11191 = CARTESIAN_POINT('',(-45.,-100.,35.));
#11192 = VECTOR('',#11193,1.);
#11193 = DIRECTION('',(1.,0.,0.));
#11194 = ORIENTED_EDGE('',*,*,#10919,.F.);
#11195 = ORIENTED_EDGE('',*,*,#11196,.F.);
#11196 = EDGE_CURVE('',#11166,#10911,#11197,.T.);
#11197 = LINE('',#11198,#11199);
#11198 = CARTESIAN_POINT('',(-45.,-100.,40.));
#11199 = VECTOR('',#11200,1.);
#11200 = DIRECTION('',(1.,0.,0.));
#11201 = ORIENTED_EDGE('',*,*,#11165,.T.);
#11202 = PLANE('',#11203);
#11203 = AXIS2_PLACEMENT_3D('',#11204,#11205,#11206);
#11204 = CARTESIAN_POINT('',(-45.,-100.,40.));
#11205 = DIRECTION('',(0.,1.,0.));
#11206 = DIRECTION('',(0.,-0.,1.));
#11207 = ADVANCED_FACE('',(#11208),#11220,.T.);
#11208 = FACE_BOUND('',#11209,.T.);
#11209 = EDGE_LOOP('',(#11210,#11211,#11212,#11213,#11214,#11215,#11216,
    #11217,#11218,#11219));
#11210 = ORIENTED_EDGE('',*,*,#10910,.T.);
#11211 = ORIENTED_EDGE('',*,*,#10949,.T.);
#11212 = ORIENTED_EDGE('',*,*,#10981,.T.);
#11213 = ORIENTED_EDGE('',*,*,#11013,.T.);
#11214 = ORIENTED_EDGE('',*,*,#11045,.T.);
#11215 = ORIENTED_EDGE('',*,*,#11077,.T.);
#11216 = ORIENTED_EDGE('',*,*,#11109,.T.);
#11217 = ORIENTED_EDGE('',*,*,#11141,.T.);
#11218 = ORIENTED_EDGE('',*,*,#11173,.T.);
#11219 = ORIENTED_EDGE('',*,*,#11196,.T.);
#11220 = PLANE('',#11221);
#11221 = AXIS2_PLACEMENT_3D('',#11222,#11223,#11224);
#11222 = CARTESIAN_POINT('',(30.,-95.,40.));
#11223 = DIRECTION('',(0.,0.,1.));
#11224 = DIRECTION('',(1.,0.,-0.));
#11225 = ADVANCED_FACE('',(#11226,#11230,#11234),#11246,.F.);
#11226 = FACE_BOUND('',#11227,.T.);
#11227 = EDGE_LOOP('',(#11228,#11229));
#11228 = ORIENTED_EDGE('',*,*,#10850,.T.);
#11229 = ORIENTED_EDGE('',*,*,#10371,.T.);
#11230 = FACE_BOUND('',#11231,.T.);
#11231 = EDGE_LOOP('',(#11232,#11233));
#11232 = ORIENTED_EDGE('',*,*,#10868,.T.);
#11233 = ORIENTED_EDGE('',*,*,#10329,.T.);
#11234 = FACE_BOUND('',#11235,.T.);
#11235 = EDGE_LOOP('',(#11236,#11237,#11238,#11239,#11240,#11241,#11242,
    #11243,#11244,#11245));
#11236 = ORIENTED_EDGE('',*,*,#10891,.F.);
#11237 = ORIENTED_EDGE('',*,*,#11189,.F.);
#11238 = ORIENTED_EDGE('',*,*,#11156,.F.);
#11239 = ORIENTED_EDGE('',*,*,#11125,.F.);
#11240 = ORIENTED_EDGE('',*,*,#11092,.F.);
#11241 = ORIENTED_EDGE('',*,*,#11061,.F.);
#11242 = ORIENTED_EDGE('',*,*,#11028,.F.);
#11243 = ORIENTED_EDGE('',*,*,#10997,.F.);
#11244 = ORIENTED_EDGE('',*,*,#10964,.F.);
#11245 = ORIENTED_EDGE('',*,*,#10933,.F.);
#11246 = PLANE('',#11247);
#11247 = AXIS2_PLACEMENT_3D('',#11248,#11249,#11250);
#11248 = CARTESIAN_POINT('',(30.,-95.,35.));
#11249 = DIRECTION('',(0.,0.,1.));
#11250 = DIRECTION('',(1.,0.,-0.));
#11251 = ADVANCED_FACE('',(#11252),#11256,.T.);
#11252 = FACE_BOUND('',#11253,.T.);
#11253 = EDGE_LOOP('',(#11254,#11255));
#11254 = ORIENTED_EDGE('',*,*,#10456,.T.);
#11255 = ORIENTED_EDGE('',*,*,#10413,.T.);
#11256 = PLANE('',#11257);
#11257 = AXIS2_PLACEMENT_3D('',#11258,#11259,#11260);
#11258 = CARTESIAN_POINT('',(20.,-75.,9.));
#11259 = DIRECTION('',(0.,0.,1.));
#11260 = DIRECTION('',(1.,0.,-0.));
#11261 = ADVANCED_FACE('',(#11262),#11266,.F.);
#11262 = FACE_BOUND('',#11263,.T.);
#11263 = EDGE_LOOP('',(#11264,#11265));
#11264 = ORIENTED_EDGE('',*,*,#10876,.F.);
#11265 = ORIENTED_EDGE('',*,*,#10348,.F.);
#11266 = PLANE('',#11267);
#11267 = AXIS2_PLACEMENT_3D('',#11268,#11269,#11270);
#11268 = CARTESIAN_POINT('',(20.,-75.,31.));
#11269 = DIRECTION('',(0.,0.,1.));
#11270 = DIRECTION('',(1.,0.,-0.));
#11271 = ( GEOMETRIC_REPRESENTATION_CONTEXT(3) 
GLOBAL_UNCERTAINTY_ASSIGNED_CONTEXT((#11275)) 
GLOBAL_UNIT_ASSIGNED_CONTEXT((#11272,#11273,#11274)) 
REPRESENTATION_CONTEXT('Context #1',
  '3D Context with UNIT and UNCERTAINTY') );
#11272 = ( LENGTH_UNIT() NAMED_UNIT(*) SI_UNIT(.MILLI.,.METRE.) );
#11273 = ( NAMED_UNIT(*) PLANE_ANGLE_UNIT() SI_UNIT($,.RADIAN.) );
#11274 = ( NAMED_UNIT(*) SI_UNIT($,.STERADIAN.) SOLID_ANGLE_UNIT() );
#11275 = UNCERTAINTY_MEASURE_WITH_UNIT(LENGTH_MEASURE(1.E-07),#11272,
  'distance_accuracy_value','confusion accuracy');
#11276 = SHAPE_DEFINITION_REPRESENTATION(#11277,#10322);
#11277 = PRODUCT_DEFINITION_SHAPE('','',#11278);
#11278 = PRODUCT_DEFINITION('design','',#11279,#11282);
#11279 = PRODUCT_DEFINITION_FORMATION('','',#11280);
#11280 = PRODUCT('Upper arm','Upper arm','',(#11281));
#11281 = MECHANICAL_CONTEXT('',#2,'mechanical');
#11282 = PRODUCT_DEFINITION_CONTEXT('part definition',#2,'design');
#11283 = CONTEXT_DEPENDENT_SHAPE_REPRESENTATION(#11284,#11286);
#11284 = ( REPRESENTATION_RELATIONSHIP('','',#10322,#10) 
REPRESENTATION_RELATIONSHIP_WITH_TRANSFORMATION(#11285) 
SHAPE_REPRESENTATION_RELATIONSHIP() );
#11285 = ITEM_DEFINED_TRANSFORMATION('','',#11,#31);
#11286 = PRODUCT_DEFINITION_SHAPE('Placement','Placement of an item',
  #11287);
#11287 = NEXT_ASSEMBLY_USAGE_OCCURRENCE('5','NAUO5','',#5,#11278,$);
#11288 = PRODUCT_TYPE('part',$,(#11280));
#11289 = ADVANCED_BREP_SHAPE_REPRESENTATION('',(#11,#11290),#11704);
#11290 = MANIFOLD_SOLID_BREP('',#11291);
#11291 = CLOSED_SHELL('',(#11292,#11332,#11372,#11394,#11475,#11556,
    #11578,#11600,#11622,#11639,#11651,#11668,#11680,#11692));
#11292 = ADVANCED_FACE('',(#11293),#11327,.F.);
#11293 = FACE_BOUND('',#11294,.T.);
#11294 = EDGE_LOOP('',(#11295,#11305,#11313,#11321));
#11295 = ORIENTED_EDGE('',*,*,#11296,.F.);
#11296 = EDGE_CURVE('',#11297,#11299,#11301,.T.);
#11297 = VERTEX_POINT('',#11298);
#11298 = CARTESIAN_POINT('',(6.5,25.,4.5));
#11299 = VERTEX_POINT('',#11300);
#11300 = CARTESIAN_POINT('',(6.5,-65.,4.5));
#11301 = LINE('',#11302,#11303);
#11302 = CARTESIAN_POINT('',(6.5,25.,4.5));
#11303 = VECTOR('',#11304,1.);
#11304 = DIRECTION('',(1.349229370204E-16,-1.,1.156482317318E-16));
#11305 = ORIENTED_EDGE('',*,*,#11306,.T.);
#11306 = EDGE_CURVE('',#11297,#11307,#11309,.T.);
#11307 = VERTEX_POINT('',#11308);
#11308 = CARTESIAN_POINT('',(6.5,25.,2.));
#11309 = LINE('',#11310,#11311);
#11310 = CARTESIAN_POINT('',(6.5,25.,6.));
#11311 = VECTOR('',#11312,1.);
#11312 = DIRECTION('',(-0.,-0.,-1.));
#11313 = ORIENTED_EDGE('',*,*,#11314,.T.);
#11314 = EDGE_CURVE('',#11307,#11315,#11317,.T.);
#11315 = VERTEX_POINT('',#11316);
#11316 = CARTESIAN_POINT('',(6.5,-65.,2.));
#11317 = LINE('',#11318,#11319);
#11318 = CARTESIAN_POINT('',(6.5,25.,2.));
#11319 = VECTOR('',#11320,1.);
#11320 = DIRECTION('',(1.156482317318E-16,-1.,0.));
#11321 = ORIENTED_EDGE('',*,*,#11322,.F.);
#11322 = EDGE_CURVE('',#11299,#11315,#11323,.T.);
#11323 = LINE('',#11324,#11325);
#11324 = CARTESIAN_POINT('',(6.5,-65.,6.));
#11325 = VECTOR('',#11326,1.);
#11326 = DIRECTION('',(-0.,-0.,-1.));
#11327 = PLANE('',#11328);
#11328 = AXIS2_PLACEMENT_3D('',#11329,#11330,#11331);
#11329 = CARTESIAN_POINT('',(6.5,25.,6.));
#11330 = DIRECTION('',(1.,1.156482317318E-16,-0.));
#11331 = DIRECTION('',(-1.156482317318E-16,1.,0.));
#11332 = ADVANCED_FACE('',(#11333),#11367,.F.);
#11333 = FACE_BOUND('',#11334,.T.);
#11334 = EDGE_LOOP('',(#11335,#11345,#11353,#11361));
#11335 = ORIENTED_EDGE('',*,*,#11336,.F.);
#11336 = EDGE_CURVE('',#11337,#11339,#11341,.T.);
#11337 = VERTEX_POINT('',#11338);
#11338 = CARTESIAN_POINT('',(-6.5,-65.,4.5));
#11339 = VERTEX_POINT('',#11340);
#11340 = CARTESIAN_POINT('',(-6.5,25.,4.5));
#11341 = LINE('',#11342,#11343);
#11342 = CARTESIAN_POINT('',(-6.5,25.,4.5));
#11343 = VECTOR('',#11344,1.);
#11344 = DIRECTION('',(-1.156482317318E-16,1.,1.734723475977E-16));
#11345 = ORIENTED_EDGE('',*,*,#11346,.T.);
#11346 = EDGE_CURVE('',#11337,#11347,#11349,.T.);
#11347 = VERTEX_POINT('',#11348);
#11348 = CARTESIAN_POINT('',(-6.5,-65.,2.));
#11349 = LINE('',#11350,#11351);
#11350 = CARTESIAN_POINT('',(-6.5,-65.,6.));
#11351 = VECTOR('',#11352,1.);
#11352 = DIRECTION('',(-0.,-0.,-1.));
#11353 = ORIENTED_EDGE('',*,*,#11354,.T.);
#11354 = EDGE_CURVE('',#11347,#11355,#11357,.T.);
#11355 = VERTEX_POINT('',#11356);
#11356 = CARTESIAN_POINT('',(-6.5,25.,2.));
#11357 = LINE('',#11358,#11359);
#11358 = CARTESIAN_POINT('',(-6.5,25.,2.));
#11359 = VECTOR('',#11360,1.);
#11360 = DIRECTION('',(-1.349229370204E-16,1.,-0.));
#11361 = ORIENTED_EDGE('',*,*,#11362,.F.);
#11362 = EDGE_CURVE('',#11339,#11355,#11363,.T.);
#11363 = LINE('',#11364,#11365);
#11364 = CARTESIAN_POINT('',(-6.5,25.,6.));
#11365 = VECTOR('',#11366,1.);
#11366 = DIRECTION('',(-0.,-0.,-1.));
#11367 = PLANE('',#11368);
#11368 = AXIS2_PLACEMENT_3D('',#11369,#11370,#11371);
#11369 = CARTESIAN_POINT('',(-6.5,25.,6.));
#11370 = DIRECTION('',(-1.,-1.349229370204E-16,0.));
#11371 = DIRECTION('',(1.349229370204E-16,-1.,0.));
#11372 = ADVANCED_FACE('',(#11373),#11389,.T.);
#11373 = FACE_BOUND('',#11374,.T.);
#11374 = EDGE_LOOP('',(#11375,#11381,#11382,#11388));
#11375 = ORIENTED_EDGE('',*,*,#11376,.T.);
#11376 = EDGE_CURVE('',#11347,#11315,#11377,.T.);
#11377 = LINE('',#11378,#11379);
#11378 = CARTESIAN_POINT('',(-8.,-65.,2.));
#11379 = VECTOR('',#11380,1.);
#11380 = DIRECTION('',(1.,0.,0.));
#11381 = ORIENTED_EDGE('',*,*,#11314,.F.);
#11382 = ORIENTED_EDGE('',*,*,#11383,.T.);
#11383 = EDGE_CURVE('',#11307,#11355,#11384,.T.);
#11384 = LINE('',#11385,#11386);
#11385 = CARTESIAN_POINT('',(-8.,25.,2.));
#11386 = VECTOR('',#11387,1.);
#11387 = DIRECTION('',(-1.,-0.,-0.));
#11388 = ORIENTED_EDGE('',*,*,#11354,.F.);
#11389 = PLANE('',#11390);
#11390 = AXIS2_PLACEMENT_3D('',#11391,#11392,#11393);
#11391 = CARTESIAN_POINT('',(0.,0.,2.));
#11392 = DIRECTION('',(-0.,0.,1.));
#11393 = DIRECTION('',(1.,0.,0.));
#11394 = ADVANCED_FACE('',(#11395),#11470,.F.);
#11395 = FACE_BOUND('',#11396,.T.);
#11396 = EDGE_LOOP('',(#11397,#11407,#11415,#11423,#11431,#11437,#11438,
    #11439,#11440,#11448,#11456,#11464));
#11397 = ORIENTED_EDGE('',*,*,#11398,.T.);
#11398 = EDGE_CURVE('',#11399,#11401,#11403,.T.);
#11399 = VERTEX_POINT('',#11400);
#11400 = CARTESIAN_POINT('',(-15.,-65.,0.));
#11401 = VERTEX_POINT('',#11402);
#11402 = CARTESIAN_POINT('',(15.,-65.,0.));
#11403 = LINE('',#11404,#11405);
#11404 = CARTESIAN_POINT('',(-8.,-65.,0.));
#11405 = VECTOR('',#11406,1.);
#11406 = DIRECTION('',(1.,0.,0.));
#11407 = ORIENTED_EDGE('',*,*,#11408,.F.);
#11408 = EDGE_CURVE('',#11409,#11401,#11411,.T.);
#11409 = VERTEX_POINT('',#11410);
#11410 = CARTESIAN_POINT('',(15.,-65.,6.));
#11411 = LINE('',#11412,#11413);
#11412 = CARTESIAN_POINT('',(15.,-65.,0.));
#11413 = VECTOR('',#11414,1.);
#11414 = DIRECTION('',(-0.,-0.,-1.));
#11415 = ORIENTED_EDGE('',*,*,#11416,.F.);
#11416 = EDGE_CURVE('',#11417,#11409,#11419,.T.);
#11417 = VERTEX_POINT('',#11418);
#11418 = CARTESIAN_POINT('',(5.,-65.,6.));
#11419 = LINE('',#11420,#11421);
#11420 = CARTESIAN_POINT('',(8.,-65.,6.));
#11421 = VECTOR('',#11422,1.);
#11422 = DIRECTION('',(1.,-0.,-0.));
#11423 = ORIENTED_EDGE('',*,*,#11424,.F.);
#11424 = EDGE_CURVE('',#11425,#11417,#11427,.T.);
#11425 = VERTEX_POINT('',#11426);
#11426 = CARTESIAN_POINT('',(5.,-65.,4.5));
#11427 = LINE('',#11428,#11429);
#11428 = CARTESIAN_POINT('',(5.,-65.,6.));
#11429 = VECTOR('',#11430,1.);
#11430 = DIRECTION('',(-0.,-0.,1.));
#11431 = ORIENTED_EDGE('',*,*,#11432,.T.);
#11432 = EDGE_CURVE('',#11425,#11299,#11433,.T.);
#11433 = LINE('',#11434,#11435);
#11434 = CARTESIAN_POINT('',(5.,-65.,4.5));
#11435 = VECTOR('',#11436,1.);
#11436 = DIRECTION('',(1.,1.334402673828E-16,-0.));
#11437 = ORIENTED_EDGE('',*,*,#11322,.T.);
#11438 = ORIENTED_EDGE('',*,*,#11376,.F.);
#11439 = ORIENTED_EDGE('',*,*,#11346,.F.);
#11440 = ORIENTED_EDGE('',*,*,#11441,.F.);
#11441 = EDGE_CURVE('',#11442,#11337,#11444,.T.);
#11442 = VERTEX_POINT('',#11443);
#11443 = CARTESIAN_POINT('',(-5.,-65.,4.5));
#11444 = LINE('',#11445,#11446);
#11445 = CARTESIAN_POINT('',(-5.,-65.,4.5));
#11446 = VECTOR('',#11447,1.);
#11447 = DIRECTION('',(-1.,-1.200962406445E-16,-0.));
#11448 = ORIENTED_EDGE('',*,*,#11449,.F.);
#11449 = EDGE_CURVE('',#11450,#11442,#11452,.T.);
#11450 = VERTEX_POINT('',#11451);
#11451 = CARTESIAN_POINT('',(-5.,-65.,6.));
#11452 = LINE('',#11453,#11454);
#11453 = CARTESIAN_POINT('',(-5.,-65.,6.));
#11454 = VECTOR('',#11455,1.);
#11455 = DIRECTION('',(0.,0.,-1.));
#11456 = ORIENTED_EDGE('',*,*,#11457,.F.);
#11457 = EDGE_CURVE('',#11458,#11450,#11460,.T.);
#11458 = VERTEX_POINT('',#11459);
#11459 = CARTESIAN_POINT('',(-15.,-65.,6.));
#11460 = LINE('',#11461,#11462);
#11461 = CARTESIAN_POINT('',(-8.,-65.,6.));
#11462 = VECTOR('',#11463,1.);
#11463 = DIRECTION('',(1.,0.,0.));
#11464 = ORIENTED_EDGE('',*,*,#11465,.F.);
#11465 = EDGE_CURVE('',#11399,#11458,#11466,.T.);
#11466 = LINE('',#11467,#11468);
#11467 = CARTESIAN_POINT('',(-15.,-65.,0.));
#11468 = VECTOR('',#11469,1.);
#11469 = DIRECTION('',(0.,0.,1.));
#11470 = PLANE('',#11471);
#11471 = AXIS2_PLACEMENT_3D('',#11472,#11473,#11474);
#11472 = CARTESIAN_POINT('',(-8.,-65.,2.));
#11473 = DIRECTION('',(0.,1.,0.));
#11474 = DIRECTION('',(0.,-0.,1.));
#11475 = ADVANCED_FACE('',(#11476),#11551,.F.);
#11476 = FACE_BOUND('',#11477,.T.);
#11477 = EDGE_LOOP('',(#11478,#11488,#11496,#11504,#11512,#11518,#11519,
    #11520,#11521,#11529,#11537,#11545));
#11478 = ORIENTED_EDGE('',*,*,#11479,.T.);
#11479 = EDGE_CURVE('',#11480,#11482,#11484,.T.);
#11480 = VERTEX_POINT('',#11481);
#11481 = CARTESIAN_POINT('',(15.,25.,0.));
#11482 = VERTEX_POINT('',#11483);
#11483 = CARTESIAN_POINT('',(-15.,25.,0.));
#11484 = LINE('',#11485,#11486);
#11485 = CARTESIAN_POINT('',(-8.,25.,0.));
#11486 = VECTOR('',#11487,1.);
#11487 = DIRECTION('',(-1.,-0.,-0.));
#11488 = ORIENTED_EDGE('',*,*,#11489,.F.);
#11489 = EDGE_CURVE('',#11490,#11482,#11492,.T.);
#11490 = VERTEX_POINT('',#11491);
#11491 = CARTESIAN_POINT('',(-15.,25.,6.));
#11492 = LINE('',#11493,#11494);
#11493 = CARTESIAN_POINT('',(-15.,25.,6.));
#11494 = VECTOR('',#11495,1.);
#11495 = DIRECTION('',(0.,0.,-1.));
#11496 = ORIENTED_EDGE('',*,*,#11497,.F.);
#11497 = EDGE_CURVE('',#11498,#11490,#11500,.T.);
#11498 = VERTEX_POINT('',#11499);
#11499 = CARTESIAN_POINT('',(-5.,25.,6.));
#11500 = LINE('',#11501,#11502);
#11501 = CARTESIAN_POINT('',(-8.,25.,6.));
#11502 = VECTOR('',#11503,1.);
#11503 = DIRECTION('',(-1.,-0.,-0.));
#11504 = ORIENTED_EDGE('',*,*,#11505,.F.);
#11505 = EDGE_CURVE('',#11506,#11498,#11508,.T.);
#11506 = VERTEX_POINT('',#11507);
#11507 = CARTESIAN_POINT('',(-5.,25.,4.5));
#11508 = LINE('',#11509,#11510);
#11509 = CARTESIAN_POINT('',(-5.,25.,6.));
#11510 = VECTOR('',#11511,1.);
#11511 = DIRECTION('',(-0.,-0.,1.));
#11512 = ORIENTED_EDGE('',*,*,#11513,.T.);
#11513 = EDGE_CURVE('',#11506,#11339,#11514,.T.);
#11514 = LINE('',#11515,#11516);
#11515 = CARTESIAN_POINT('',(-5.,25.,4.5));
#11516 = VECTOR('',#11517,1.);
#11517 = DIRECTION('',(-1.,-1.200962406445E-16,-0.));
#11518 = ORIENTED_EDGE('',*,*,#11362,.T.);
#11519 = ORIENTED_EDGE('',*,*,#11383,.F.);
#11520 = ORIENTED_EDGE('',*,*,#11306,.F.);
#11521 = ORIENTED_EDGE('',*,*,#11522,.F.);
#11522 = EDGE_CURVE('',#11523,#11297,#11525,.T.);
#11523 = VERTEX_POINT('',#11524);
#11524 = CARTESIAN_POINT('',(5.,25.,4.5));
#11525 = LINE('',#11526,#11527);
#11526 = CARTESIAN_POINT('',(5.,25.,4.5));
#11527 = VECTOR('',#11528,1.);
#11528 = DIRECTION('',(1.,1.334402673828E-16,-0.));
#11529 = ORIENTED_EDGE('',*,*,#11530,.F.);
#11530 = EDGE_CURVE('',#11531,#11523,#11533,.T.);
#11531 = VERTEX_POINT('',#11532);
#11532 = CARTESIAN_POINT('',(5.,25.,6.));
#11533 = LINE('',#11534,#11535);
#11534 = CARTESIAN_POINT('',(5.,25.,6.));
#11535 = VECTOR('',#11536,1.);
#11536 = DIRECTION('',(0.,0.,-1.));
#11537 = ORIENTED_EDGE('',*,*,#11538,.F.);
#11538 = EDGE_CURVE('',#11539,#11531,#11541,.T.);
#11539 = VERTEX_POINT('',#11540);
#11540 = CARTESIAN_POINT('',(15.,25.,6.));
#11541 = LINE('',#11542,#11543);
#11542 = CARTESIAN_POINT('',(8.,25.,6.));
#11543 = VECTOR('',#11544,1.);
#11544 = DIRECTION('',(-1.,0.,0.));
#11545 = ORIENTED_EDGE('',*,*,#11546,.F.);
#11546 = EDGE_CURVE('',#11480,#11539,#11547,.T.);
#11547 = LINE('',#11548,#11549);
#11548 = CARTESIAN_POINT('',(15.,25.,0.));
#11549 = VECTOR('',#11550,1.);
#11550 = DIRECTION('',(0.,0.,1.));
#11551 = PLANE('',#11552);
#11552 = AXIS2_PLACEMENT_3D('',#11553,#11554,#11555);
#11553 = CARTESIAN_POINT('',(-8.,25.,2.));
#11554 = DIRECTION('',(0.,-1.,0.));
#11555 = DIRECTION('',(0.,-0.,-1.));
#11556 = ADVANCED_FACE('',(#11557),#11573,.F.);
#11557 = FACE_BOUND('',#11558,.T.);
#11558 = EDGE_LOOP('',(#11559,#11560,#11566,#11567));
#11559 = ORIENTED_EDGE('',*,*,#11398,.F.);
#11560 = ORIENTED_EDGE('',*,*,#11561,.F.);
#11561 = EDGE_CURVE('',#11482,#11399,#11562,.T.);
#11562 = LINE('',#11563,#11564);
#11563 = CARTESIAN_POINT('',(-15.,25.,0.));
#11564 = VECTOR('',#11565,1.);
#11565 = DIRECTION('',(1.349229370204E-16,-1.,0.));
#11566 = ORIENTED_EDGE('',*,*,#11479,.F.);
#11567 = ORIENTED_EDGE('',*,*,#11568,.F.);
#11568 = EDGE_CURVE('',#11401,#11480,#11569,.T.);
#11569 = LINE('',#11570,#11571);
#11570 = CARTESIAN_POINT('',(15.,25.,0.));
#11571 = VECTOR('',#11572,1.);
#11572 = DIRECTION('',(-1.349229370204E-16,1.,-0.));
#11573 = PLANE('',#11574);
#11574 = AXIS2_PLACEMENT_3D('',#11575,#11576,#11577);
#11575 = CARTESIAN_POINT('',(0.,0.,0.));
#11576 = DIRECTION('',(-0.,0.,1.));
#11577 = DIRECTION('',(1.,0.,0.));
#11578 = ADVANCED_FACE('',(#11579),#11595,.T.);
#11579 = FACE_BOUND('',#11580,.T.);
#11580 = EDGE_LOOP('',(#11581,#11582,#11588,#11589));
#11581 = ORIENTED_EDGE('',*,*,#11497,.T.);
#11582 = ORIENTED_EDGE('',*,*,#11583,.F.);
#11583 = EDGE_CURVE('',#11458,#11490,#11584,.T.);
#11584 = LINE('',#11585,#11586);
#11585 = CARTESIAN_POINT('',(-15.,-65.,6.));
#11586 = VECTOR('',#11587,1.);
#11587 = DIRECTION('',(-1.349229370204E-16,1.,0.));
#11588 = ORIENTED_EDGE('',*,*,#11457,.T.);
#11589 = ORIENTED_EDGE('',*,*,#11590,.F.);
#11590 = EDGE_CURVE('',#11498,#11450,#11591,.T.);
#11591 = LINE('',#11592,#11593);
#11592 = CARTESIAN_POINT('',(-5.,25.,6.));
#11593 = VECTOR('',#11594,1.);
#11594 = DIRECTION('',(1.156482317318E-16,-1.,0.));
#11595 = PLANE('',#11596);
#11596 = AXIS2_PLACEMENT_3D('',#11597,#11598,#11599);
#11597 = CARTESIAN_POINT('',(0.,0.,6.));
#11598 = DIRECTION('',(-0.,0.,1.));
#11599 = DIRECTION('',(1.,0.,0.));
#11600 = ADVANCED_FACE('',(#11601),#11617,.F.);
#11601 = FACE_BOUND('',#11602,.T.);
#11602 = EDGE_LOOP('',(#11603,#11604,#11610,#11611));
#11603 = ORIENTED_EDGE('',*,*,#11416,.T.);
#11604 = ORIENTED_EDGE('',*,*,#11605,.F.);
#11605 = EDGE_CURVE('',#11539,#11409,#11606,.T.);
#11606 = LINE('',#11607,#11608);
#11607 = CARTESIAN_POINT('',(15.,25.,6.));
#11608 = VECTOR('',#11609,1.);
#11609 = DIRECTION('',(1.349229370204E-16,-1.,-1.252855843761E-16));
#11610 = ORIENTED_EDGE('',*,*,#11538,.T.);
#11611 = ORIENTED_EDGE('',*,*,#11612,.F.);
#11612 = EDGE_CURVE('',#11417,#11531,#11613,.T.);
#11613 = LINE('',#11614,#11615);
#11614 = CARTESIAN_POINT('',(5.,25.,6.));
#11615 = VECTOR('',#11616,1.);
#11616 = DIRECTION('',(-1.349229370204E-16,1.,-0.));
#11617 = PLANE('',#11618);
#11618 = AXIS2_PLACEMENT_3D('',#11619,#11620,#11621);
#11619 = CARTESIAN_POINT('',(0.,0.,6.));
#11620 = DIRECTION('',(0.,0.,-1.));
#11621 = DIRECTION('',(-1.,0.,0.));
#11622 = ADVANCED_FACE('',(#11623),#11634,.F.);
#11623 = FACE_BOUND('',#11624,.T.);
#11624 = EDGE_LOOP('',(#11625,#11626,#11627,#11633));
#11625 = ORIENTED_EDGE('',*,*,#11336,.T.);
#11626 = ORIENTED_EDGE('',*,*,#11513,.F.);
#11627 = ORIENTED_EDGE('',*,*,#11628,.F.);
#11628 = EDGE_CURVE('',#11442,#11506,#11629,.T.);
#11629 = LINE('',#11630,#11631);
#11630 = CARTESIAN_POINT('',(-5.,25.,4.5));
#11631 = VECTOR('',#11632,1.);
#11632 = DIRECTION('',(-1.156482317318E-16,1.,1.734723475977E-16));
#11633 = ORIENTED_EDGE('',*,*,#11441,.T.);
#11634 = PLANE('',#11635);
#11635 = AXIS2_PLACEMENT_3D('',#11636,#11637,#11638);
#11636 = CARTESIAN_POINT('',(-5.,25.,4.5));
#11637 = DIRECTION('',(2.083337680227E-32,-1.734723475977E-16,1.));
#11638 = DIRECTION('',(-2.856887641969E-64,-1.,-1.734723475977E-16));
#11639 = ADVANCED_FACE('',(#11640),#11646,.T.);
#11640 = FACE_BOUND('',#11641,.T.);
#11641 = EDGE_LOOP('',(#11642,#11643,#11644,#11645));
#11642 = ORIENTED_EDGE('',*,*,#11590,.T.);
#11643 = ORIENTED_EDGE('',*,*,#11449,.T.);
#11644 = ORIENTED_EDGE('',*,*,#11628,.T.);
#11645 = ORIENTED_EDGE('',*,*,#11505,.T.);
#11646 = PLANE('',#11647);
#11647 = AXIS2_PLACEMENT_3D('',#11648,#11649,#11650);
#11648 = CARTESIAN_POINT('',(-5.,-5.715691452898E-16,0.));
#11649 = DIRECTION('',(1.,1.156482317318E-16,0.));
#11650 = DIRECTION('',(-1.156482317318E-16,1.,0.));
#11651 = ADVANCED_FACE('',(#11652),#11663,.F.);
#11652 = FACE_BOUND('',#11653,.T.);
#11653 = EDGE_LOOP('',(#11654,#11655,#11656,#11662));
#11654 = ORIENTED_EDGE('',*,*,#11296,.T.);
#11655 = ORIENTED_EDGE('',*,*,#11432,.F.);
#11656 = ORIENTED_EDGE('',*,*,#11657,.F.);
#11657 = EDGE_CURVE('',#11523,#11425,#11658,.T.);
#11658 = LINE('',#11659,#11660);
#11659 = CARTESIAN_POINT('',(5.,25.,4.5));
#11660 = VECTOR('',#11661,1.);
#11661 = DIRECTION('',(1.349229370204E-16,-1.,1.156482317318E-16));
#11662 = ORIENTED_EDGE('',*,*,#11522,.T.);
#11663 = PLANE('',#11664);
#11664 = AXIS2_PLACEMENT_3D('',#11665,#11666,#11667);
#11665 = CARTESIAN_POINT('',(5.,25.,4.5));
#11666 = DIRECTION('',(-1.543213096464E-32,1.156482317318E-16,1.));
#11667 = DIRECTION('',(-7.616743871278E-65,-1.,1.156482317318E-16));
#11668 = ADVANCED_FACE('',(#11669),#11675,.F.);
#11669 = FACE_BOUND('',#11670,.T.);
#11670 = EDGE_LOOP('',(#11671,#11672,#11673,#11674));
#11671 = ORIENTED_EDGE('',*,*,#11612,.T.);
#11672 = ORIENTED_EDGE('',*,*,#11530,.T.);
#11673 = ORIENTED_EDGE('',*,*,#11657,.T.);
#11674 = ORIENTED_EDGE('',*,*,#11424,.T.);
#11675 = PLANE('',#11676);
#11676 = AXIS2_PLACEMENT_3D('',#11677,#11678,#11679);
#11677 = CARTESIAN_POINT('',(5.,6.768386895585E-16,0.));
#11678 = DIRECTION('',(1.,1.349229370204E-16,0.));
#11679 = DIRECTION('',(-1.349229370204E-16,1.,0.));
#11680 = ADVANCED_FACE('',(#11681),#11687,.F.);
#11681 = FACE_BOUND('',#11682,.T.);
#11682 = EDGE_LOOP('',(#11683,#11684,#11685,#11686));
#11683 = ORIENTED_EDGE('',*,*,#11568,.T.);
#11684 = ORIENTED_EDGE('',*,*,#11546,.T.);
#11685 = ORIENTED_EDGE('',*,*,#11605,.T.);
#11686 = ORIENTED_EDGE('',*,*,#11408,.T.);
#11687 = PLANE('',#11688);
#11688 = AXIS2_PLACEMENT_3D('',#11689,#11690,#11691);
#11689 = CARTESIAN_POINT('',(15.,1.969874880498E-15,0.));
#11690 = DIRECTION('',(-1.,-1.349229370204E-16,0.));
#11691 = DIRECTION('',(1.349229370204E-16,-1.,0.));
#11692 = ADVANCED_FACE('',(#11693),#11699,.T.);
#11693 = FACE_BOUND('',#11694,.T.);
#11694 = EDGE_LOOP('',(#11695,#11696,#11697,#11698));
#11695 = ORIENTED_EDGE('',*,*,#11489,.T.);
#11696 = ORIENTED_EDGE('',*,*,#11561,.T.);
#11697 = ORIENTED_EDGE('',*,*,#11465,.T.);
#11698 = ORIENTED_EDGE('',*,*,#11583,.T.);
#11699 = PLANE('',#11700);
#11700 = AXIS2_PLACEMENT_3D('',#11701,#11702,#11703);
#11701 = CARTESIAN_POINT('',(-15.,-1.969874880498E-15,0.));
#11702 = DIRECTION('',(-1.,-1.349229370204E-16,0.));
#11703 = DIRECTION('',(1.349229370204E-16,-1.,0.));
#11704 = ( GEOMETRIC_REPRESENTATION_CONTEXT(3) 
GLOBAL_UNCERTAINTY_ASSIGNED_CONTEXT((#11708)) 
GLOBAL_UNIT_ASSIGNED_CONTEXT((#11705,#11706,#11707)) 
REPRESENTATION_CONTEXT('Context #1',
  '3D Context with UNIT and UNCERTAINTY') );
#11705 = ( LENGTH_UNIT() NAMED_UNIT(*) SI_UNIT(.MILLI.,.METRE.) );
#11706 = ( NAMED_UNIT(*) PLANE_ANGLE_UNIT() SI_UNIT($,.RADIAN.) );
#11707 = ( NAMED_UNIT(*) SI_UNIT($,.STERADIAN.) SOLID_ANGLE_UNIT() );
#11708 = UNCERTAINTY_MEASURE_WITH_UNIT(LENGTH_MEASURE(1.E-07),#11705,
  'distance_accuracy_value','confusion accuracy');
#11709 = SHAPE_DEFINITION_REPRESENTATION(#11710,#11289);
#11710 = PRODUCT_DEFINITION_SHAPE('','',#11711);
#11711 = PRODUCT_DEFINITION('design','',#11712,#11715);
#11712 = PRODUCT_DEFINITION_FORMATION('','',#11713);
#11713 = PRODUCT('Guide','Guide','',(#11714));
#11714 = MECHANICAL_CONTEXT('',#2,'mechanical');
#11715 = PRODUCT_DEFINITION_CONTEXT('part definition',#2,'design');
#11716 = CONTEXT_DEPENDENT_SHAPE_REPRESENTATION(#11717,#11719);
#11717 = ( REPRESENTATION_RELATIONSHIP('','',#11289,#10) 
REPRESENTATION_RELATIONSHIP_WITH_TRANSFORMATION(#11718) 
SHAPE_REPRESENTATION_RELATIONSHIP() );
#11718 = ITEM_DEFINED_TRANSFORMATION('','',#11,#35);
#11719 = PRODUCT_DEFINITION_SHAPE('Placement','Placement of an item',
  #11720);
#11720 = NEXT_ASSEMBLY_USAGE_OCCURRENCE('6','NAUO6','',#5,#11711,$);
#11721 = PRODUCT_TYPE('part',$,(#11713));
#11722 = ADVANCED_BREP_SHAPE_REPRESENTATION('',(#11,#11723),#12457);
#11723 = MANIFOLD_SOLID_BREP('',#11724);
#11724 = CLOSED_SHELL('',(#11725,#11769,#11801,#11835,#11877,#11919,
    #11959,#12003,#12041,#12081,#12113,#12155,#12185,#12203,#12221,
    #12245,#12265,#12277,#12289,#12307,#12321,#12333,#12351,#12369,
    #12389,#12407,#12425,#12443));
#11725 = ADVANCED_FACE('',(#11726),#11764,.T.);
#11726 = FACE_BOUND('',#11727,.T.);
#11727 = EDGE_LOOP('',(#11728,#11739,#11748,#11757));
#11728 = ORIENTED_EDGE('',*,*,#11729,.T.);
#11729 = EDGE_CURVE('',#11730,#11732,#11734,.T.);
#11730 = VERTEX_POINT('',#11731);
#11731 = CARTESIAN_POINT('',(-2.,0.,-4.85));
#11732 = VERTEX_POINT('',#11733);
#11733 = CARTESIAN_POINT('',(-2.,6.031385485801E-16,4.85));
#11734 = CIRCLE('',#11735,4.85);
#11735 = AXIS2_PLACEMENT_3D('',#11736,#11737,#11738);
#11736 = CARTESIAN_POINT('',(-2.,0.,0.));
#11737 = DIRECTION('',(1.,0.,0.));
#11738 = DIRECTION('',(0.,0.,-1.));
#11739 = ORIENTED_EDGE('',*,*,#11740,.T.);
#11740 = EDGE_CURVE('',#11732,#11741,#11743,.T.);
#11741 = VERTEX_POINT('',#11742);
#11742 = CARTESIAN_POINT('',(-1.85,6.123233995737E-16,5.));
#11743 = CIRCLE('',#11744,0.15);
#11744 = AXIS2_PLACEMENT_3D('',#11745,#11746,#11747);
#11745 = CARTESIAN_POINT('',(-1.85,5.939536975865E-16,4.85));
#11746 = DIRECTION('',(0.,1.,-1.224646799147E-16));
#11747 = DIRECTION('',(0.,1.224646799147E-16,1.));
#11748 = ORIENTED_EDGE('',*,*,#11749,.F.);
#11749 = EDGE_CURVE('',#11750,#11741,#11752,.T.);
#11750 = VERTEX_POINT('',#11751);
#11751 = CARTESIAN_POINT('',(-1.85,0.,-5.));
#11752 = CIRCLE('',#11753,5.);
#11753 = AXIS2_PLACEMENT_3D('',#11754,#11755,#11756);
#11754 = CARTESIAN_POINT('',(-1.85,0.,0.));
#11755 = DIRECTION('',(1.,0.,0.));
#11756 = DIRECTION('',(0.,0.,-1.));
#11757 = ORIENTED_EDGE('',*,*,#11758,.F.);
#11758 = EDGE_CURVE('',#11730,#11750,#11759,.T.);
#11759 = CIRCLE('',#11760,0.15);
#11760 = AXIS2_PLACEMENT_3D('',#11761,#11762,#11763);
#11761 = CARTESIAN_POINT('',(-1.85,0.,-4.85));
#11762 = DIRECTION('',(0.,-1.,0.));
#11763 = DIRECTION('',(0.,0.,-1.));
#11764 = TOROIDAL_SURFACE('',#11765,4.85,0.15);
#11765 = AXIS2_PLACEMENT_3D('',#11766,#11767,#11768);
#11766 = CARTESIAN_POINT('',(-1.85,0.,0.));
#11767 = DIRECTION('',(1.,0.,0.));
#11768 = DIRECTION('',(0.,0.,-1.));
#11769 = ADVANCED_FACE('',(#11770),#11796,.T.);
#11770 = FACE_BOUND('',#11771,.T.);
#11771 = EDGE_LOOP('',(#11772,#11773,#11781,#11790));
#11772 = ORIENTED_EDGE('',*,*,#11749,.T.);
#11773 = ORIENTED_EDGE('',*,*,#11774,.T.);
#11774 = EDGE_CURVE('',#11741,#11775,#11777,.T.);
#11775 = VERTEX_POINT('',#11776);
#11776 = CARTESIAN_POINT('',(1.85,6.123233995737E-16,5.));
#11777 = LINE('',#11778,#11779);
#11778 = CARTESIAN_POINT('',(-20.6375,6.123233995737E-16,5.));
#11779 = VECTOR('',#11780,1.);
#11780 = DIRECTION('',(1.,0.,0.));
#11781 = ORIENTED_EDGE('',*,*,#11782,.F.);
#11782 = EDGE_CURVE('',#11783,#11775,#11785,.T.);
#11783 = VERTEX_POINT('',#11784);
#11784 = CARTESIAN_POINT('',(1.85,0.,-5.));
#11785 = CIRCLE('',#11786,5.);
#11786 = AXIS2_PLACEMENT_3D('',#11787,#11788,#11789);
#11787 = CARTESIAN_POINT('',(1.85,0.,0.));
#11788 = DIRECTION('',(1.,0.,0.));
#11789 = DIRECTION('',(0.,0.,-1.));
#11790 = ORIENTED_EDGE('',*,*,#11791,.F.);
#11791 = EDGE_CURVE('',#11750,#11783,#11792,.T.);
#11792 = LINE('',#11793,#11794);
#11793 = CARTESIAN_POINT('',(-20.6375,0.,-5.));
#11794 = VECTOR('',#11795,1.);
#11795 = DIRECTION('',(1.,0.,0.));
#11796 = CYLINDRICAL_SURFACE('',#11797,5.);
#11797 = AXIS2_PLACEMENT_3D('',#11798,#11799,#11800);
#11798 = CARTESIAN_POINT('',(-20.6375,0.,0.));
#11799 = DIRECTION('',(1.,0.,0.));
#11800 = DIRECTION('',(0.,0.,-1.));
#11801 = ADVANCED_FACE('',(#11802),#11830,.T.);
#11802 = FACE_BOUND('',#11803,.T.);
#11803 = EDGE_LOOP('',(#11804,#11805,#11814,#11823));
#11804 = ORIENTED_EDGE('',*,*,#11782,.T.);
#11805 = ORIENTED_EDGE('',*,*,#11806,.T.);
#11806 = EDGE_CURVE('',#11775,#11807,#11809,.T.);
#11807 = VERTEX_POINT('',#11808);
#11808 = CARTESIAN_POINT('',(2.,6.031385485801E-16,4.85));
#11809 = CIRCLE('',#11810,0.15);
#11810 = AXIS2_PLACEMENT_3D('',#11811,#11812,#11813);
#11811 = CARTESIAN_POINT('',(1.85,5.939536975865E-16,4.85));
#11812 = DIRECTION('',(0.,1.,-1.224646799147E-16));
#11813 = DIRECTION('',(0.,1.224646799147E-16,1.));
#11814 = ORIENTED_EDGE('',*,*,#11815,.F.);
#11815 = EDGE_CURVE('',#11816,#11807,#11818,.T.);
#11816 = VERTEX_POINT('',#11817);
#11817 = CARTESIAN_POINT('',(2.,0.,-4.85));
#11818 = CIRCLE('',#11819,4.85);
#11819 = AXIS2_PLACEMENT_3D('',#11820,#11821,#11822);
#11820 = CARTESIAN_POINT('',(2.,0.,0.));
#11821 = DIRECTION('',(1.,0.,0.));
#11822 = DIRECTION('',(0.,0.,-1.));
#11823 = ORIENTED_EDGE('',*,*,#11824,.F.);
#11824 = EDGE_CURVE('',#11783,#11816,#11825,.T.);
#11825 = CIRCLE('',#11826,0.15);
#11826 = AXIS2_PLACEMENT_3D('',#11827,#11828,#11829);
#11827 = CARTESIAN_POINT('',(1.85,0.,-4.85));
#11828 = DIRECTION('',(0.,-1.,0.));
#11829 = DIRECTION('',(0.,0.,-1.));
#11830 = TOROIDAL_SURFACE('',#11831,4.85,0.15);
#11831 = AXIS2_PLACEMENT_3D('',#11832,#11833,#11834);
#11832 = CARTESIAN_POINT('',(1.85,0.,0.));
#11833 = DIRECTION('',(1.,0.,0.));
#11834 = DIRECTION('',(0.,0.,-1.));
#11835 = ADVANCED_FACE('',(#11836),#11872,.F.);
#11836 = FACE_BOUND('',#11837,.F.);
#11837 = EDGE_LOOP('',(#11838,#11848,#11857,#11865));
#11838 = ORIENTED_EDGE('',*,*,#11839,.T.);
#11839 = EDGE_CURVE('',#11840,#11842,#11844,.T.);
#11840 = VERTEX_POINT('',#11841);
#11841 = CARTESIAN_POINT('',(-2.,0.,-3.95));
#11842 = VERTEX_POINT('',#11843);
#11843 = CARTESIAN_POINT('',(-0.782623792125,4.837354856632E-16,-3.95));
#11844 = LINE('',#11845,#11846);
#11845 = CARTESIAN_POINT('',(-20.6375,0.,-3.95));
#11846 = VECTOR('',#11847,1.);
#11847 = DIRECTION('',(1.,0.,0.));
#11848 = ORIENTED_EDGE('',*,*,#11849,.T.);
#11849 = EDGE_CURVE('',#11842,#11850,#11852,.T.);
#11850 = VERTEX_POINT('',#11851);
#11851 = CARTESIAN_POINT('',(-0.782623792125,0.,3.95));
#11852 = CIRCLE('',#11853,3.95);
#11853 = AXIS2_PLACEMENT_3D('',#11854,#11855,#11856);
#11854 = CARTESIAN_POINT('',(-0.782623792125,0.,0.));
#11855 = DIRECTION('',(-1.,-0.,-0.));
#11856 = DIRECTION('',(0.,0.,-1.));
#11857 = ORIENTED_EDGE('',*,*,#11858,.F.);
#11858 = EDGE_CURVE('',#11859,#11850,#11861,.T.);
#11859 = VERTEX_POINT('',#11860);
#11860 = CARTESIAN_POINT('',(-2.,4.837354856632E-16,3.95));
#11861 = LINE('',#11862,#11863);
#11862 = CARTESIAN_POINT('',(-20.6375,4.837354856632E-16,3.95));
#11863 = VECTOR('',#11864,1.);
#11864 = DIRECTION('',(1.,0.,0.));
#11865 = ORIENTED_EDGE('',*,*,#11866,.T.);
#11866 = EDGE_CURVE('',#11859,#11840,#11867,.T.);
#11867 = CIRCLE('',#11868,3.95);
#11868 = AXIS2_PLACEMENT_3D('',#11869,#11870,#11871);
#11869 = CARTESIAN_POINT('',(-2.,0.,0.));
#11870 = DIRECTION('',(1.,0.,0.));
#11871 = DIRECTION('',(0.,0.,-1.));
#11872 = CYLINDRICAL_SURFACE('',#11873,3.95);
#11873 = AXIS2_PLACEMENT_3D('',#11874,#11875,#11876);
#11874 = CARTESIAN_POINT('',(-20.6375,0.,0.));
#11875 = DIRECTION('',(1.,0.,0.));
#11876 = DIRECTION('',(0.,0.,-1.));
#11877 = ADVANCED_FACE('',(#11878),#11914,.F.);
#11878 = FACE_BOUND('',#11879,.F.);
#11879 = EDGE_LOOP('',(#11880,#11890,#11899,#11907));
#11880 = ORIENTED_EDGE('',*,*,#11881,.T.);
#11881 = EDGE_CURVE('',#11882,#11884,#11886,.T.);
#11882 = VERTEX_POINT('',#11883);
#11883 = CARTESIAN_POINT('',(0.782623792125,4.837354856632E-16,-3.95));
#11884 = VERTEX_POINT('',#11885);
#11885 = CARTESIAN_POINT('',(2.,0.,-3.95));
#11886 = LINE('',#11887,#11888);
#11887 = CARTESIAN_POINT('',(-20.6375,0.,-3.95));
#11888 = VECTOR('',#11889,1.);
#11889 = DIRECTION('',(1.,0.,0.));
#11890 = ORIENTED_EDGE('',*,*,#11891,.F.);
#11891 = EDGE_CURVE('',#11892,#11884,#11894,.T.);
#11892 = VERTEX_POINT('',#11893);
#11893 = CARTESIAN_POINT('',(2.,4.837354856632E-16,3.95));
#11894 = CIRCLE('',#11895,3.95);
#11895 = AXIS2_PLACEMENT_3D('',#11896,#11897,#11898);
#11896 = CARTESIAN_POINT('',(2.,0.,0.));
#11897 = DIRECTION('',(1.,0.,0.));
#11898 = DIRECTION('',(0.,0.,-1.));
#11899 = ORIENTED_EDGE('',*,*,#11900,.F.);
#11900 = EDGE_CURVE('',#11901,#11892,#11903,.T.);
#11901 = VERTEX_POINT('',#11902);
#11902 = CARTESIAN_POINT('',(0.782623792125,0.,3.95));
#11903 = LINE('',#11904,#11905);
#11904 = CARTESIAN_POINT('',(-20.6375,4.837354856632E-16,3.95));
#11905 = VECTOR('',#11906,1.);
#11906 = DIRECTION('',(1.,0.,0.));
#11907 = ORIENTED_EDGE('',*,*,#11908,.T.);
#11908 = EDGE_CURVE('',#11901,#11882,#11909,.T.);
#11909 = CIRCLE('',#11910,3.95);
#11910 = AXIS2_PLACEMENT_3D('',#11911,#11912,#11913);
#11911 = CARTESIAN_POINT('',(0.782623792125,0.,0.));
#11912 = DIRECTION('',(1.,0.,-0.));
#11913 = DIRECTION('',(0.,0.,1.));
#11914 = CYLINDRICAL_SURFACE('',#11915,3.95);
#11915 = AXIS2_PLACEMENT_3D('',#11916,#11917,#11918);
#11916 = CARTESIAN_POINT('',(-20.6375,0.,0.));
#11917 = DIRECTION('',(1.,0.,0.));
#11918 = DIRECTION('',(0.,0.,-1.));
#11919 = ADVANCED_FACE('',(#11920),#11954,.T.);
#11920 = FACE_BOUND('',#11921,.T.);
#11921 = EDGE_LOOP('',(#11922,#11929,#11938,#11947));
#11922 = ORIENTED_EDGE('',*,*,#11923,.T.);
#11923 = EDGE_CURVE('',#11850,#11842,#11924,.T.);
#11924 = CIRCLE('',#11925,3.95);
#11925 = AXIS2_PLACEMENT_3D('',#11926,#11927,#11928);
#11926 = CARTESIAN_POINT('',(-0.782623792125,0.,0.));
#11927 = DIRECTION('',(-1.,-0.,-0.));
#11928 = DIRECTION('',(0.,0.,-1.));
#11929 = ORIENTED_EDGE('',*,*,#11930,.T.);
#11930 = EDGE_CURVE('',#11842,#11931,#11933,.T.);
#11931 = VERTEX_POINT('',#11932);
#11932 = CARTESIAN_POINT('',(-0.782623792125,0.,-2.55));
#11933 = CIRCLE('',#11934,1.05);
#11934 = AXIS2_PLACEMENT_3D('',#11935,#11936,#11937);
#11935 = CARTESIAN_POINT('',(0.,3.980102097229E-16,-3.25));
#11936 = DIRECTION('',(-0.,1.,1.224646799147E-16));
#11937 = DIRECTION('',(0.,-1.224646799147E-16,1.));
#11938 = ORIENTED_EDGE('',*,*,#11939,.T.);
#11939 = EDGE_CURVE('',#11931,#11940,#11942,.T.);
#11940 = VERTEX_POINT('',#11941);
#11941 = CARTESIAN_POINT('',(-0.782623792125,3.122849337826E-16,2.55));
#11942 = CIRCLE('',#11943,2.55);
#11943 = AXIS2_PLACEMENT_3D('',#11944,#11945,#11946);
#11944 = CARTESIAN_POINT('',(-0.782623792125,0.,0.));
#11945 = DIRECTION('',(1.,0.,0.));
#11946 = DIRECTION('',(0.,0.,-1.));
#11947 = ORIENTED_EDGE('',*,*,#11948,.F.);
#11948 = EDGE_CURVE('',#11850,#11940,#11949,.T.);
#11949 = CIRCLE('',#11950,1.05);
#11950 = AXIS2_PLACEMENT_3D('',#11951,#11952,#11953);
#11951 = CARTESIAN_POINT('',(0.,0.,3.25));
#11952 = DIRECTION('',(0.,-1.,0.));
#11953 = DIRECTION('',(0.,0.,-1.));
#11954 = TOROIDAL_SURFACE('',#11955,3.25,1.05);
#11955 = AXIS2_PLACEMENT_3D('',#11956,#11957,#11958);
#11956 = CARTESIAN_POINT('',(0.,0.,0.));
#11957 = DIRECTION('',(-1.,-0.,-0.));
#11958 = DIRECTION('',(-0.,0.,1.));
#11959 = ADVANCED_FACE('',(#11960),#11998,.T.);
#11960 = FACE_BOUND('',#11961,.T.);
#11961 = EDGE_LOOP('',(#11962,#11973,#11982,#11991));
#11962 = ORIENTED_EDGE('',*,*,#11963,.T.);
#11963 = EDGE_CURVE('',#11964,#11966,#11968,.T.);
#11964 = VERTEX_POINT('',#11965);
#11965 = CARTESIAN_POINT('',(-1.85,0.,-1.5));
#11966 = VERTEX_POINT('',#11967);
#11967 = CARTESIAN_POINT('',(-1.85,1.836970198721E-16,1.5));
#11968 = CIRCLE('',#11969,1.5);
#11969 = AXIS2_PLACEMENT_3D('',#11970,#11971,#11972);
#11970 = CARTESIAN_POINT('',(-1.85,0.,0.));
#11971 = DIRECTION('',(1.,0.,0.));
#11972 = DIRECTION('',(0.,0.,-1.));
#11973 = ORIENTED_EDGE('',*,*,#11974,.T.);
#11974 = EDGE_CURVE('',#11966,#11975,#11977,.T.);
#11975 = VERTEX_POINT('',#11976);
#11976 = CARTESIAN_POINT('',(-2.,2.020667218593E-16,1.65));
#11977 = CIRCLE('',#11978,0.15);
#11978 = AXIS2_PLACEMENT_3D('',#11979,#11980,#11981);
#11979 = CARTESIAN_POINT('',(-1.85,2.020667218593E-16,1.65));
#11980 = DIRECTION('',(0.,1.,-1.224646799147E-16));
#11981 = DIRECTION('',(0.,1.224646799147E-16,1.));
#11982 = ORIENTED_EDGE('',*,*,#11983,.F.);
#11983 = EDGE_CURVE('',#11984,#11975,#11986,.T.);
#11984 = VERTEX_POINT('',#11985);
#11985 = CARTESIAN_POINT('',(-2.,0.,-1.65));
#11986 = CIRCLE('',#11987,1.65);
#11987 = AXIS2_PLACEMENT_3D('',#11988,#11989,#11990);
#11988 = CARTESIAN_POINT('',(-2.,0.,0.));
#11989 = DIRECTION('',(1.,0.,0.));
#11990 = DIRECTION('',(0.,0.,-1.));
#11991 = ORIENTED_EDGE('',*,*,#11992,.F.);
#11992 = EDGE_CURVE('',#11964,#11984,#11993,.T.);
#11993 = CIRCLE('',#11994,0.15);
#11994 = AXIS2_PLACEMENT_3D('',#11995,#11996,#11997);
#11995 = CARTESIAN_POINT('',(-1.85,0.,-1.65));
#11996 = DIRECTION('',(0.,-1.,0.));
#11997 = DIRECTION('',(0.,0.,-1.));
#11998 = TOROIDAL_SURFACE('',#11999,1.65,0.15);
#11999 = AXIS2_PLACEMENT_3D('',#12000,#12001,#12002);
#12000 = CARTESIAN_POINT('',(-1.85,0.,0.));
#12001 = DIRECTION('',(1.,0.,0.));
#12002 = DIRECTION('',(0.,0.,-1.));
#12003 = ADVANCED_FACE('',(#12004),#12036,.F.);
#12004 = FACE_BOUND('',#12005,.F.);
#12005 = EDGE_LOOP('',(#12006,#12014,#12023,#12029));
#12006 = ORIENTED_EDGE('',*,*,#12007,.T.);
#12007 = EDGE_CURVE('',#11964,#12008,#12010,.T.);
#12008 = VERTEX_POINT('',#12009);
#12009 = CARTESIAN_POINT('',(1.85,0.,-1.5));
#12010 = LINE('',#12011,#12012);
#12011 = CARTESIAN_POINT('',(-20.6375,0.,-1.5));
#12012 = VECTOR('',#12013,1.);
#12013 = DIRECTION('',(1.,0.,0.));
#12014 = ORIENTED_EDGE('',*,*,#12015,.F.);
#12015 = EDGE_CURVE('',#12016,#12008,#12018,.T.);
#12016 = VERTEX_POINT('',#12017);
#12017 = CARTESIAN_POINT('',(1.85,1.928818708657E-16,1.5));
#12018 = CIRCLE('',#12019,1.5);
#12019 = AXIS2_PLACEMENT_3D('',#12020,#12021,#12022);
#12020 = CARTESIAN_POINT('',(1.85,0.,0.));
#12021 = DIRECTION('',(1.,0.,0.));
#12022 = DIRECTION('',(0.,0.,-1.));
#12023 = ORIENTED_EDGE('',*,*,#12024,.F.);
#12024 = EDGE_CURVE('',#11966,#12016,#12025,.T.);
#12025 = LINE('',#12026,#12027);
#12026 = CARTESIAN_POINT('',(-20.6375,1.836970198721E-16,1.5));
#12027 = VECTOR('',#12028,1.);
#12028 = DIRECTION('',(1.,0.,0.));
#12029 = ORIENTED_EDGE('',*,*,#12030,.T.);
#12030 = EDGE_CURVE('',#11966,#11964,#12031,.T.);
#12031 = CIRCLE('',#12032,1.5);
#12032 = AXIS2_PLACEMENT_3D('',#12033,#12034,#12035);
#12033 = CARTESIAN_POINT('',(-1.85,0.,0.));
#12034 = DIRECTION('',(1.,0.,0.));
#12035 = DIRECTION('',(0.,0.,-1.));
#12036 = CYLINDRICAL_SURFACE('',#12037,1.5);
#12037 = AXIS2_PLACEMENT_3D('',#12038,#12039,#12040);
#12038 = CARTESIAN_POINT('',(-20.6375,0.,0.));
#12039 = DIRECTION('',(1.,0.,0.));
#12040 = DIRECTION('',(0.,0.,-1.));
#12041 = ADVANCED_FACE('',(#12042),#12076,.T.);
#12042 = FACE_BOUND('',#12043,.T.);
#12043 = EDGE_LOOP('',(#12044,#12055,#12062,#12069));
#12044 = ORIENTED_EDGE('',*,*,#12045,.T.);
#12045 = EDGE_CURVE('',#12046,#12048,#12050,.T.);
#12046 = VERTEX_POINT('',#12047);
#12047 = CARTESIAN_POINT('',(2.,0.,-1.65));
#12048 = VERTEX_POINT('',#12049);
#12049 = CARTESIAN_POINT('',(2.,2.020667218593E-16,1.65));
#12050 = CIRCLE('',#12051,1.65);
#12051 = AXIS2_PLACEMENT_3D('',#12052,#12053,#12054);
#12052 = CARTESIAN_POINT('',(2.,0.,0.));
#12053 = DIRECTION('',(1.,0.,0.));
#12054 = DIRECTION('',(0.,0.,-1.));
#12055 = ORIENTED_EDGE('',*,*,#12056,.T.);
#12056 = EDGE_CURVE('',#12048,#12016,#12057,.T.);
#12057 = CIRCLE('',#12058,0.15);
#12058 = AXIS2_PLACEMENT_3D('',#12059,#12060,#12061);
#12059 = CARTESIAN_POINT('',(1.85,2.020667218593E-16,1.65));
#12060 = DIRECTION('',(0.,1.,-1.224646799147E-16));
#12061 = DIRECTION('',(0.,1.224646799147E-16,1.));
#12062 = ORIENTED_EDGE('',*,*,#12063,.F.);
#12063 = EDGE_CURVE('',#12008,#12016,#12064,.T.);
#12064 = CIRCLE('',#12065,1.5);
#12065 = AXIS2_PLACEMENT_3D('',#12066,#12067,#12068);
#12066 = CARTESIAN_POINT('',(1.85,0.,0.));
#12067 = DIRECTION('',(1.,0.,0.));
#12068 = DIRECTION('',(0.,0.,-1.));
#12069 = ORIENTED_EDGE('',*,*,#12070,.F.);
#12070 = EDGE_CURVE('',#12046,#12008,#12071,.T.);
#12071 = CIRCLE('',#12072,0.15);
#12072 = AXIS2_PLACEMENT_3D('',#12073,#12074,#12075);
#12073 = CARTESIAN_POINT('',(1.85,0.,-1.65));
#12074 = DIRECTION('',(0.,-1.,0.));
#12075 = DIRECTION('',(0.,0.,-1.));
#12076 = TOROIDAL_SURFACE('',#12077,1.65,0.15);
#12077 = AXIS2_PLACEMENT_3D('',#12078,#12079,#12080);
#12078 = CARTESIAN_POINT('',(1.85,0.,0.));
#12079 = DIRECTION('',(1.,0.,0.));
#12080 = DIRECTION('',(0.,0.,-1.));
#12081 = ADVANCED_FACE('',(#12082),#12108,.T.);
#12082 = FACE_BOUND('',#12083,.T.);
#12083 = EDGE_LOOP('',(#12084,#12095,#12101,#12102));
#12084 = ORIENTED_EDGE('',*,*,#12085,.T.);
#12085 = EDGE_CURVE('',#12086,#12088,#12090,.T.);
#12086 = VERTEX_POINT('',#12087);
#12087 = CARTESIAN_POINT('',(-2.,0.,-2.55));
#12088 = VERTEX_POINT('',#12089);
#12089 = CARTESIAN_POINT('',(-2.,3.122849337826E-16,2.55));
#12090 = CIRCLE('',#12091,2.55);
#12091 = AXIS2_PLACEMENT_3D('',#12092,#12093,#12094);
#12092 = CARTESIAN_POINT('',(-2.,0.,0.));
#12093 = DIRECTION('',(1.,0.,0.));
#12094 = DIRECTION('',(0.,0.,-1.));
#12095 = ORIENTED_EDGE('',*,*,#12096,.T.);
#12096 = EDGE_CURVE('',#12088,#11940,#12097,.T.);
#12097 = LINE('',#12098,#12099);
#12098 = CARTESIAN_POINT('',(-20.6375,3.122849337826E-16,2.55));
#12099 = VECTOR('',#12100,1.);
#12100 = DIRECTION('',(1.,0.,0.));
#12101 = ORIENTED_EDGE('',*,*,#11939,.F.);
#12102 = ORIENTED_EDGE('',*,*,#12103,.F.);
#12103 = EDGE_CURVE('',#12086,#11931,#12104,.T.);
#12104 = LINE('',#12105,#12106);
#12105 = CARTESIAN_POINT('',(-20.6375,0.,-2.55));
#12106 = VECTOR('',#12107,1.);
#12107 = DIRECTION('',(1.,0.,0.));
#12108 = CYLINDRICAL_SURFACE('',#12109,2.55);
#12109 = AXIS2_PLACEMENT_3D('',#12110,#12111,#12112);
#12110 = CARTESIAN_POINT('',(-20.6375,0.,0.));
#12111 = DIRECTION('',(1.,0.,0.));
#12112 = DIRECTION('',(0.,0.,-1.));
#12113 = ADVANCED_FACE('',(#12114),#12150,.T.);
#12114 = FACE_BOUND('',#12115,.T.);
#12115 = EDGE_LOOP('',(#12116,#12127,#12135,#12144));
#12116 = ORIENTED_EDGE('',*,*,#12117,.F.);
#12117 = EDGE_CURVE('',#12118,#12120,#12122,.T.);
#12118 = VERTEX_POINT('',#12119);
#12119 = CARTESIAN_POINT('',(0.782623792125,0.,2.55));
#12120 = VERTEX_POINT('',#12121);
#12121 = CARTESIAN_POINT('',(0.782623792125,3.980102097229E-16,-2.55));
#12122 = CIRCLE('',#12123,2.55);
#12123 = AXIS2_PLACEMENT_3D('',#12124,#12125,#12126);
#12124 = CARTESIAN_POINT('',(0.782623792125,0.,0.));
#12125 = DIRECTION('',(-1.,0.,-0.));
#12126 = DIRECTION('',(-0.,0.,1.));
#12127 = ORIENTED_EDGE('',*,*,#12128,.T.);
#12128 = EDGE_CURVE('',#12118,#12129,#12131,.T.);
#12129 = VERTEX_POINT('',#12130);
#12130 = CARTESIAN_POINT('',(2.,3.122849337826E-16,2.55));
#12131 = LINE('',#12132,#12133);
#12132 = CARTESIAN_POINT('',(-20.6375,3.122849337826E-16,2.55));
#12133 = VECTOR('',#12134,1.);
#12134 = DIRECTION('',(1.,0.,0.));
#12135 = ORIENTED_EDGE('',*,*,#12136,.F.);
#12136 = EDGE_CURVE('',#12137,#12129,#12139,.T.);
#12137 = VERTEX_POINT('',#12138);
#12138 = CARTESIAN_POINT('',(2.,0.,-2.55));
#12139 = CIRCLE('',#12140,2.55);
#12140 = AXIS2_PLACEMENT_3D('',#12141,#12142,#12143);
#12141 = CARTESIAN_POINT('',(2.,0.,0.));
#12142 = DIRECTION('',(1.,0.,0.));
#12143 = DIRECTION('',(0.,0.,-1.));
#12144 = ORIENTED_EDGE('',*,*,#12145,.F.);
#12145 = EDGE_CURVE('',#12120,#12137,#12146,.T.);
#12146 = LINE('',#12147,#12148);
#12147 = CARTESIAN_POINT('',(-20.6375,0.,-2.55));
#12148 = VECTOR('',#12149,1.);
#12149 = DIRECTION('',(1.,0.,0.));
#12150 = CYLINDRICAL_SURFACE('',#12151,2.55);
#12151 = AXIS2_PLACEMENT_3D('',#12152,#12153,#12154);
#12152 = CARTESIAN_POINT('',(-20.6375,0.,0.));
#12153 = DIRECTION('',(1.,0.,0.));
#12154 = DIRECTION('',(0.,0.,-1.));
#12155 = ADVANCED_FACE('',(#12156),#12180,.T.);
#12156 = FACE_BOUND('',#12157,.T.);
#12157 = EDGE_LOOP('',(#12158,#12159,#12166,#12173));
#12158 = ORIENTED_EDGE('',*,*,#12117,.T.);
#12159 = ORIENTED_EDGE('',*,*,#12160,.T.);
#12160 = EDGE_CURVE('',#12120,#11882,#12161,.T.);
#12161 = CIRCLE('',#12162,1.05);
#12162 = AXIS2_PLACEMENT_3D('',#12163,#12164,#12165);
#12163 = CARTESIAN_POINT('',(0.,3.980102097229E-16,-3.25));
#12164 = DIRECTION('',(-0.,1.,1.224646799147E-16));
#12165 = DIRECTION('',(0.,-1.224646799147E-16,1.));
#12166 = ORIENTED_EDGE('',*,*,#12167,.T.);
#12167 = EDGE_CURVE('',#11882,#11901,#12168,.T.);
#12168 = CIRCLE('',#12169,3.95);
#12169 = AXIS2_PLACEMENT_3D('',#12170,#12171,#12172);
#12170 = CARTESIAN_POINT('',(0.782623792125,0.,0.));
#12171 = DIRECTION('',(1.,0.,-0.));
#12172 = DIRECTION('',(0.,0.,1.));
#12173 = ORIENTED_EDGE('',*,*,#12174,.F.);
#12174 = EDGE_CURVE('',#12118,#11901,#12175,.T.);
#12175 = CIRCLE('',#12176,1.05);
#12176 = AXIS2_PLACEMENT_3D('',#12177,#12178,#12179);
#12177 = CARTESIAN_POINT('',(0.,0.,3.25));
#12178 = DIRECTION('',(0.,-1.,0.));
#12179 = DIRECTION('',(0.,0.,-1.));
#12180 = TOROIDAL_SURFACE('',#12181,3.25,1.05);
#12181 = AXIS2_PLACEMENT_3D('',#12182,#12183,#12184);
#12182 = CARTESIAN_POINT('',(0.,0.,0.));
#12183 = DIRECTION('',(-1.,-0.,-0.));
#12184 = DIRECTION('',(-0.,0.,1.));
#12185 = ADVANCED_FACE('',(#12186),#12198,.T.);
#12186 = FACE_BOUND('',#12187,.T.);
#12187 = EDGE_LOOP('',(#12188,#12189,#12196,#12197));
#12188 = ORIENTED_EDGE('',*,*,#12160,.F.);
#12189 = ORIENTED_EDGE('',*,*,#12190,.T.);
#12190 = EDGE_CURVE('',#12120,#12118,#12191,.T.);
#12191 = CIRCLE('',#12192,2.55);
#12192 = AXIS2_PLACEMENT_3D('',#12193,#12194,#12195);
#12193 = CARTESIAN_POINT('',(0.782623792125,0.,0.));
#12194 = DIRECTION('',(-1.,0.,-0.));
#12195 = DIRECTION('',(-0.,0.,1.));
#12196 = ORIENTED_EDGE('',*,*,#12174,.T.);
#12197 = ORIENTED_EDGE('',*,*,#11908,.T.);
#12198 = TOROIDAL_SURFACE('',#12199,3.25,1.05);
#12199 = AXIS2_PLACEMENT_3D('',#12200,#12201,#12202);
#12200 = CARTESIAN_POINT('',(0.,0.,0.));
#12201 = DIRECTION('',(-1.,-0.,-0.));
#12202 = DIRECTION('',(-0.,0.,1.));
#12203 = ADVANCED_FACE('',(#12204),#12216,.T.);
#12204 = FACE_BOUND('',#12205,.T.);
#12205 = EDGE_LOOP('',(#12206,#12207,#12208,#12209));
#12206 = ORIENTED_EDGE('',*,*,#12128,.F.);
#12207 = ORIENTED_EDGE('',*,*,#12190,.F.);
#12208 = ORIENTED_EDGE('',*,*,#12145,.T.);
#12209 = ORIENTED_EDGE('',*,*,#12210,.F.);
#12210 = EDGE_CURVE('',#12129,#12137,#12211,.T.);
#12211 = CIRCLE('',#12212,2.55);
#12212 = AXIS2_PLACEMENT_3D('',#12213,#12214,#12215);
#12213 = CARTESIAN_POINT('',(2.,0.,0.));
#12214 = DIRECTION('',(1.,0.,0.));
#12215 = DIRECTION('',(0.,0.,-1.));
#12216 = CYLINDRICAL_SURFACE('',#12217,2.55);
#12217 = AXIS2_PLACEMENT_3D('',#12218,#12219,#12220);
#12218 = CARTESIAN_POINT('',(-20.6375,0.,0.));
#12219 = DIRECTION('',(1.,0.,0.));
#12220 = DIRECTION('',(0.,0.,-1.));
#12221 = ADVANCED_FACE('',(#12222),#12240,.T.);
#12222 = FACE_BOUND('',#12223,.T.);
#12223 = EDGE_LOOP('',(#12224,#12225,#12232,#12233));
#12224 = ORIENTED_EDGE('',*,*,#12096,.F.);
#12225 = ORIENTED_EDGE('',*,*,#12226,.T.);
#12226 = EDGE_CURVE('',#12088,#12086,#12227,.T.);
#12227 = CIRCLE('',#12228,2.55);
#12228 = AXIS2_PLACEMENT_3D('',#12229,#12230,#12231);
#12229 = CARTESIAN_POINT('',(-2.,0.,0.));
#12230 = DIRECTION('',(1.,0.,0.));
#12231 = DIRECTION('',(0.,0.,-1.));
#12232 = ORIENTED_EDGE('',*,*,#12103,.T.);
#12233 = ORIENTED_EDGE('',*,*,#12234,.F.);
#12234 = EDGE_CURVE('',#11940,#11931,#12235,.T.);
#12235 = CIRCLE('',#12236,2.55);
#12236 = AXIS2_PLACEMENT_3D('',#12237,#12238,#12239);
#12237 = CARTESIAN_POINT('',(-0.782623792125,0.,0.));
#12238 = DIRECTION('',(1.,0.,0.));
#12239 = DIRECTION('',(0.,0.,-1.));
#12240 = CYLINDRICAL_SURFACE('',#12241,2.55);
#12241 = AXIS2_PLACEMENT_3D('',#12242,#12243,#12244);
#12242 = CARTESIAN_POINT('',(-20.6375,0.,0.));
#12243 = DIRECTION('',(1.,0.,0.));
#12244 = DIRECTION('',(0.,0.,-1.));
#12245 = ADVANCED_FACE('',(#12246,#12250),#12260,.T.);
#12246 = FACE_BOUND('',#12247,.T.);
#12247 = EDGE_LOOP('',(#12248,#12249));
#12248 = ORIENTED_EDGE('',*,*,#12136,.T.);
#12249 = ORIENTED_EDGE('',*,*,#12210,.T.);
#12250 = FACE_BOUND('',#12251,.T.);
#12251 = EDGE_LOOP('',(#12252,#12253));
#12252 = ORIENTED_EDGE('',*,*,#12045,.F.);
#12253 = ORIENTED_EDGE('',*,*,#12254,.F.);
#12254 = EDGE_CURVE('',#12048,#12046,#12255,.T.);
#12255 = CIRCLE('',#12256,1.65);
#12256 = AXIS2_PLACEMENT_3D('',#12257,#12258,#12259);
#12257 = CARTESIAN_POINT('',(2.,0.,0.));
#12258 = DIRECTION('',(1.,0.,0.));
#12259 = DIRECTION('',(0.,0.,-1.));
#12260 = PLANE('',#12261);
#12261 = AXIS2_PLACEMENT_3D('',#12262,#12263,#12264);
#12262 = CARTESIAN_POINT('',(2.,1.65,0.));
#12263 = DIRECTION('',(1.,0.,0.));
#12264 = DIRECTION('',(0.,0.,-1.));
#12265 = ADVANCED_FACE('',(#12266),#12272,.T.);
#12266 = FACE_BOUND('',#12267,.T.);
#12267 = EDGE_LOOP('',(#12268,#12269,#12270,#12271));
#12268 = ORIENTED_EDGE('',*,*,#12056,.F.);
#12269 = ORIENTED_EDGE('',*,*,#12254,.T.);
#12270 = ORIENTED_EDGE('',*,*,#12070,.T.);
#12271 = ORIENTED_EDGE('',*,*,#12015,.F.);
#12272 = TOROIDAL_SURFACE('',#12273,1.65,0.15);
#12273 = AXIS2_PLACEMENT_3D('',#12274,#12275,#12276);
#12274 = CARTESIAN_POINT('',(1.85,0.,0.));
#12275 = DIRECTION('',(1.,0.,0.));
#12276 = DIRECTION('',(0.,0.,-1.));
#12277 = ADVANCED_FACE('',(#12278),#12284,.F.);
#12278 = FACE_BOUND('',#12279,.F.);
#12279 = EDGE_LOOP('',(#12280,#12281,#12282,#12283));
#12280 = ORIENTED_EDGE('',*,*,#12063,.F.);
#12281 = ORIENTED_EDGE('',*,*,#12007,.F.);
#12282 = ORIENTED_EDGE('',*,*,#11963,.T.);
#12283 = ORIENTED_EDGE('',*,*,#12024,.T.);
#12284 = CYLINDRICAL_SURFACE('',#12285,1.5);
#12285 = AXIS2_PLACEMENT_3D('',#12286,#12287,#12288);
#12286 = CARTESIAN_POINT('',(-20.6375,0.,0.));
#12287 = DIRECTION('',(1.,0.,0.));
#12288 = DIRECTION('',(0.,0.,-1.));
#12289 = ADVANCED_FACE('',(#12290),#12302,.T.);
#12290 = FACE_BOUND('',#12291,.T.);
#12291 = EDGE_LOOP('',(#12292,#12293,#12294,#12295));
#12292 = ORIENTED_EDGE('',*,*,#11974,.F.);
#12293 = ORIENTED_EDGE('',*,*,#12030,.T.);
#12294 = ORIENTED_EDGE('',*,*,#11992,.T.);
#12295 = ORIENTED_EDGE('',*,*,#12296,.F.);
#12296 = EDGE_CURVE('',#11975,#11984,#12297,.T.);
#12297 = CIRCLE('',#12298,1.65);
#12298 = AXIS2_PLACEMENT_3D('',#12299,#12300,#12301);
#12299 = CARTESIAN_POINT('',(-2.,0.,0.));
#12300 = DIRECTION('',(1.,0.,0.));
#12301 = DIRECTION('',(0.,0.,-1.));
#12302 = TOROIDAL_SURFACE('',#12303,1.65,0.15);
#12303 = AXIS2_PLACEMENT_3D('',#12304,#12305,#12306);
#12304 = CARTESIAN_POINT('',(-1.85,0.,0.));
#12305 = DIRECTION('',(1.,0.,0.));
#12306 = DIRECTION('',(0.,0.,-1.));
#12307 = ADVANCED_FACE('',(#12308,#12312),#12316,.T.);
#12308 = FACE_BOUND('',#12309,.T.);
#12309 = EDGE_LOOP('',(#12310,#12311));
#12310 = ORIENTED_EDGE('',*,*,#11983,.T.);
#12311 = ORIENTED_EDGE('',*,*,#12296,.T.);
#12312 = FACE_BOUND('',#12313,.T.);
#12313 = EDGE_LOOP('',(#12314,#12315));
#12314 = ORIENTED_EDGE('',*,*,#12085,.F.);
#12315 = ORIENTED_EDGE('',*,*,#12226,.F.);
#12316 = PLANE('',#12317);
#12317 = AXIS2_PLACEMENT_3D('',#12318,#12319,#12320);
#12318 = CARTESIAN_POINT('',(-2.,2.55,0.));
#12319 = DIRECTION('',(-1.,0.,-0.));
#12320 = DIRECTION('',(0.,0.,1.));
#12321 = ADVANCED_FACE('',(#12322),#12328,.T.);
#12322 = FACE_BOUND('',#12323,.T.);
#12323 = EDGE_LOOP('',(#12324,#12325,#12326,#12327));
#12324 = ORIENTED_EDGE('',*,*,#11930,.F.);
#12325 = ORIENTED_EDGE('',*,*,#11849,.T.);
#12326 = ORIENTED_EDGE('',*,*,#11948,.T.);
#12327 = ORIENTED_EDGE('',*,*,#12234,.T.);
#12328 = TOROIDAL_SURFACE('',#12329,3.25,1.05);
#12329 = AXIS2_PLACEMENT_3D('',#12330,#12331,#12332);
#12330 = CARTESIAN_POINT('',(0.,0.,0.));
#12331 = DIRECTION('',(-1.,-0.,-0.));
#12332 = DIRECTION('',(-0.,0.,1.));
#12333 = ADVANCED_FACE('',(#12334),#12346,.F.);
#12334 = FACE_BOUND('',#12335,.F.);
#12335 = EDGE_LOOP('',(#12336,#12343,#12344,#12345));
#12336 = ORIENTED_EDGE('',*,*,#12337,.F.);
#12337 = EDGE_CURVE('',#11884,#11892,#12338,.T.);
#12338 = CIRCLE('',#12339,3.95);
#12339 = AXIS2_PLACEMENT_3D('',#12340,#12341,#12342);
#12340 = CARTESIAN_POINT('',(2.,0.,0.));
#12341 = DIRECTION('',(1.,0.,0.));
#12342 = DIRECTION('',(0.,0.,-1.));
#12343 = ORIENTED_EDGE('',*,*,#11881,.F.);
#12344 = ORIENTED_EDGE('',*,*,#12167,.T.);
#12345 = ORIENTED_EDGE('',*,*,#11900,.T.);
#12346 = CYLINDRICAL_SURFACE('',#12347,3.95);
#12347 = AXIS2_PLACEMENT_3D('',#12348,#12349,#12350);
#12348 = CARTESIAN_POINT('',(-20.6375,0.,0.));
#12349 = DIRECTION('',(1.,0.,0.));
#12350 = DIRECTION('',(0.,0.,-1.));
#12351 = ADVANCED_FACE('',(#12352),#12364,.F.);
#12352 = FACE_BOUND('',#12353,.F.);
#12353 = EDGE_LOOP('',(#12354,#12355,#12356,#12363));
#12354 = ORIENTED_EDGE('',*,*,#11923,.T.);
#12355 = ORIENTED_EDGE('',*,*,#11839,.F.);
#12356 = ORIENTED_EDGE('',*,*,#12357,.T.);
#12357 = EDGE_CURVE('',#11840,#11859,#12358,.T.);
#12358 = CIRCLE('',#12359,3.95);
#12359 = AXIS2_PLACEMENT_3D('',#12360,#12361,#12362);
#12360 = CARTESIAN_POINT('',(-2.,0.,0.));
#12361 = DIRECTION('',(1.,0.,0.));
#12362 = DIRECTION('',(0.,0.,-1.));
#12363 = ORIENTED_EDGE('',*,*,#11858,.T.);
#12364 = CYLINDRICAL_SURFACE('',#12365,3.95);
#12365 = AXIS2_PLACEMENT_3D('',#12366,#12367,#12368);
#12366 = CARTESIAN_POINT('',(-20.6375,0.,0.));
#12367 = DIRECTION('',(1.,0.,0.));
#12368 = DIRECTION('',(0.,0.,-1.));
#12369 = ADVANCED_FACE('',(#12370,#12380),#12384,.T.);
#12370 = FACE_BOUND('',#12371,.T.);
#12371 = EDGE_LOOP('',(#12372,#12373));
#12372 = ORIENTED_EDGE('',*,*,#11815,.T.);
#12373 = ORIENTED_EDGE('',*,*,#12374,.T.);
#12374 = EDGE_CURVE('',#11807,#11816,#12375,.T.);
#12375 = CIRCLE('',#12376,4.85);
#12376 = AXIS2_PLACEMENT_3D('',#12377,#12378,#12379);
#12377 = CARTESIAN_POINT('',(2.,0.,0.));
#12378 = DIRECTION('',(1.,0.,0.));
#12379 = DIRECTION('',(0.,0.,-1.));
#12380 = FACE_BOUND('',#12381,.T.);
#12381 = EDGE_LOOP('',(#12382,#12383));
#12382 = ORIENTED_EDGE('',*,*,#12337,.F.);
#12383 = ORIENTED_EDGE('',*,*,#11891,.F.);
#12384 = PLANE('',#12385);
#12385 = AXIS2_PLACEMENT_3D('',#12386,#12387,#12388);
#12386 = CARTESIAN_POINT('',(2.,4.85,0.));
#12387 = DIRECTION('',(1.,0.,0.));
#12388 = DIRECTION('',(0.,0.,-1.));
#12389 = ADVANCED_FACE('',(#12390),#12402,.T.);
#12390 = FACE_BOUND('',#12391,.T.);
#12391 = EDGE_LOOP('',(#12392,#12393,#12400,#12401));
#12392 = ORIENTED_EDGE('',*,*,#11806,.F.);
#12393 = ORIENTED_EDGE('',*,*,#12394,.T.);
#12394 = EDGE_CURVE('',#11775,#11783,#12395,.T.);
#12395 = CIRCLE('',#12396,5.);
#12396 = AXIS2_PLACEMENT_3D('',#12397,#12398,#12399);
#12397 = CARTESIAN_POINT('',(1.85,0.,0.));
#12398 = DIRECTION('',(1.,0.,0.));
#12399 = DIRECTION('',(0.,0.,-1.));
#12400 = ORIENTED_EDGE('',*,*,#11824,.T.);
#12401 = ORIENTED_EDGE('',*,*,#12374,.F.);
#12402 = TOROIDAL_SURFACE('',#12403,4.85,0.15);
#12403 = AXIS2_PLACEMENT_3D('',#12404,#12405,#12406);
#12404 = CARTESIAN_POINT('',(1.85,0.,0.));
#12405 = DIRECTION('',(1.,0.,0.));
#12406 = DIRECTION('',(0.,0.,-1.));
#12407 = ADVANCED_FACE('',(#12408),#12420,.T.);
#12408 = FACE_BOUND('',#12409,.T.);
#12409 = EDGE_LOOP('',(#12410,#12411,#12418,#12419));
#12410 = ORIENTED_EDGE('',*,*,#11774,.F.);
#12411 = ORIENTED_EDGE('',*,*,#12412,.T.);
#12412 = EDGE_CURVE('',#11741,#11750,#12413,.T.);
#12413 = CIRCLE('',#12414,5.);
#12414 = AXIS2_PLACEMENT_3D('',#12415,#12416,#12417);
#12415 = CARTESIAN_POINT('',(-1.85,0.,0.));
#12416 = DIRECTION('',(1.,0.,0.));
#12417 = DIRECTION('',(0.,0.,-1.));
#12418 = ORIENTED_EDGE('',*,*,#11791,.T.);
#12419 = ORIENTED_EDGE('',*,*,#12394,.F.);
#12420 = CYLINDRICAL_SURFACE('',#12421,5.);
#12421 = AXIS2_PLACEMENT_3D('',#12422,#12423,#12424);
#12422 = CARTESIAN_POINT('',(-20.6375,0.,0.));
#12423 = DIRECTION('',(1.,0.,0.));
#12424 = DIRECTION('',(0.,0.,-1.));
#12425 = ADVANCED_FACE('',(#12426),#12438,.T.);
#12426 = FACE_BOUND('',#12427,.T.);
#12427 = EDGE_LOOP('',(#12428,#12429,#12436,#12437));
#12428 = ORIENTED_EDGE('',*,*,#11740,.F.);
#12429 = ORIENTED_EDGE('',*,*,#12430,.T.);
#12430 = EDGE_CURVE('',#11732,#11730,#12431,.T.);
#12431 = CIRCLE('',#12432,4.85);
#12432 = AXIS2_PLACEMENT_3D('',#12433,#12434,#12435);
#12433 = CARTESIAN_POINT('',(-2.,0.,0.));
#12434 = DIRECTION('',(1.,0.,0.));
#12435 = DIRECTION('',(0.,0.,-1.));
#12436 = ORIENTED_EDGE('',*,*,#11758,.T.);
#12437 = ORIENTED_EDGE('',*,*,#12412,.F.);
#12438 = TOROIDAL_SURFACE('',#12439,4.85,0.15);
#12439 = AXIS2_PLACEMENT_3D('',#12440,#12441,#12442);
#12440 = CARTESIAN_POINT('',(-1.85,0.,0.));
#12441 = DIRECTION('',(1.,0.,0.));
#12442 = DIRECTION('',(0.,0.,-1.));
#12443 = ADVANCED_FACE('',(#12444,#12448),#12452,.T.);
#12444 = FACE_BOUND('',#12445,.T.);
#12445 = EDGE_LOOP('',(#12446,#12447));
#12446 = ORIENTED_EDGE('',*,*,#12357,.T.);
#12447 = ORIENTED_EDGE('',*,*,#11866,.T.);
#12448 = FACE_BOUND('',#12449,.T.);
#12449 = EDGE_LOOP('',(#12450,#12451));
#12450 = ORIENTED_EDGE('',*,*,#11729,.F.);
#12451 = ORIENTED_EDGE('',*,*,#12430,.F.);
#12452 = PLANE('',#12453);
#12453 = AXIS2_PLACEMENT_3D('',#12454,#12455,#12456);
#12454 = CARTESIAN_POINT('',(-2.,3.95,0.));
#12455 = DIRECTION('',(-1.,0.,-0.));
#12456 = DIRECTION('',(0.,0.,1.));
#12457 = ( GEOMETRIC_REPRESENTATION_CONTEXT(3) 
GLOBAL_UNCERTAINTY_ASSIGNED_CONTEXT((#12461)) 
GLOBAL_UNIT_ASSIGNED_CONTEXT((#12458,#12459,#12460)) 
REPRESENTATION_CONTEXT('Context #1',
  '3D Context with UNIT and UNCERTAINTY') );
#12458 = ( LENGTH_UNIT() NAMED_UNIT(*) SI_UNIT(.MILLI.,.METRE.) );
#12459 = ( NAMED_UNIT(*) PLANE_ANGLE_UNIT() SI_UNIT($,.RADIAN.) );
#12460 = ( NAMED_UNIT(*) SI_UNIT($,.STERADIAN.) SOLID_ANGLE_UNIT() );
#12461 = UNCERTAINTY_MEASURE_WITH_UNIT(LENGTH_MEASURE(1.E-07),#12458,
  'distance_accuracy_value','confusion accuracy');
#12462 = SHAPE_DEFINITION_REPRESENTATION(#12463,#11722);
#12463 = PRODUCT_DEFINITION_SHAPE('','',#12464);
#12464 = PRODUCT_DEFINITION('design','',#12465,#12468);
#12465 = PRODUCT_DEFINITION_FORMATION('','',#12466);
#12466 = PRODUCT(
'instrument ball bearing_68_am_AFBMA 12.1.4.1 - 0030-10 - 
Full,SI,NC,Full_68',
'instrument ball bearing_68_am_AFBMA 12.1.4.1 - 0030-10 - 
Full,SI,NC,Full_68','',(#12467));
#12467 = MECHANICAL_CONTEXT('',#2,'mechanical');
#12468 = PRODUCT_DEFINITION_CONTEXT('part definition',#2,'design');
#12469 = CONTEXT_DEPENDENT_SHAPE_REPRESENTATION(#12470,#12472);
#12470 = ( REPRESENTATION_RELATIONSHIP('','',#11722,#10) 
REPRESENTATION_RELATIONSHIP_WITH_TRANSFORMATION(#12471) 
SHAPE_REPRESENTATION_RELATIONSHIP() );
#12471 = ITEM_DEFINED_TRANSFORMATION('','',#11,#39);
#12472 = PRODUCT_DEFINITION_SHAPE('Placement','Placement of an item',
  #12473);
#12473 = NEXT_ASSEMBLY_USAGE_OCCURRENCE('7','NAUO7','',#5,#12464,$);
#12474 = PRODUCT_TYPE('part',$,(#12466));
#12475 = ADVANCED_BREP_SHAPE_REPRESENTATION('',(#11,#12476),#13210);
#12476 = MANIFOLD_SOLID_BREP('',#12477);
#12477 = CLOSED_SHELL('',(#12478,#12522,#12554,#12588,#12630,#12672,
    #12712,#12756,#12794,#12834,#12866,#12908,#12938,#12956,#12974,
    #12998,#13018,#13030,#13042,#13060,#13074,#13086,#13104,#13122,
    #13142,#13160,#13178,#13196));
#12478 = ADVANCED_FACE('',(#12479),#12517,.T.);
#12479 = FACE_BOUND('',#12480,.T.);
#12480 = EDGE_LOOP('',(#12481,#12492,#12501,#12510));
#12481 = ORIENTED_EDGE('',*,*,#12482,.T.);
#12482 = EDGE_CURVE('',#12483,#12485,#12487,.T.);
#12483 = VERTEX_POINT('',#12484);
#12484 = CARTESIAN_POINT('',(-3.,0.,-9.7));
#12485 = VERTEX_POINT('',#12486);
#12486 = CARTESIAN_POINT('',(-3.,1.20627709716E-15,9.7));
#12487 = CIRCLE('',#12488,9.7);
#12488 = AXIS2_PLACEMENT_3D('',#12489,#12490,#12491);
#12489 = CARTESIAN_POINT('',(-3.,0.,0.));
#12490 = DIRECTION('',(1.,0.,0.));
#12491 = DIRECTION('',(0.,0.,-1.));
#12492 = ORIENTED_EDGE('',*,*,#12493,.T.);
#12493 = EDGE_CURVE('',#12485,#12494,#12496,.T.);
#12494 = VERTEX_POINT('',#12495);
#12495 = CARTESIAN_POINT('',(-2.7,1.224646799147E-15,10.));
#12496 = CIRCLE('',#12497,0.3);
#12497 = AXIS2_PLACEMENT_3D('',#12498,#12499,#12500);
#12498 = CARTESIAN_POINT('',(-2.7,1.187907395173E-15,9.7));
#12499 = DIRECTION('',(0.,1.,-1.224646799147E-16));
#12500 = DIRECTION('',(0.,1.224646799147E-16,1.));
#12501 = ORIENTED_EDGE('',*,*,#12502,.F.);
#12502 = EDGE_CURVE('',#12503,#12494,#12505,.T.);
#12503 = VERTEX_POINT('',#12504);
#12504 = CARTESIAN_POINT('',(-2.7,0.,-10.));
#12505 = CIRCLE('',#12506,10.);
#12506 = AXIS2_PLACEMENT_3D('',#12507,#12508,#12509);
#12507 = CARTESIAN_POINT('',(-2.7,0.,0.));
#12508 = DIRECTION('',(1.,0.,0.));
#12509 = DIRECTION('',(0.,0.,-1.));
#12510 = ORIENTED_EDGE('',*,*,#12511,.F.);
#12511 = EDGE_CURVE('',#12483,#12503,#12512,.T.);
#12512 = CIRCLE('',#12513,0.3);
#12513 = AXIS2_PLACEMENT_3D('',#12514,#12515,#12516);
#12514 = CARTESIAN_POINT('',(-2.7,0.,-9.7));
#12515 = DIRECTION('',(0.,-1.,0.));
#12516 = DIRECTION('',(0.,0.,-1.));
#12517 = TOROIDAL_SURFACE('',#12518,9.7,0.3);
#12518 = AXIS2_PLACEMENT_3D('',#12519,#12520,#12521);
#12519 = CARTESIAN_POINT('',(-2.7,0.,0.));
#12520 = DIRECTION('',(1.,0.,0.));
#12521 = DIRECTION('',(0.,0.,-1.));
#12522 = ADVANCED_FACE('',(#12523),#12549,.T.);
#12523 = FACE_BOUND('',#12524,.T.);
#12524 = EDGE_LOOP('',(#12525,#12526,#12534,#12543));
#12525 = ORIENTED_EDGE('',*,*,#12502,.T.);
#12526 = ORIENTED_EDGE('',*,*,#12527,.T.);
#12527 = EDGE_CURVE('',#12494,#12528,#12530,.T.);
#12528 = VERTEX_POINT('',#12529);
#12529 = CARTESIAN_POINT('',(2.7,1.224646799147E-15,10.));
#12530 = LINE('',#12531,#12532);
#12531 = CARTESIAN_POINT('',(-20.6375,1.224646799147E-15,10.));
#12532 = VECTOR('',#12533,1.);
#12533 = DIRECTION('',(1.,0.,0.));
#12534 = ORIENTED_EDGE('',*,*,#12535,.F.);
#12535 = EDGE_CURVE('',#12536,#12528,#12538,.T.);
#12536 = VERTEX_POINT('',#12537);
#12537 = CARTESIAN_POINT('',(2.7,0.,-10.));
#12538 = CIRCLE('',#12539,10.);
#12539 = AXIS2_PLACEMENT_3D('',#12540,#12541,#12542);
#12540 = CARTESIAN_POINT('',(2.7,0.,0.));
#12541 = DIRECTION('',(1.,0.,0.));
#12542 = DIRECTION('',(0.,0.,-1.));
#12543 = ORIENTED_EDGE('',*,*,#12544,.F.);
#12544 = EDGE_CURVE('',#12503,#12536,#12545,.T.);
#12545 = LINE('',#12546,#12547);
#12546 = CARTESIAN_POINT('',(-20.6375,0.,-10.));
#12547 = VECTOR('',#12548,1.);
#12548 = DIRECTION('',(1.,0.,0.));
#12549 = CYLINDRICAL_SURFACE('',#12550,10.);
#12550 = AXIS2_PLACEMENT_3D('',#12551,#12552,#12553);
#12551 = CARTESIAN_POINT('',(-20.6375,0.,0.));
#12552 = DIRECTION('',(1.,0.,0.));
#12553 = DIRECTION('',(0.,0.,-1.));
#12554 = ADVANCED_FACE('',(#12555),#12583,.T.);
#12555 = FACE_BOUND('',#12556,.T.);
#12556 = EDGE_LOOP('',(#12557,#12558,#12567,#12576));
#12557 = ORIENTED_EDGE('',*,*,#12535,.T.);
#12558 = ORIENTED_EDGE('',*,*,#12559,.T.);
#12559 = EDGE_CURVE('',#12528,#12560,#12562,.T.);
#12560 = VERTEX_POINT('',#12561);
#12561 = CARTESIAN_POINT('',(3.,1.20627709716E-15,9.7));
#12562 = CIRCLE('',#12563,0.3);
#12563 = AXIS2_PLACEMENT_3D('',#12564,#12565,#12566);
#12564 = CARTESIAN_POINT('',(2.7,1.187907395173E-15,9.7));
#12565 = DIRECTION('',(0.,1.,-1.224646799147E-16));
#12566 = DIRECTION('',(0.,1.224646799147E-16,1.));
#12567 = ORIENTED_EDGE('',*,*,#12568,.F.);
#12568 = EDGE_CURVE('',#12569,#12560,#12571,.T.);
#12569 = VERTEX_POINT('',#12570);
#12570 = CARTESIAN_POINT('',(3.,0.,-9.7));
#12571 = CIRCLE('',#12572,9.7);
#12572 = AXIS2_PLACEMENT_3D('',#12573,#12574,#12575);
#12573 = CARTESIAN_POINT('',(3.,0.,0.));
#12574 = DIRECTION('',(1.,0.,0.));
#12575 = DIRECTION('',(0.,0.,-1.));
#12576 = ORIENTED_EDGE('',*,*,#12577,.F.);
#12577 = EDGE_CURVE('',#12536,#12569,#12578,.T.);
#12578 = CIRCLE('',#12579,0.3);
#12579 = AXIS2_PLACEMENT_3D('',#12580,#12581,#12582);
#12580 = CARTESIAN_POINT('',(2.7,0.,-9.7));
#12581 = DIRECTION('',(0.,-1.,0.));
#12582 = DIRECTION('',(0.,0.,-1.));
#12583 = TOROIDAL_SURFACE('',#12584,9.7,0.3);
#12584 = AXIS2_PLACEMENT_3D('',#12585,#12586,#12587);
#12585 = CARTESIAN_POINT('',(2.7,0.,0.));
#12586 = DIRECTION('',(1.,0.,0.));
#12587 = DIRECTION('',(0.,0.,-1.));
#12588 = ADVANCED_FACE('',(#12589),#12625,.F.);
#12589 = FACE_BOUND('',#12590,.F.);
#12590 = EDGE_LOOP('',(#12591,#12601,#12610,#12618));
#12591 = ORIENTED_EDGE('',*,*,#12592,.T.);
#12592 = EDGE_CURVE('',#12593,#12595,#12597,.T.);
#12593 = VERTEX_POINT('',#12594);
#12594 = CARTESIAN_POINT('',(-3.,0.,-8.35));
#12595 = VERTEX_POINT('',#12596);
#12596 = CARTESIAN_POINT('',(-1.229837387625,1.022580077288E-15,-8.35));
#12597 = LINE('',#12598,#12599);
#12598 = CARTESIAN_POINT('',(-20.6375,0.,-8.35));
#12599 = VECTOR('',#12600,1.);
#12600 = DIRECTION('',(1.,0.,0.));
#12601 = ORIENTED_EDGE('',*,*,#12602,.T.);
#12602 = EDGE_CURVE('',#12595,#12603,#12605,.T.);
#12603 = VERTEX_POINT('',#12604);
#12604 = CARTESIAN_POINT('',(-1.229837387625,0.,8.35));
#12605 = CIRCLE('',#12606,8.35);
#12606 = AXIS2_PLACEMENT_3D('',#12607,#12608,#12609);
#12607 = CARTESIAN_POINT('',(-1.229837387625,0.,0.));
#12608 = DIRECTION('',(-1.,-0.,-0.));
#12609 = DIRECTION('',(0.,0.,-1.));
#12610 = ORIENTED_EDGE('',*,*,#12611,.F.);
#12611 = EDGE_CURVE('',#12612,#12603,#12614,.T.);
#12612 = VERTEX_POINT('',#12613);
#12613 = CARTESIAN_POINT('',(-3.,1.022580077288E-15,8.35));
#12614 = LINE('',#12615,#12616);
#12615 = CARTESIAN_POINT('',(-20.6375,1.022580077288E-15,8.35));
#12616 = VECTOR('',#12617,1.);
#12617 = DIRECTION('',(1.,0.,0.));
#12618 = ORIENTED_EDGE('',*,*,#12619,.T.);
#12619 = EDGE_CURVE('',#12612,#12593,#12620,.T.);
#12620 = CIRCLE('',#12621,8.35);
#12621 = AXIS2_PLACEMENT_3D('',#12622,#12623,#12624);
#12622 = CARTESIAN_POINT('',(-3.,0.,0.));
#12623 = DIRECTION('',(1.,0.,0.));
#12624 = DIRECTION('',(0.,0.,-1.));
#12625 = CYLINDRICAL_SURFACE('',#12626,8.35);
#12626 = AXIS2_PLACEMENT_3D('',#12627,#12628,#12629);
#12627 = CARTESIAN_POINT('',(-20.6375,0.,0.));
#12628 = DIRECTION('',(1.,0.,0.));
#12629 = DIRECTION('',(0.,0.,-1.));
#12630 = ADVANCED_FACE('',(#12631),#12667,.F.);
#12631 = FACE_BOUND('',#12632,.F.);
#12632 = EDGE_LOOP('',(#12633,#12643,#12652,#12660));
#12633 = ORIENTED_EDGE('',*,*,#12634,.T.);
#12634 = EDGE_CURVE('',#12635,#12637,#12639,.T.);
#12635 = VERTEX_POINT('',#12636);
#12636 = CARTESIAN_POINT('',(1.229837387625,1.022580077288E-15,-8.35));
#12637 = VERTEX_POINT('',#12638);
#12638 = CARTESIAN_POINT('',(3.,0.,-8.35));
#12639 = LINE('',#12640,#12641);
#12640 = CARTESIAN_POINT('',(-20.6375,0.,-8.35));
#12641 = VECTOR('',#12642,1.);
#12642 = DIRECTION('',(1.,0.,0.));
#12643 = ORIENTED_EDGE('',*,*,#12644,.F.);
#12644 = EDGE_CURVE('',#12645,#12637,#12647,.T.);
#12645 = VERTEX_POINT('',#12646);
#12646 = CARTESIAN_POINT('',(3.,1.022580077288E-15,8.35));
#12647 = CIRCLE('',#12648,8.35);
#12648 = AXIS2_PLACEMENT_3D('',#12649,#12650,#12651);
#12649 = CARTESIAN_POINT('',(3.,0.,0.));
#12650 = DIRECTION('',(1.,0.,0.));
#12651 = DIRECTION('',(0.,0.,-1.));
#12652 = ORIENTED_EDGE('',*,*,#12653,.F.);
#12653 = EDGE_CURVE('',#12654,#12645,#12656,.T.);
#12654 = VERTEX_POINT('',#12655);
#12655 = CARTESIAN_POINT('',(1.229837387625,0.,8.35));
#12656 = LINE('',#12657,#12658);
#12657 = CARTESIAN_POINT('',(-20.6375,1.022580077288E-15,8.35));
#12658 = VECTOR('',#12659,1.);
#12659 = DIRECTION('',(1.,0.,0.));
#12660 = ORIENTED_EDGE('',*,*,#12661,.T.);
#12661 = EDGE_CURVE('',#12654,#12635,#12662,.T.);
#12662 = CIRCLE('',#12663,8.35);
#12663 = AXIS2_PLACEMENT_3D('',#12664,#12665,#12666);
#12664 = CARTESIAN_POINT('',(1.229837387625,0.,0.));
#12665 = DIRECTION('',(1.,0.,-0.));
#12666 = DIRECTION('',(0.,0.,1.));
#12667 = CYLINDRICAL_SURFACE('',#12668,8.35);
#12668 = AXIS2_PLACEMENT_3D('',#12669,#12670,#12671);
#12669 = CARTESIAN_POINT('',(-20.6375,0.,0.));
#12670 = DIRECTION('',(1.,0.,0.));
#12671 = DIRECTION('',(0.,0.,-1.));
#12672 = ADVANCED_FACE('',(#12673),#12707,.T.);
#12673 = FACE_BOUND('',#12674,.T.);
#12674 = EDGE_LOOP('',(#12675,#12682,#12691,#12700));
#12675 = ORIENTED_EDGE('',*,*,#12676,.T.);
#12676 = EDGE_CURVE('',#12603,#12595,#12677,.T.);
#12677 = CIRCLE('',#12678,8.35);
#12678 = AXIS2_PLACEMENT_3D('',#12679,#12680,#12681);
#12679 = CARTESIAN_POINT('',(-1.229837387625,0.,0.));
#12680 = DIRECTION('',(-1.,-0.,-0.));
#12681 = DIRECTION('',(0.,0.,-1.));
#12682 = ORIENTED_EDGE('',*,*,#12683,.T.);
#12683 = EDGE_CURVE('',#12595,#12684,#12686,.T.);
#12684 = VERTEX_POINT('',#12685);
#12685 = CARTESIAN_POINT('',(-1.229837387625,0.,-6.15));
#12686 = CIRCLE('',#12687,1.65);
#12687 = AXIS2_PLACEMENT_3D('',#12688,#12689,#12690);
#12688 = CARTESIAN_POINT('',(0.,8.878689293818E-16,-7.25));
#12689 = DIRECTION('',(-0.,1.,1.224646799147E-16));
#12690 = DIRECTION('',(0.,-1.224646799147E-16,1.));
#12691 = ORIENTED_EDGE('',*,*,#12692,.T.);
#12692 = EDGE_CURVE('',#12684,#12693,#12695,.T.);
#12693 = VERTEX_POINT('',#12694);
#12694 = CARTESIAN_POINT('',(-1.229837387625,7.531577814756E-16,6.15));
#12695 = CIRCLE('',#12696,6.15);
#12696 = AXIS2_PLACEMENT_3D('',#12697,#12698,#12699);
#12697 = CARTESIAN_POINT('',(-1.229837387625,0.,0.));
#12698 = DIRECTION('',(1.,0.,0.));
#12699 = DIRECTION('',(0.,0.,-1.));
#12700 = ORIENTED_EDGE('',*,*,#12701,.F.);
#12701 = EDGE_CURVE('',#12603,#12693,#12702,.T.);
#12702 = CIRCLE('',#12703,1.65);
#12703 = AXIS2_PLACEMENT_3D('',#12704,#12705,#12706);
#12704 = CARTESIAN_POINT('',(0.,0.,7.25));
#12705 = DIRECTION('',(0.,-1.,0.));
#12706 = DIRECTION('',(0.,0.,-1.));
#12707 = TOROIDAL_SURFACE('',#12708,7.25,1.65);
#12708 = AXIS2_PLACEMENT_3D('',#12709,#12710,#12711);
#12709 = CARTESIAN_POINT('',(0.,0.,0.));
#12710 = DIRECTION('',(-1.,-0.,-0.));
#12711 = DIRECTION('',(-0.,0.,1.));
#12712 = ADVANCED_FACE('',(#12713),#12751,.T.);
#12713 = FACE_BOUND('',#12714,.T.);
#12714 = EDGE_LOOP('',(#12715,#12726,#12735,#12744));
#12715 = ORIENTED_EDGE('',*,*,#12716,.T.);
#12716 = EDGE_CURVE('',#12717,#12719,#12721,.T.);
#12717 = VERTEX_POINT('',#12718);
#12718 = CARTESIAN_POINT('',(-2.7,0.,-4.5));
#12719 = VERTEX_POINT('',#12720);
#12720 = CARTESIAN_POINT('',(-2.7,5.510910596163E-16,4.5));
#12721 = CIRCLE('',#12722,4.5);
#12722 = AXIS2_PLACEMENT_3D('',#12723,#12724,#12725);
#12723 = CARTESIAN_POINT('',(-2.7,0.,0.));
#12724 = DIRECTION('',(1.,0.,0.));
#12725 = DIRECTION('',(0.,0.,-1.));
#12726 = ORIENTED_EDGE('',*,*,#12727,.T.);
#12727 = EDGE_CURVE('',#12719,#12728,#12730,.T.);
#12728 = VERTEX_POINT('',#12729);
#12729 = CARTESIAN_POINT('',(-3.,5.878304635907E-16,4.8));
#12730 = CIRCLE('',#12731,0.3);
#12731 = AXIS2_PLACEMENT_3D('',#12732,#12733,#12734);
#12732 = CARTESIAN_POINT('',(-2.7,5.878304635907E-16,4.8));
#12733 = DIRECTION('',(0.,1.,-1.224646799147E-16));
#12734 = DIRECTION('',(0.,1.224646799147E-16,1.));
#12735 = ORIENTED_EDGE('',*,*,#12736,.F.);
#12736 = EDGE_CURVE('',#12737,#12728,#12739,.T.);
#12737 = VERTEX_POINT('',#12738);
#12738 = CARTESIAN_POINT('',(-3.,0.,-4.8));
#12739 = CIRCLE('',#12740,4.8);
#12740 = AXIS2_PLACEMENT_3D('',#12741,#12742,#12743);
#12741 = CARTESIAN_POINT('',(-3.,0.,0.));
#12742 = DIRECTION('',(1.,0.,0.));
#12743 = DIRECTION('',(0.,0.,-1.));
#12744 = ORIENTED_EDGE('',*,*,#12745,.F.);
#12745 = EDGE_CURVE('',#12717,#12737,#12746,.T.);
#12746 = CIRCLE('',#12747,0.3);
#12747 = AXIS2_PLACEMENT_3D('',#12748,#12749,#12750);
#12748 = CARTESIAN_POINT('',(-2.7,0.,-4.8));
#12749 = DIRECTION('',(0.,-1.,0.));
#12750 = DIRECTION('',(0.,0.,-1.));
#12751 = TOROIDAL_SURFACE('',#12752,4.8,0.3);
#12752 = AXIS2_PLACEMENT_3D('',#12753,#12754,#12755);
#12753 = CARTESIAN_POINT('',(-2.7,0.,0.));
#12754 = DIRECTION('',(1.,0.,0.));
#12755 = DIRECTION('',(0.,0.,-1.));
#12756 = ADVANCED_FACE('',(#12757),#12789,.F.);
#12757 = FACE_BOUND('',#12758,.F.);
#12758 = EDGE_LOOP('',(#12759,#12767,#12776,#12782));
#12759 = ORIENTED_EDGE('',*,*,#12760,.T.);
#12760 = EDGE_CURVE('',#12717,#12761,#12763,.T.);
#12761 = VERTEX_POINT('',#12762);
#12762 = CARTESIAN_POINT('',(2.7,0.,-4.5));
#12763 = LINE('',#12764,#12765);
#12764 = CARTESIAN_POINT('',(-20.6375,0.,-4.5));
#12765 = VECTOR('',#12766,1.);
#12766 = DIRECTION('',(1.,0.,0.));
#12767 = ORIENTED_EDGE('',*,*,#12768,.F.);
#12768 = EDGE_CURVE('',#12769,#12761,#12771,.T.);
#12769 = VERTEX_POINT('',#12770);
#12770 = CARTESIAN_POINT('',(2.7,5.694607616035E-16,4.5));
#12771 = CIRCLE('',#12772,4.5);
#12772 = AXIS2_PLACEMENT_3D('',#12773,#12774,#12775);
#12773 = CARTESIAN_POINT('',(2.7,0.,0.));
#12774 = DIRECTION('',(1.,0.,0.));
#12775 = DIRECTION('',(0.,0.,-1.));
#12776 = ORIENTED_EDGE('',*,*,#12777,.F.);
#12777 = EDGE_CURVE('',#12719,#12769,#12778,.T.);
#12778 = LINE('',#12779,#12780);
#12779 = CARTESIAN_POINT('',(-20.6375,5.510910596163E-16,4.5));
#12780 = VECTOR('',#12781,1.);
#12781 = DIRECTION('',(1.,0.,0.));
#12782 = ORIENTED_EDGE('',*,*,#12783,.T.);
#12783 = EDGE_CURVE('',#12719,#12717,#12784,.T.);
#12784 = CIRCLE('',#12785,4.5);
#12785 = AXIS2_PLACEMENT_3D('',#12786,#12787,#12788);
#12786 = CARTESIAN_POINT('',(-2.7,0.,0.));
#12787 = DIRECTION('',(1.,0.,0.));
#12788 = DIRECTION('',(0.,0.,-1.));
#12789 = CYLINDRICAL_SURFACE('',#12790,4.5);
#12790 = AXIS2_PLACEMENT_3D('',#12791,#12792,#12793);
#12791 = CARTESIAN_POINT('',(-20.6375,0.,0.));
#12792 = DIRECTION('',(1.,0.,0.));
#12793 = DIRECTION('',(0.,0.,-1.));
#12794 = ADVANCED_FACE('',(#12795),#12829,.T.);
#12795 = FACE_BOUND('',#12796,.T.);
#12796 = EDGE_LOOP('',(#12797,#12808,#12815,#12822));
#12797 = ORIENTED_EDGE('',*,*,#12798,.T.);
#12798 = EDGE_CURVE('',#12799,#12801,#12803,.T.);
#12799 = VERTEX_POINT('',#12800);
#12800 = CARTESIAN_POINT('',(3.,0.,-4.8));
#12801 = VERTEX_POINT('',#12802);
#12802 = CARTESIAN_POINT('',(3.,5.878304635907E-16,4.8));
#12803 = CIRCLE('',#12804,4.8);
#12804 = AXIS2_PLACEMENT_3D('',#12805,#12806,#12807);
#12805 = CARTESIAN_POINT('',(3.,0.,0.));
#12806 = DIRECTION('',(1.,0.,0.));
#12807 = DIRECTION('',(0.,0.,-1.));
#12808 = ORIENTED_EDGE('',*,*,#12809,.T.);
#12809 = EDGE_CURVE('',#12801,#12769,#12810,.T.);
#12810 = CIRCLE('',#12811,0.3);
#12811 = AXIS2_PLACEMENT_3D('',#12812,#12813,#12814);
#12812 = CARTESIAN_POINT('',(2.7,5.878304635907E-16,4.8));
#12813 = DIRECTION('',(0.,1.,-1.224646799147E-16));
#12814 = DIRECTION('',(0.,1.224646799147E-16,1.));
#12815 = ORIENTED_EDGE('',*,*,#12816,.F.);
#12816 = EDGE_CURVE('',#12761,#12769,#12817,.T.);
#12817 = CIRCLE('',#12818,4.5);
#12818 = AXIS2_PLACEMENT_3D('',#12819,#12820,#12821);
#12819 = CARTESIAN_POINT('',(2.7,0.,0.));
#12820 = DIRECTION('',(1.,0.,0.));
#12821 = DIRECTION('',(0.,0.,-1.));
#12822 = ORIENTED_EDGE('',*,*,#12823,.F.);
#12823 = EDGE_CURVE('',#12799,#12761,#12824,.T.);
#12824 = CIRCLE('',#12825,0.3);
#12825 = AXIS2_PLACEMENT_3D('',#12826,#12827,#12828);
#12826 = CARTESIAN_POINT('',(2.7,0.,-4.8));
#12827 = DIRECTION('',(0.,-1.,0.));
#12828 = DIRECTION('',(0.,0.,-1.));
#12829 = TOROIDAL_SURFACE('',#12830,4.8,0.3);
#12830 = AXIS2_PLACEMENT_3D('',#12831,#12832,#12833);
#12831 = CARTESIAN_POINT('',(2.7,0.,0.));
#12832 = DIRECTION('',(1.,0.,0.));
#12833 = DIRECTION('',(0.,0.,-1.));
#12834 = ADVANCED_FACE('',(#12835),#12861,.T.);
#12835 = FACE_BOUND('',#12836,.T.);
#12836 = EDGE_LOOP('',(#12837,#12848,#12854,#12855));
#12837 = ORIENTED_EDGE('',*,*,#12838,.T.);
#12838 = EDGE_CURVE('',#12839,#12841,#12843,.T.);
#12839 = VERTEX_POINT('',#12840);
#12840 = CARTESIAN_POINT('',(-3.,0.,-6.15));
#12841 = VERTEX_POINT('',#12842);
#12842 = CARTESIAN_POINT('',(-3.,7.531577814756E-16,6.15));
#12843 = CIRCLE('',#12844,6.15);
#12844 = AXIS2_PLACEMENT_3D('',#12845,#12846,#12847);
#12845 = CARTESIAN_POINT('',(-3.,0.,0.));
#12846 = DIRECTION('',(1.,0.,0.));
#12847 = DIRECTION('',(0.,0.,-1.));
#12848 = ORIENTED_EDGE('',*,*,#12849,.T.);
#12849 = EDGE_CURVE('',#12841,#12693,#12850,.T.);
#12850 = LINE('',#12851,#12852);
#12851 = CARTESIAN_POINT('',(-20.6375,7.531577814756E-16,6.15));
#12852 = VECTOR('',#12853,1.);
#12853 = DIRECTION('',(1.,0.,0.));
#12854 = ORIENTED_EDGE('',*,*,#12692,.F.);
#12855 = ORIENTED_EDGE('',*,*,#12856,.F.);
#12856 = EDGE_CURVE('',#12839,#12684,#12857,.T.);
#12857 = LINE('',#12858,#12859);
#12858 = CARTESIAN_POINT('',(-20.6375,0.,-6.15));
#12859 = VECTOR('',#12860,1.);
#12860 = DIRECTION('',(1.,0.,0.));
#12861 = CYLINDRICAL_SURFACE('',#12862,6.15);
#12862 = AXIS2_PLACEMENT_3D('',#12863,#12864,#12865);
#12863 = CARTESIAN_POINT('',(-20.6375,0.,0.));
#12864 = DIRECTION('',(1.,0.,0.));
#12865 = DIRECTION('',(0.,0.,-1.));
#12866 = ADVANCED_FACE('',(#12867),#12903,.T.);
#12867 = FACE_BOUND('',#12868,.T.);
#12868 = EDGE_LOOP('',(#12869,#12880,#12888,#12897));
#12869 = ORIENTED_EDGE('',*,*,#12870,.F.);
#12870 = EDGE_CURVE('',#12871,#12873,#12875,.T.);
#12871 = VERTEX_POINT('',#12872);
#12872 = CARTESIAN_POINT('',(1.229837387625,0.,6.15));
#12873 = VERTEX_POINT('',#12874);
#12874 = CARTESIAN_POINT('',(1.229837387625,8.878689293818E-16,-6.15));
#12875 = CIRCLE('',#12876,6.15);
#12876 = AXIS2_PLACEMENT_3D('',#12877,#12878,#12879);
#12877 = CARTESIAN_POINT('',(1.229837387625,0.,0.));
#12878 = DIRECTION('',(-1.,0.,-0.));
#12879 = DIRECTION('',(-0.,0.,1.));
#12880 = ORIENTED_EDGE('',*,*,#12881,.T.);
#12881 = EDGE_CURVE('',#12871,#12882,#12884,.T.);
#12882 = VERTEX_POINT('',#12883);
#12883 = CARTESIAN_POINT('',(3.,7.531577814756E-16,6.15));
#12884 = LINE('',#12885,#12886);
#12885 = CARTESIAN_POINT('',(-20.6375,7.531577814756E-16,6.15));
#12886 = VECTOR('',#12887,1.);
#12887 = DIRECTION('',(1.,0.,0.));
#12888 = ORIENTED_EDGE('',*,*,#12889,.F.);
#12889 = EDGE_CURVE('',#12890,#12882,#12892,.T.);
#12890 = VERTEX_POINT('',#12891);
#12891 = CARTESIAN_POINT('',(3.,0.,-6.15));
#12892 = CIRCLE('',#12893,6.15);
#12893 = AXIS2_PLACEMENT_3D('',#12894,#12895,#12896);
#12894 = CARTESIAN_POINT('',(3.,0.,0.));
#12895 = DIRECTION('',(1.,0.,0.));
#12896 = DIRECTION('',(0.,0.,-1.));
#12897 = ORIENTED_EDGE('',*,*,#12898,.F.);
#12898 = EDGE_CURVE('',#12873,#12890,#12899,.T.);
#12899 = LINE('',#12900,#12901);
#12900 = CARTESIAN_POINT('',(-20.6375,0.,-6.15));
#12901 = VECTOR('',#12902,1.);
#12902 = DIRECTION('',(1.,0.,0.));
#12903 = CYLINDRICAL_SURFACE('',#12904,6.15);
#12904 = AXIS2_PLACEMENT_3D('',#12905,#12906,#12907);
#12905 = CARTESIAN_POINT('',(-20.6375,0.,0.));
#12906 = DIRECTION('',(1.,0.,0.));
#12907 = DIRECTION('',(0.,0.,-1.));
#12908 = ADVANCED_FACE('',(#12909),#12933,.T.);
#12909 = FACE_BOUND('',#12910,.T.);
#12910 = EDGE_LOOP('',(#12911,#12912,#12919,#12926));
#12911 = ORIENTED_EDGE('',*,*,#12870,.T.);
#12912 = ORIENTED_EDGE('',*,*,#12913,.T.);
#12913 = EDGE_CURVE('',#12873,#12635,#12914,.T.);
#12914 = CIRCLE('',#12915,1.65);
#12915 = AXIS2_PLACEMENT_3D('',#12916,#12917,#12918);
#12916 = CARTESIAN_POINT('',(0.,8.878689293818E-16,-7.25));
#12917 = DIRECTION('',(-0.,1.,1.224646799147E-16));
#12918 = DIRECTION('',(0.,-1.224646799147E-16,1.));
#12919 = ORIENTED_EDGE('',*,*,#12920,.T.);
#12920 = EDGE_CURVE('',#12635,#12654,#12921,.T.);
#12921 = CIRCLE('',#12922,8.35);
#12922 = AXIS2_PLACEMENT_3D('',#12923,#12924,#12925);
#12923 = CARTESIAN_POINT('',(1.229837387625,0.,0.));
#12924 = DIRECTION('',(1.,0.,-0.));
#12925 = DIRECTION('',(0.,0.,1.));
#12926 = ORIENTED_EDGE('',*,*,#12927,.F.);
#12927 = EDGE_CURVE('',#12871,#12654,#12928,.T.);
#12928 = CIRCLE('',#12929,1.65);
#12929 = AXIS2_PLACEMENT_3D('',#12930,#12931,#12932);
#12930 = CARTESIAN_POINT('',(0.,0.,7.25));
#12931 = DIRECTION('',(0.,-1.,0.));
#12932 = DIRECTION('',(0.,0.,-1.));
#12933 = TOROIDAL_SURFACE('',#12934,7.25,1.65);
#12934 = AXIS2_PLACEMENT_3D('',#12935,#12936,#12937);
#12935 = CARTESIAN_POINT('',(0.,0.,0.));
#12936 = DIRECTION('',(-1.,-0.,-0.));
#12937 = DIRECTION('',(-0.,0.,1.));
#12938 = ADVANCED_FACE('',(#12939),#12951,.T.);
#12939 = FACE_BOUND('',#12940,.T.);
#12940 = EDGE_LOOP('',(#12941,#12942,#12949,#12950));
#12941 = ORIENTED_EDGE('',*,*,#12913,.F.);
#12942 = ORIENTED_EDGE('',*,*,#12943,.T.);
#12943 = EDGE_CURVE('',#12873,#12871,#12944,.T.);
#12944 = CIRCLE('',#12945,6.15);
#12945 = AXIS2_PLACEMENT_3D('',#12946,#12947,#12948);
#12946 = CARTESIAN_POINT('',(1.229837387625,0.,0.));
#12947 = DIRECTION('',(-1.,0.,-0.));
#12948 = DIRECTION('',(-0.,0.,1.));
#12949 = ORIENTED_EDGE('',*,*,#12927,.T.);
#12950 = ORIENTED_EDGE('',*,*,#12661,.T.);
#12951 = TOROIDAL_SURFACE('',#12952,7.25,1.65);
#12952 = AXIS2_PLACEMENT_3D('',#12953,#12954,#12955);
#12953 = CARTESIAN_POINT('',(0.,0.,0.));
#12954 = DIRECTION('',(-1.,-0.,-0.));
#12955 = DIRECTION('',(-0.,0.,1.));
#12956 = ADVANCED_FACE('',(#12957),#12969,.T.);
#12957 = FACE_BOUND('',#12958,.T.);
#12958 = EDGE_LOOP('',(#12959,#12960,#12961,#12962));
#12959 = ORIENTED_EDGE('',*,*,#12881,.F.);
#12960 = ORIENTED_EDGE('',*,*,#12943,.F.);
#12961 = ORIENTED_EDGE('',*,*,#12898,.T.);
#12962 = ORIENTED_EDGE('',*,*,#12963,.F.);
#12963 = EDGE_CURVE('',#12882,#12890,#12964,.T.);
#12964 = CIRCLE('',#12965,6.15);
#12965 = AXIS2_PLACEMENT_3D('',#12966,#12967,#12968);
#12966 = CARTESIAN_POINT('',(3.,0.,0.));
#12967 = DIRECTION('',(1.,0.,0.));
#12968 = DIRECTION('',(0.,0.,-1.));
#12969 = CYLINDRICAL_SURFACE('',#12970,6.15);
#12970 = AXIS2_PLACEMENT_3D('',#12971,#12972,#12973);
#12971 = CARTESIAN_POINT('',(-20.6375,0.,0.));
#12972 = DIRECTION('',(1.,0.,0.));
#12973 = DIRECTION('',(0.,0.,-1.));
#12974 = ADVANCED_FACE('',(#12975),#12993,.T.);
#12975 = FACE_BOUND('',#12976,.T.);
#12976 = EDGE_LOOP('',(#12977,#12978,#12985,#12986));
#12977 = ORIENTED_EDGE('',*,*,#12849,.F.);
#12978 = ORIENTED_EDGE('',*,*,#12979,.T.);
#12979 = EDGE_CURVE('',#12841,#12839,#12980,.T.);
#12980 = CIRCLE('',#12981,6.15);
#12981 = AXIS2_PLACEMENT_3D('',#12982,#12983,#12984);
#12982 = CARTESIAN_POINT('',(-3.,0.,0.));
#12983 = DIRECTION('',(1.,0.,0.));
#12984 = DIRECTION('',(0.,0.,-1.));
#12985 = ORIENTED_EDGE('',*,*,#12856,.T.);
#12986 = ORIENTED_EDGE('',*,*,#12987,.F.);
#12987 = EDGE_CURVE('',#12693,#12684,#12988,.T.);
#12988 = CIRCLE('',#12989,6.15);
#12989 = AXIS2_PLACEMENT_3D('',#12990,#12991,#12992);
#12990 = CARTESIAN_POINT('',(-1.229837387625,0.,0.));
#12991 = DIRECTION('',(1.,0.,0.));
#12992 = DIRECTION('',(0.,0.,-1.));
#12993 = CYLINDRICAL_SURFACE('',#12994,6.15);
#12994 = AXIS2_PLACEMENT_3D('',#12995,#12996,#12997);
#12995 = CARTESIAN_POINT('',(-20.6375,0.,0.));
#12996 = DIRECTION('',(1.,0.,0.));
#12997 = DIRECTION('',(0.,0.,-1.));
#12998 = ADVANCED_FACE('',(#12999,#13003),#13013,.T.);
#12999 = FACE_BOUND('',#13000,.T.);
#13000 = EDGE_LOOP('',(#13001,#13002));
#13001 = ORIENTED_EDGE('',*,*,#12889,.T.);
#13002 = ORIENTED_EDGE('',*,*,#12963,.T.);
#13003 = FACE_BOUND('',#13004,.T.);
#13004 = EDGE_LOOP('',(#13005,#13006));
#13005 = ORIENTED_EDGE('',*,*,#12798,.F.);
#13006 = ORIENTED_EDGE('',*,*,#13007,.F.);
#13007 = EDGE_CURVE('',#12801,#12799,#13008,.T.);
#13008 = CIRCLE('',#13009,4.8);
#13009 = AXIS2_PLACEMENT_3D('',#13010,#13011,#13012);
#13010 = CARTESIAN_POINT('',(3.,0.,0.));
#13011 = DIRECTION('',(1.,0.,0.));
#13012 = DIRECTION('',(0.,0.,-1.));
#13013 = PLANE('',#13014);
#13014 = AXIS2_PLACEMENT_3D('',#13015,#13016,#13017);
#13015 = CARTESIAN_POINT('',(3.,4.8,0.));
#13016 = DIRECTION('',(1.,0.,0.));
#13017 = DIRECTION('',(0.,0.,-1.));
#13018 = ADVANCED_FACE('',(#13019),#13025,.T.);
#13019 = FACE_BOUND('',#13020,.T.);
#13020 = EDGE_LOOP('',(#13021,#13022,#13023,#13024));
#13021 = ORIENTED_EDGE('',*,*,#12809,.F.);
#13022 = ORIENTED_EDGE('',*,*,#13007,.T.);
#13023 = ORIENTED_EDGE('',*,*,#12823,.T.);
#13024 = ORIENTED_EDGE('',*,*,#12768,.F.);
#13025 = TOROIDAL_SURFACE('',#13026,4.8,0.3);
#13026 = AXIS2_PLACEMENT_3D('',#13027,#13028,#13029);
#13027 = CARTESIAN_POINT('',(2.7,0.,0.));
#13028 = DIRECTION('',(1.,0.,0.));
#13029 = DIRECTION('',(0.,0.,-1.));
#13030 = ADVANCED_FACE('',(#13031),#13037,.F.);
#13031 = FACE_BOUND('',#13032,.F.);
#13032 = EDGE_LOOP('',(#13033,#13034,#13035,#13036));
#13033 = ORIENTED_EDGE('',*,*,#12816,.F.);
#13034 = ORIENTED_EDGE('',*,*,#12760,.F.);
#13035 = ORIENTED_EDGE('',*,*,#12716,.T.);
#13036 = ORIENTED_EDGE('',*,*,#12777,.T.);
#13037 = CYLINDRICAL_SURFACE('',#13038,4.5);
#13038 = AXIS2_PLACEMENT_3D('',#13039,#13040,#13041);
#13039 = CARTESIAN_POINT('',(-20.6375,0.,0.));
#13040 = DIRECTION('',(1.,0.,0.));
#13041 = DIRECTION('',(0.,0.,-1.));
#13042 = ADVANCED_FACE('',(#13043),#13055,.T.);
#13043 = FACE_BOUND('',#13044,.T.);
#13044 = EDGE_LOOP('',(#13045,#13046,#13047,#13048));
#13045 = ORIENTED_EDGE('',*,*,#12727,.F.);
#13046 = ORIENTED_EDGE('',*,*,#12783,.T.);
#13047 = ORIENTED_EDGE('',*,*,#12745,.T.);
#13048 = ORIENTED_EDGE('',*,*,#13049,.F.);
#13049 = EDGE_CURVE('',#12728,#12737,#13050,.T.);
#13050 = CIRCLE('',#13051,4.8);
#13051 = AXIS2_PLACEMENT_3D('',#13052,#13053,#13054);
#13052 = CARTESIAN_POINT('',(-3.,0.,0.));
#13053 = DIRECTION('',(1.,0.,0.));
#13054 = DIRECTION('',(0.,0.,-1.));
#13055 = TOROIDAL_SURFACE('',#13056,4.8,0.3);
#13056 = AXIS2_PLACEMENT_3D('',#13057,#13058,#13059);
#13057 = CARTESIAN_POINT('',(-2.7,0.,0.));
#13058 = DIRECTION('',(1.,0.,0.));
#13059 = DIRECTION('',(0.,0.,-1.));
#13060 = ADVANCED_FACE('',(#13061,#13065),#13069,.T.);
#13061 = FACE_BOUND('',#13062,.T.);
#13062 = EDGE_LOOP('',(#13063,#13064));
#13063 = ORIENTED_EDGE('',*,*,#12736,.T.);
#13064 = ORIENTED_EDGE('',*,*,#13049,.T.);
#13065 = FACE_BOUND('',#13066,.T.);
#13066 = EDGE_LOOP('',(#13067,#13068));
#13067 = ORIENTED_EDGE('',*,*,#12838,.F.);
#13068 = ORIENTED_EDGE('',*,*,#12979,.F.);
#13069 = PLANE('',#13070);
#13070 = AXIS2_PLACEMENT_3D('',#13071,#13072,#13073);
#13071 = CARTESIAN_POINT('',(-3.,6.15,0.));
#13072 = DIRECTION('',(-1.,0.,-0.));
#13073 = DIRECTION('',(0.,0.,1.));
#13074 = ADVANCED_FACE('',(#13075),#13081,.T.);
#13075 = FACE_BOUND('',#13076,.T.);
#13076 = EDGE_LOOP('',(#13077,#13078,#13079,#13080));
#13077 = ORIENTED_EDGE('',*,*,#12683,.F.);
#13078 = ORIENTED_EDGE('',*,*,#12602,.T.);
#13079 = ORIENTED_EDGE('',*,*,#12701,.T.);
#13080 = ORIENTED_EDGE('',*,*,#12987,.T.);
#13081 = TOROIDAL_SURFACE('',#13082,7.25,1.65);
#13082 = AXIS2_PLACEMENT_3D('',#13083,#13084,#13085);
#13083 = CARTESIAN_POINT('',(0.,0.,0.));
#13084 = DIRECTION('',(-1.,-0.,-0.));
#13085 = DIRECTION('',(-0.,0.,1.));
#13086 = ADVANCED_FACE('',(#13087),#13099,.F.);
#13087 = FACE_BOUND('',#13088,.F.);
#13088 = EDGE_LOOP('',(#13089,#13096,#13097,#13098));
#13089 = ORIENTED_EDGE('',*,*,#13090,.F.);
#13090 = EDGE_CURVE('',#12637,#12645,#13091,.T.);
#13091 = CIRCLE('',#13092,8.35);
#13092 = AXIS2_PLACEMENT_3D('',#13093,#13094,#13095);
#13093 = CARTESIAN_POINT('',(3.,0.,0.));
#13094 = DIRECTION('',(1.,0.,0.));
#13095 = DIRECTION('',(0.,0.,-1.));
#13096 = ORIENTED_EDGE('',*,*,#12634,.F.);
#13097 = ORIENTED_EDGE('',*,*,#12920,.T.);
#13098 = ORIENTED_EDGE('',*,*,#12653,.T.);
#13099 = CYLINDRICAL_SURFACE('',#13100,8.35);
#13100 = AXIS2_PLACEMENT_3D('',#13101,#13102,#13103);
#13101 = CARTESIAN_POINT('',(-20.6375,0.,0.));
#13102 = DIRECTION('',(1.,0.,0.));
#13103 = DIRECTION('',(0.,0.,-1.));
#13104 = ADVANCED_FACE('',(#13105),#13117,.F.);
#13105 = FACE_BOUND('',#13106,.F.);
#13106 = EDGE_LOOP('',(#13107,#13108,#13109,#13116));
#13107 = ORIENTED_EDGE('',*,*,#12676,.T.);
#13108 = ORIENTED_EDGE('',*,*,#12592,.F.);
#13109 = ORIENTED_EDGE('',*,*,#13110,.T.);
#13110 = EDGE_CURVE('',#12593,#12612,#13111,.T.);
#13111 = CIRCLE('',#13112,8.35);
#13112 = AXIS2_PLACEMENT_3D('',#13113,#13114,#13115);
#13113 = CARTESIAN_POINT('',(-3.,0.,0.));
#13114 = DIRECTION('',(1.,0.,0.));
#13115 = DIRECTION('',(0.,0.,-1.));
#13116 = ORIENTED_EDGE('',*,*,#12611,.T.);
#13117 = CYLINDRICAL_SURFACE('',#13118,8.35);
#13118 = AXIS2_PLACEMENT_3D('',#13119,#13120,#13121);
#13119 = CARTESIAN_POINT('',(-20.6375,0.,0.));
#13120 = DIRECTION('',(1.,0.,0.));
#13121 = DIRECTION('',(0.,0.,-1.));
#13122 = ADVANCED_FACE('',(#13123,#13133),#13137,.T.);
#13123 = FACE_BOUND('',#13124,.T.);
#13124 = EDGE_LOOP('',(#13125,#13126));
#13125 = ORIENTED_EDGE('',*,*,#12568,.T.);
#13126 = ORIENTED_EDGE('',*,*,#13127,.T.);
#13127 = EDGE_CURVE('',#12560,#12569,#13128,.T.);
#13128 = CIRCLE('',#13129,9.7);
#13129 = AXIS2_PLACEMENT_3D('',#13130,#13131,#13132);
#13130 = CARTESIAN_POINT('',(3.,0.,0.));
#13131 = DIRECTION('',(1.,0.,0.));
#13132 = DIRECTION('',(0.,0.,-1.));
#13133 = FACE_BOUND('',#13134,.T.);
#13134 = EDGE_LOOP('',(#13135,#13136));
#13135 = ORIENTED_EDGE('',*,*,#13090,.F.);
#13136 = ORIENTED_EDGE('',*,*,#12644,.F.);
#13137 = PLANE('',#13138);
#13138 = AXIS2_PLACEMENT_3D('',#13139,#13140,#13141);
#13139 = CARTESIAN_POINT('',(3.,9.7,0.));
#13140 = DIRECTION('',(1.,0.,0.));
#13141 = DIRECTION('',(0.,0.,-1.));
#13142 = ADVANCED_FACE('',(#13143),#13155,.T.);
#13143 = FACE_BOUND('',#13144,.T.);
#13144 = EDGE_LOOP('',(#13145,#13146,#13153,#13154));
#13145 = ORIENTED_EDGE('',*,*,#12559,.F.);
#13146 = ORIENTED_EDGE('',*,*,#13147,.T.);
#13147 = EDGE_CURVE('',#12528,#12536,#13148,.T.);
#13148 = CIRCLE('',#13149,10.);
#13149 = AXIS2_PLACEMENT_3D('',#13150,#13151,#13152);
#13150 = CARTESIAN_POINT('',(2.7,0.,0.));
#13151 = DIRECTION('',(1.,0.,0.));
#13152 = DIRECTION('',(0.,0.,-1.));
#13153 = ORIENTED_EDGE('',*,*,#12577,.T.);
#13154 = ORIENTED_EDGE('',*,*,#13127,.F.);
#13155 = TOROIDAL_SURFACE('',#13156,9.7,0.3);
#13156 = AXIS2_PLACEMENT_3D('',#13157,#13158,#13159);
#13157 = CARTESIAN_POINT('',(2.7,0.,0.));
#13158 = DIRECTION('',(1.,0.,0.));
#13159 = DIRECTION('',(0.,0.,-1.));
#13160 = ADVANCED_FACE('',(#13161),#13173,.T.);
#13161 = FACE_BOUND('',#13162,.T.);
#13162 = EDGE_LOOP('',(#13163,#13164,#13171,#13172));
#13163 = ORIENTED_EDGE('',*,*,#12527,.F.);
#13164 = ORIENTED_EDGE('',*,*,#13165,.T.);
#13165 = EDGE_CURVE('',#12494,#12503,#13166,.T.);
#13166 = CIRCLE('',#13167,10.);
#13167 = AXIS2_PLACEMENT_3D('',#13168,#13169,#13170);
#13168 = CARTESIAN_POINT('',(-2.7,0.,0.));
#13169 = DIRECTION('',(1.,0.,0.));
#13170 = DIRECTION('',(0.,0.,-1.));
#13171 = ORIENTED_EDGE('',*,*,#12544,.T.);
#13172 = ORIENTED_EDGE('',*,*,#13147,.F.);
#13173 = CYLINDRICAL_SURFACE('',#13174,10.);
#13174 = AXIS2_PLACEMENT_3D('',#13175,#13176,#13177);
#13175 = CARTESIAN_POINT('',(-20.6375,0.,0.));
#13176 = DIRECTION('',(1.,0.,0.));
#13177 = DIRECTION('',(0.,0.,-1.));
#13178 = ADVANCED_FACE('',(#13179),#13191,.T.);
#13179 = FACE_BOUND('',#13180,.T.);
#13180 = EDGE_LOOP('',(#13181,#13182,#13189,#13190));
#13181 = ORIENTED_EDGE('',*,*,#12493,.F.);
#13182 = ORIENTED_EDGE('',*,*,#13183,.T.);
#13183 = EDGE_CURVE('',#12485,#12483,#13184,.T.);
#13184 = CIRCLE('',#13185,9.7);
#13185 = AXIS2_PLACEMENT_3D('',#13186,#13187,#13188);
#13186 = CARTESIAN_POINT('',(-3.,0.,0.));
#13187 = DIRECTION('',(1.,0.,0.));
#13188 = DIRECTION('',(0.,0.,-1.));
#13189 = ORIENTED_EDGE('',*,*,#12511,.T.);
#13190 = ORIENTED_EDGE('',*,*,#13165,.F.);
#13191 = TOROIDAL_SURFACE('',#13192,9.7,0.3);
#13192 = AXIS2_PLACEMENT_3D('',#13193,#13194,#13195);
#13193 = CARTESIAN_POINT('',(-2.7,0.,0.));
#13194 = DIRECTION('',(1.,0.,0.));
#13195 = DIRECTION('',(0.,0.,-1.));
#13196 = ADVANCED_FACE('',(#13197,#13201),#13205,.T.);
#13197 = FACE_BOUND('',#13198,.T.);
#13198 = EDGE_LOOP('',(#13199,#13200));
#13199 = ORIENTED_EDGE('',*,*,#13110,.T.);
#13200 = ORIENTED_EDGE('',*,*,#12619,.T.);
#13201 = FACE_BOUND('',#13202,.T.);
#13202 = EDGE_LOOP('',(#13203,#13204));
#13203 = ORIENTED_EDGE('',*,*,#12482,.F.);
#13204 = ORIENTED_EDGE('',*,*,#13183,.F.);
#13205 = PLANE('',#13206);
#13206 = AXIS2_PLACEMENT_3D('',#13207,#13208,#13209);
#13207 = CARTESIAN_POINT('',(-3.,8.35,0.));
#13208 = DIRECTION('',(-1.,0.,-0.));
#13209 = DIRECTION('',(0.,0.,1.));
#13210 = ( GEOMETRIC_REPRESENTATION_CONTEXT(3) 
GLOBAL_UNCERTAINTY_ASSIGNED_CONTEXT((#13214)) 
GLOBAL_UNIT_ASSIGNED_CONTEXT((#13211,#13212,#13213)) 
REPRESENTATION_CONTEXT('Context #1',
  '3D Context with UNIT and UNCERTAINTY') );
#13211 = ( LENGTH_UNIT() NAMED_UNIT(*) SI_UNIT(.MILLI.,.METRE.) );
#13212 = ( NAMED_UNIT(*) PLANE_ANGLE_UNIT() SI_UNIT($,.RADIAN.) );
#13213 = ( NAMED_UNIT(*) SI_UNIT($,.STERADIAN.) SOLID_ANGLE_UNIT() );
#13214 = UNCERTAINTY_MEASURE_WITH_UNIT(LENGTH_MEASURE(1.E-07),#13211,
  'distance_accuracy_value','confusion accuracy');
#13215 = SHAPE_DEFINITION_REPRESENTATION(#13216,#12475);
#13216 = PRODUCT_DEFINITION_SHAPE('','',#13217);
#13217 = PRODUCT_DEFINITION('design','',#13218,#13221);
#13218 = PRODUCT_DEFINITION_FORMATION('','',#13219);
#13219 = PRODUCT(
'instrument ball bearing_68_am_AFBMA 12.1.4.1 - 0090-20 - 
Full,SI,NC,Full_68',
'instrument ball bearing_68_am_AFBMA 12.1.4.1 - 0090-20 - 
Full,SI,NC,Full_68','',(#13220));
#13220 = MECHANICAL_CONTEXT('',#2,'mechanical');
#13221 = PRODUCT_DEFINITION_CONTEXT('part definition',#2,'design');
#13222 = CONTEXT_DEPENDENT_SHAPE_REPRESENTATION(#13223,#13225);
#13223 = ( REPRESENTATION_RELATIONSHIP('','',#12475,#10) 
REPRESENTATION_RELATIONSHIP_WITH_TRANSFORMATION(#13224) 
SHAPE_REPRESENTATION_RELATIONSHIP() );
#13224 = ITEM_DEFINED_TRANSFORMATION('','',#11,#43);
#13225 = PRODUCT_DEFINITION_SHAPE('Placement','Placement of an item',
  #13226);
#13226 = NEXT_ASSEMBLY_USAGE_OCCURRENCE('8','NAUO8','',#5,#13217,$);
#13227 = PRODUCT_TYPE('part',$,(#13219));
#13228 = MECHANICAL_DESIGN_GEOMETRIC_PRESENTATION_REPRESENTATION('',(
    #13229),#9399);
#13229 = STYLED_ITEM('color',(#13230),#6741);
#13230 = PRESENTATION_STYLE_ASSIGNMENT((#13231));
#13231 = SURFACE_STYLE_USAGE(.BOTH.,#13232);
#13232 = SURFACE_SIDE_STYLE('',(#13233));
#13233 = SURFACE_STYLE_FILL_AREA(#13234);
#13234 = FILL_AREA_STYLE('',(#13235));
#13235 = FILL_AREA_STYLE_COLOUR('',#13236);
#13236 = COLOUR_RGB('',0.792156867455,0.819607826924,0.933333342953);
#13237 = MECHANICAL_DESIGN_GEOMETRIC_PRESENTATION_REPRESENTATION('',(
    #13238),#6722);
#13238 = STYLED_ITEM('color',(#13239),#3655);
#13239 = PRESENTATION_STYLE_ASSIGNMENT((#13240));
#13240 = SURFACE_STYLE_USAGE(.BOTH.,#13241);
#13241 = SURFACE_SIDE_STYLE('',(#13242));
#13242 = SURFACE_STYLE_FILL_AREA(#13243);
#13243 = FILL_AREA_STYLE('',(#13244));
#13244 = FILL_AREA_STYLE_COLOUR('',#13236);
#13245 = MECHANICAL_DESIGN_GEOMETRIC_PRESENTATION_REPRESENTATION('',(
    #13246),#13210);
#13246 = STYLED_ITEM('color',(#13247),#12476);
#13247 = PRESENTATION_STYLE_ASSIGNMENT((#13248));
#13248 = SURFACE_STYLE_USAGE(.BOTH.,#13249);
#13249 = SURFACE_SIDE_STYLE('',(#13250));
#13250 = SURFACE_STYLE_FILL_AREA(#13251);
#13251 = FILL_AREA_STYLE('',(#13252));
#13252 = FILL_AREA_STYLE_COLOUR('',#13236);
#13253 = MECHANICAL_DESIGN_GEOMETRIC_PRESENTATION_REPRESENTATION('',(
    #13254),#11704);
#13254 = STYLED_ITEM('color',(#13255),#11290);
#13255 = PRESENTATION_STYLE_ASSIGNMENT((#13256));
#13256 = SURFACE_STYLE_USAGE(.BOTH.,#13257);
#13257 = SURFACE_SIDE_STYLE('',(#13258));
#13258 = SURFACE_STYLE_FILL_AREA(#13259);
#13259 = FILL_AREA_STYLE('',(#13260));
#13260 = FILL_AREA_STYLE_COLOUR('',#13236);
#13261 = MECHANICAL_DESIGN_GEOMETRIC_PRESENTATION_REPRESENTATION('',(
    #13262),#11271);
#13262 = STYLED_ITEM('color',(#13263),#10323);
#13263 = PRESENTATION_STYLE_ASSIGNMENT((#13264));
#13264 = SURFACE_STYLE_USAGE(.BOTH.,#13265);
#13265 = SURFACE_SIDE_STYLE('',(#13266));
#13266 = SURFACE_STYLE_FILL_AREA(#13267);
#13267 = FILL_AREA_STYLE('',(#13268));
#13268 = FILL_AREA_STYLE_COLOUR('',#13236);
#13269 = MECHANICAL_DESIGN_GEOMETRIC_PRESENTATION_REPRESENTATION('',(
    #13270),#3636);
#13270 = STYLED_ITEM('color',(#13271),#54);
#13271 = PRESENTATION_STYLE_ASSIGNMENT((#13272));
#13272 = SURFACE_STYLE_USAGE(.BOTH.,#13273);
#13273 = SURFACE_SIDE_STYLE('',(#13274));
#13274 = SURFACE_STYLE_FILL_AREA(#13275);
#13275 = FILL_AREA_STYLE('',(#13276));
#13276 = FILL_AREA_STYLE_COLOUR('',#13236);
#13277 = MECHANICAL_DESIGN_GEOMETRIC_PRESENTATION_REPRESENTATION('',(
    #13278),#10304);
#13278 = STYLED_ITEM('color',(#13279),#9418);
#13279 = PRESENTATION_STYLE_ASSIGNMENT((#13280));
#13280 = SURFACE_STYLE_USAGE(.BOTH.,#13281);
#13281 = SURFACE_SIDE_STYLE('',(#13282));
#13282 = SURFACE_STYLE_FILL_AREA(#13283);
#13283 = FILL_AREA_STYLE('',(#13284));
#13284 = FILL_AREA_STYLE_COLOUR('',#13236);
#13285 = MECHANICAL_DESIGN_GEOMETRIC_PRESENTATION_REPRESENTATION('',(
    #13286),#12457);
#13286 = STYLED_ITEM('color',(#13287),#11723);
#13287 = PRESENTATION_STYLE_ASSIGNMENT((#13288));
#13288 = SURFACE_STYLE_USAGE(.BOTH.,#13289);
#13289 = SURFACE_SIDE_STYLE('',(#13290));
#13290 = SURFACE_STYLE_FILL_AREA(#13291);
#13291 = FILL_AREA_STYLE('',(#13292));
#13292 = FILL_AREA_STYLE_COLOUR('',#13236);
ENDSEC;
END-ISO-10303-21;
